Workbook
Name diploma: #REF!
Name diploma: #REF!
Name diploma: #REF!
Name diploma: #REF!

Sheet DAFTAR ISI
A1: NAMA SHEET | B1: KETERANGAN
A2: Isian Prodi | B2: Wajib diisi oleh semua PS
A3: Kertas Kerja | B3: Wajib diisi oleh semua PS
A4: Form Monev PT | B4: Diisi oleh Rektorat bersama Direktorat
A5: Form Monev UPPS BAN-PT | B5: Diisi oleh UPPS yang mengelola PS yang diakreditasi oleh BANPT
A6: Form Monev UPPS LAM INFOKOM | B6: Diisi oleh UPPS yang mengelola PS yang diakreditasi oleh LAM INFOKOM
A7: Form Monev UPPS LAM PTKES NERS | B7: Diisi oleh UPPS yang mengelola PS yang diakreditasi oleh LAM PTKES NERS
A8: Form Monev UPPS LAM PTKES GIZI | B8: Diisi oleh UPPS yang mengelola PS yang diakreditasi oleh LAM PTKES GIZI
A9: Form Monev UPPS LAMDIK | B9: Diisi oleh UPPS yang mengelola PS yang diakreditasi oleh LAMDIK
A10: Form Monev UPPS LAMEMBA | B10: Diisi oleh UPPS yang mengelola PS yang diakreditasi oleh LAMEMBA
A11: Form Monev UPPS LAMSAMA | B11: Diisi oleh UPPS yang mengelola PS yang diakreditasi oleh LAMSAMA
A12: Form Monev UPSS LAMTEK | B12: Diisi oleh UPPS yang mengelola PS yang diakreditasi oleh LAMTEK
... A26: Analisis SWOT | B26: Dapat Digunakan PS dan UPPS untuk menyusun Analisis SWOT

Sheet Isian Prodi
A1: ISIAN PROGRAM STUDI
A3: PETUNJUK PENGISIAN: SEL YANG DIISI PRODI HANYA YANG BERWARNA KUNING
A5: Nama Prodi : | C5: PRODI S2
A6: Nama UPPS : | C6: Fakultas/Departemen A
A7: Peringkat Terakreditasi : | C7: C
A8: Jenis prodi : (1 : Prodi sains teknologi; 2 : Prodi sosial humaniora)
A9: Jumlah kebutuhan lulusan : 1: Tinggi; 2: Rendah.
A11: Tabel 1 Jumlah Kerjasama Tridharma | G11: Konfirmasi Auditor
A12: Tahun Akademik | B12: Tingkat | C12: Pendidikan | D12: Penelitian | E12: Pengabdian kepada Masyarakat | G12: Tahun Akademik | H12: Tingkat | I12: Pendidikan | J12: Penelitian | K12: Pengabdian kepada Masyarakat
A13: 1 | B13: 2 | C13: 3 | D13: 4 | E13: 5 | G13: 1 | H13: 2 | I13: 3 | J13: 4 | K13: 5
A14: TS-2 | B14: Internasional | G14: TS-2 | H14: Internasional
A15: TS-1 | G15: TS-1
A16: TS | G16: TS
A17: Jumlah | C17: =SUM(C14:C16) -> 0 | D17: =SUM(D14:D16) -> 0 | E17: =SUM(E14:E16) -> 0 | G17: Jumlah | I17: =SUM(I14:I16) -> 0 | J17: =SUM(J14:J16) -> 0 | K17: =SUM(K14:K16) -> 0
A18: TS-2 | B18: Nasional | G18: TS-2 | H18: Nasional
A19: TS-1 | G19: TS-1
A20: TS | G20: TS
A21: Jumlah | C21: =SUM(C18:C20) -> 0 | D21: =SUM(D18:D20) -> 0 | E21: =SUM(E18:E20) -> 0 | G21: Jumlah | I21: =SUM(I18:I20) -> 0 | J21: =SUM(J18:J20) -> 0 | K21: =SUM(K18:K20) -> 0
A22: TS-2 | B22: Lokal/Wilayah | G22: TS-2 | H22: Lokal/Wilayah
A23: TS-1 | G23: TS-1
A24: TS | G24: TS
A25: Jumlah | C25: =SUM(C22:C24) -> 0 | D25: =SUM(D22:D24) -> 0 | E25: =SUM(E22:E24) -> 0 | G25: Jumlah | I25: =SUM(I22:I24) -> 0 | J25: =SUM(J22:J24) -> 0 | K25: =SUM(K22:K24) -> 0
A27: Tabel 2 Seleksi Mahasiswa Baru | J27: Konfirmasi Auditor
A28: Tahun Akademik | B28: Daya Tampung | C28: Jumlah Calon Mahasiswa | E28: Jumlah Mahasiswa Baru | G28: Jumlah Mahasiswa Aktif | J28: Tahun Akademik | K28: Daya Tampung | L28: Jumlah Calon Mahasiswa | N28: Jumlah Mahasiswa Baru | P28: Jumlah Mahasiswa Aktif
C29: Pendaftar | D29: Lulus Seleksi | E29: Reguler | F29: Transfer*) | G29: Reguler | H29: Transfer*) | L29: Pendaftar | M29: Lulus Seleksi | N29: Reguler | O29: Transfer*) | P29: Reguler | Q29: Transfer*)
A30: 1 | B30: 2 | C30: 3 | D30: 4 | E30: 5 | F30: 6 | G30: 7 | H30: 8 | J30: 1 | K30: 2 | L30: 3 | M30: 4 | N30: 5 | O30: 6 | P30: 7 | Q30: 8
A31: TS-4 | J31: TS-4
A32: TS-3 | J32: TS-3
A33: TS-2 | J33: TS-2
A34: TS-1 | J34: TS-1
A35: TS | J35: TS
A36: Jumlah | B36: =SUM(B31:B35) -> 0 | C36: =SUM(C31:C35) -> 0 | D36: =SUM(D31:D35) -> 0 | E36: =SUM(E31:E35) -> 0 | F36: =SUM(F31:F35) -> 0 | G36: =SUM(G35:H35) -> 0 | J36: Jumlah | K36: =SUM(K31:K35) -> 0 | L36: =SUM(L31:L35) -> 0 | M36: =SUM(M31:M35) -> 0 | N36: =SUM(N31:N35) -> 0 | O36: =SUM(O31:O35) -> 0 | P36: =SUM(P35:Q35) -> 0
A38: Tabel 3 Jumlah Mahasiswa Asing | E38: Konfirmasi Auditor
A39: Tahun Akademik | B39: Jumlah Mahasiswa Aktif | C39: Jumlah Mahasiswa Asing | E39: Tahun Akademik | F39: Jumlah Mahasiswa Aktif | G39: Jumlah Mahasiswa Asing
A40: 1 | B40: 2 | C40: 3 | E40: 1 | F40: 2 | G40: 3
A41: TS-4 | B41: =SUM(G31:H31) -> 0 | E41: TS-4 | F41: =SUM(K31:L31) -> 0
A42: TS-3 | B42: =SUM(G32:H32) -> 0 | E42: TS-3 | F42: =SUM(K32:L32) -> 0
A43: TS-2 | B43: =SUM(G33:H33) -> 0 | E43: TS-2 | F43: =SUM(K33:L33) -> 0
A44: TS-1 | B44: =SUM(G34:H34) -> 0 | E44: TS-1 | F44: =SUM(K34:L34) -> 0
A45: TS | B45: =SUM(G35:H35) -> 0 | E45: TS | F45: =SUM(K35:L35) -> 0
A46: Jumlah | B46: =G36 -> 0 | C46: =SUM(C41:C45) -> 0 | E46: Jumlah | F46: =K36 -> 0 | G46: =SUM(G41:G45) -> 0
A48: Tabel Jumlah Kegiatan Nonkurikuler Mahasiswa | E48: Tabel Jumlah Kegiatan Nonkurikuler Mahasiswa
A49: Tahun Akademik | B49: Jumlah Kegiatan | E49: Tahun Akademik | F49: Jumlah Kegiatan
A50: 1 | B50: 2 | E50: 1 | F50: 2
A51: TS | E51: TS
A52: TS-1 | E52: TS-1
A53: TS-2 | E53: TS-2
A54: TS-3 | E54: TS-3
A55: Jumlah seluruh kegiatan | B55: =SUM(B51:B54) -> 0 | E55: Jumlah seluruh kegiatan | F55: =SUM(F51:F54) -> 0
A57: Tabel 4 Jumlah Dosen Tetap Program Studi | E57: Konfirmasi Auditor
A58: Keterangan | C58: Jumlah | E58: Keterangan | G58: Jumlah
A59: Jumlah dosen tetap yang terlibat dalam penyelenggaraan pendidikan (NDT) | E59: Jumlah dosen tetap yang terlibat dalam penyelenggaraan pendidikan (NDT)
A60: Jumlah dosen pengampu matakuliah inti program studi (NDTPS) | E60: Jumlah dosen pengampu matakuliah inti program studi (NDTPS)
A61: Dosen DTPS berpendidikan S3 | E61: Dosen DTPS berpendidikan S3
A62: Dosen DTPS berjafa GB | E62: Dosen DTPS berjafa GB
A63: Dosen DTPS berjafa LK | E63: Dosen DTPS berjafa LK
A64: Dosen DTPS berjafa L | E64: Dosen DTPS berjafa L
A65: Dosen DTPS yang memiliki sertifikat kompetensi/profesi/ industri. | E65: Dosen DTPS yang memiliki sertifikat kompetensi/profesi/ industri.
A66: Dosen tidak tetap | E66: Dosen tidak tetap
A67: Jumlah mata kuliah kompetensi yang diampu oleh dosen industri/ praktisi. | D67: Untuk D3 dan D4 | E67: Jumlah mata kuliah kompetensi yang diampu oleh dosen industri/ praktisi.
A68: Jumlah mata kuliah kompetensi | E68: Jumlah mata kuliah kompetensi
A69: Rata-rata EWMP DTPS per semester pada saat TS. | E69: Rata-rata EWMP DTPS per semester pada saat TS.
A70: Jumlah Rekognisi DTPS dalam 3 tahun terakhir (dihitung per DTPS, bisa memilih salah satu) | B70: a) menjadi visiting lecturer atau visiting scholar di program studi/perguruan tinggi terakreditasi A/Unggul atau program studi/perguruan tinggi internasional bereputasi. | E70: Jumlah Rekognisi DTPS dalam 3 tahun terakhir (dihitung per DTPS, bisa memilih salah satu) | F70: a) menjadi visiting lecturer atau visiting scholar di program studi/perguruan tinggi terakreditasi A/Unggul atau program studi/perguruan tinggi internasional bereputasi.
B71: b) menjadi keynote speaker/invited speaker pada pertemuan ilmiah tingkat nasional/ internasional. | F71: b) menjadi keynote speaker/invited speaker pada pertemuan ilmiah tingkat nasional/ internasional.
B72: c) menjadi editor atau mitra bestari pada jurnal nasional terakreditasi/jurnal internasional bereputasi di bidang yang sesuai dengan bidang program studi. | F72: c) menjadi editor atau mitra bestari pada jurnal nasional terakreditasi/jurnal internasional bereputasi di bidang yang sesuai dengan bidang program studi.
B73: d) menjadi staf ahli/ narasumber di lembaga tingkat wilayah/nasional/ internasional pada bidang yang sesuai dengan bidang program studi | D73: Untuk S1, S2 dan S3 | F73: d) menjadi staf ahli/ narasumber di lembaga tingkat wilayah/nasional/ internasional pada bidang yang sesuai dengan bidang program studi
B74: d) menjadi tenaga ahli/ konsultan di lembaga/industri tingkat wilayah/nasional/ internasional pada bidang yang sesuai dengan bidang program studi | D74: Untuk D3 dan D4 | F74: d) menjadi tenaga ahli/ konsultan di lembaga/industri tingkat wilayah/nasional/ internasional pada bidang yang sesuai dengan bidang program studi
B75: e) mendapat penghargaan atas prestasi dan kinerja di tingkat wilayah/nasional/ internasional. | F75: e) mendapat penghargaan atas prestasi dan kinerja di tingkat wilayah/nasional/ internasional.
C76: =SUM(C70:C75) -> 0 | G76: =SUM(G70:G75) -> 0
A78: Tabel 5 Dosen Pembimbing Utama Tugas Akhir | D78: Konfirmasi Auditor
A79: Keterangan | B79: Jumlah | D79: Keterangan | E79: Jumlah
A80: Dosen pembimbing utama | D80: Dosen pembimbing utama
A81: Mahasiswa bimbingan | D81: Mahasiswa bimbingan
A83: Tabel 6 Keuangan, Sarana dan Prasarana | D83: Konfirmasi Auditor
A84: Keterangan | B84: Jumlah | D84: Keterangan | E84: Jumlah
A85: Total dana operasional pendidikan dalam 3 tahun terakhir (dalam juta) | D85: Total dana operasional pendidikan dalam 3 tahun terakhir (dalam juta)
A86: Total perolehan dana penelitian dalam 3 tahun terakhir (dalam juta) | D86: Total perolehan dana penelitian dalam 3 tahun terakhir (dalam juta)
A87: Total perolehan dana PkM dalam 3 tahun terakhir (dalam juta) | D87: Total perolehan dana PkM dalam 3 tahun terakhir (dalam juta)
A89: Tabel 7 Jumlah Penelitian berdasarkan Sumber Pendanaannya | G89: Konfirmasi Auditor
A90: Keterangan | B90: Jumlah Judul | E90: Jumlah | G90: Keterangan | H90: Jumlah Judul | K90: Jumlah
B91: TS-2 | C91: TS-1 | D91: TS | H91: TS-2 | I91: TS-1 | J91: TS
A92: a) Perguruan Tinggi b) Mandiri | E92: =SUM(B92:D92) -> 0 | G92: a) Perguruan Tinggi b) Mandiri | K92: =SUM(H92:J92) -> 0
A93: Lembaga Dalam Negeri (di Luar PT) | E93: =SUM(B93:D93) -> 0 | G93: Lembaga Dalam Negeri (di Luar PT) | K93: =SUM(H93:J93) -> 0
A94: Lembaga Luar Negeri | E94: =SUM(B94:D94) -> 0 | G94: Lembaga Luar Negeri | K94: =SUM(H94:J94) -> 0
A96: Tabel 8 Jumlah PkM berdasarkan Sumber Pendanaannya | G96: Tabel 8 Jumlah PkM berdasarkan Sumber Pendanaannya
A97: Keterangan | B97: Jumlah Judul | E97: Jumlah | G97: Keterangan | H97: Jumlah Judul | K97: Jumlah
B98: TS-2 | C98: TS-1 | D98: TS | H98: TS-2 | I98: TS-1 | J98: TS
A99: a) Perguruan Tinggi b) Mandiri | E99: =SUM(B99:D99) -> 0 | G99: a) Perguruan Tinggi b) Mandiri | K99: =SUM(H99:J99) -> 0
A100: Lembaga Dalam Negeri (di Luar PT) | E100: =SUM(B100:D100) -> 0 | G100: Lembaga Dalam Negeri (di Luar PT) | K100: =SUM(H100:J100) -> 0
A101: Lembaga Luar Negeri | E101: =SUM(B101:D101) -> 0 | G101: Lembaga Luar Negeri | K101: =SUM(H101:J101) -> 0
A103: Tabel 9 Jumlah Publikasi Ilmiah DTPS | F103: S1 - S3 | G103: Tabel 9 Jumlah Publikasi Ilmiah DTPS
A104: Keterangan | B104: Jumlah Judul | E104: Jumlah | G104: Keterangan | H104: Jumlah Judul | K104: Jumlah
B105: TS-2 | C105: TS-1 | D105: TS | H105: TS-2 | I105: TS-1 | J105: TS
A106: Jurnal Nasional Tidak Terakreditasi | E106: =SUM(B106:D106) -> 0 | G106: Jurnal Nasional Tidak Terakreditasi | K106: =SUM(H106:J106) -> 0
A107: Jurnal Nasional Terakreditasi | E107: =SUM(B107:D107) -> 0 | G107: Jurnal Nasional Terakreditasi | K107: =SUM(H107:J107) -> 0
A108: Jurnal Internasional | E108: =SUM(B108:D108) -> 0 | G108: Jurnal Internasional | K108: =SUM(H108:J108) -> 0
A109: Jurnal Internasional Bereputasi | E109: =SUM(B109:D109) -> 0 | G109: Jurnal Internasional Bereputasi | K109: =SUM(H109:J109) -> 0
A110: Seminar Wilayah/Lokal/ Perguruan Tinggi | E110: =SUM(B110:D110) -> 0 | G110: Seminar Wilayah/Lokal/ Perguruan Tinggi | K110: =SUM(H110:J110) -> 0
A111: Seminar Nasional | E111: =SUM(B111:D111) -> 0 | G111: Seminar Nasional | K111: =SUM(H111:J111) -> 0
A112: Seminar Internasional | E112: =SUM(B112:D112) -> 0 | G112: Seminar Internasional | K112: =SUM(H112:J112) -> 0
...

Sheet Kertas Kerja
A1: KERTAS KERJA AUDIT MUTU INTERNAL
A2: PROGRAM MAGISTER
A4: PETUNJUK PENGISIAN: SEL YANG DIISI PRODI HANYA YANG BERWARNA KUNING, SEL YANG DIISI auditor mutu INTERNAL HANYA YANG BERWARNA BIRU
A6: NO. | B6: ELEMEN | C6: INDIKATOR DAN PENILAIAN | E6: DOKUMEN BUKTI | F6: EVALUASI DIRI PROGRAM STUDI | G6: MANAJEMEN RISIKO | K6: SKOR AUDITOR MUTU | L6: DESKRIPSI TEMUAN AUDITOR MUTU INTERNAL | M6: REKOMENDASI AUDITOR MUTU INTERNAL | N6: VALIDATOR
G7: IDENTIFIKASI RISIKO | H7: TINGKAT KEMUNGKINAN | I7: SKALA DAMPAK | J7: LEVEL RISIKO
A8: 1 | B8: A | C8: Kondisi Eksternal Konsistensi dengan hasil analisis SWOT dan/atau analisis lain serta rencana pengembangan ke depan. | E8: (1) Laporan hasil analisis SWOT yang dilakukan maksimal dalam 2 tahun terakhir. (2) Rencana strategis fakultas yang telah disahkan dengan SK Rektor. | F8: Deskripsi dan penjelasan tentang : 1. Capaian terhadap indikator 2. Faktor pendukung dan faktor penghambat 3. Masalah dan akar masalah yang dihadapi 4. Data dan dokumen pendukung | G8: Deskripsi dan penjelasan tentang : 1. Peristiwa yang mungkin terjadi terkait dengan indikator 2. Dampak dari terjadinya peristiwa yang mungkin terjadi terkait dengan indikator | H8: A | I8: 1 | J8: =IF((IF(OR((H8&"."&I8)=$R$8,(H8&"."&I8)=$S$8,(H8&"."&I8)=$T$8,(H8&"."&I8)=$U$8,(H8&"."&I8)=$V$8,(H8&"."&I8)=$W$8),1,0))=1,"EKSTREM",IF((IF(OR((H8&"."&I8)=$R$9,(H8&"."&I8)=$S$9,(H8&"."&I8)=$T$9,(H8&"."&I8)=$U$9,(H8&"."&I8)=$V$9,(H8&"."&I8)=$W$9,(H8&"."&I8)=$X$9),1,0))=1,"TINGGI",IF((IF(OR((H8&"."&I8)=$R$10,(H8&"."&I8)=$S$10,(H8&"."&I8)=$T$10,(H8&"."&I8)=$U$10,(H8&"."&I8)=$V$10,(H8&"."&I8)=$W$10),1,0))=1,"MODERAT",IF((IF(OR((H8&"."&I8)=$R$11,(H8&"."&I8)=$S$11,(H8&"."&I8)=$T$11,(H8&"."&I8)=$U$11,(H8&"."&I8)=$V$11,(H8&"."&I8)=$W$11),1,0))=1,"RENDAH","-")))) -> RENDAH | K8: 0 | L8: Temuan Minor: (1) (2) (3) dst… Temuan Mayor: (1) (2) (3) dst… | M8: Rekomendasi berdasarkan temuan AMI, antara lain sebagai berikut: (1) (2) (3) dst… | P8: E | Q8: EKSTREM | R8: E.4 | S8: E.5 | T8: D.4 | U8: D.5 | V8: C.5 | W8: B.5
C9: 4 | D9: Unit Pengelola Program Studi (UPPS) mampu: 1) mengidentifikasi kondisi lingkungan dan industri yang relevan secara komprehensif dan strategis, 2) menetapkan posisi relatif program studi terhadap lingkungannya, 3) menggunakan hasil identifikasi dan posisi yang ditetapkan untuk melakukan analisis (SWOT/metoda analisis lain yang relevan) untuk pengembangan program studi, dan 4) merumuskan strategi pengembangan program studi yang berkesesuaian untuk menghasilkan program-program pengembangan alternatif yang tepat. | P9: T | Q9: TINGGI | R9: E.3 | S9: D.3 | T9: C.4 | U9: C.3 | V9: B.4 | W9: A.5 | X9: A.4
C10: 3 | D10: Unit Pengelola Program Studi (UPPS) mampu: 1) mengidentifikasi kondisi lingkungan dan industri yang relevan secara komprehensif, 2) menetapkan posisi relatif program studi terhadap lingkungannya, dan 3) menggunakan hasil identifikasi dan posisi yang ditetapkan untuk melakukan analisis (SWOT/metoda analisis lain yang relevan) untuk pengembangan program studi. | P10: M | Q10: MODERAT | R10: E.1 | S10: E.2 | T10: D.2 | U10: C.2 | V10: B.3 | W10: A.3
C11: 2 | D11: Unit Pengelola Program Studi (UPPS) mampu: 1) mengidentifikasi kondisi lingkungan dan industri yang relevan, dan 2) menetapkan posisi relatif program studi terhadap lingkungannya. | P11: R | Q11: RENDAH | R11: D.1 | S11: C.1 | T11: B.1 | U11: B.2 | V11: A.2 | W11: A.1
C12: 1 | D12: Unit Pengelola Program Studi (UPPS) kurang mampu: 1) mengidentifikasi kondisi lingkungan dan industri yang relevan, dan 2) menetapkan posisi relatif program studi terhadap lingkungannya.
C13: 0 | D13: Unit Pengelola Program Studi (UPPS) tidak mampu: 1) mengidentifikasi kondisi lingkungan dan industri yang relevan, dan 2) menetapkan posisi relatif program studi terhadap lingkungannya.
C14: Skor | K14: =IF(OR(ISBLANK(K8),K8<0,K8>4),0,K8) -> 0
A16: =A8+1 -> 2 | B16: B | C16: Profil Unit Pengelola Program Studi Keserbacakupan informasi dalam profil dan konsistensi antara profil dengan data dan informasi yang disampaikan pada masing-masing kriteria, serta menunjukkan iklim yang kondusif untuk pengembangan dan reputasi sebagai rujukan di bidang keilmuannya. | E16: (1) Profil fakultas yang memuat visi misi, gambaran umum tata pamong, sistem admisi, layanan kemahasiswaan yang tersedia, kualitas dan kuantitas dosen serta tenaga kependidikan, biaya pendidikan, sarana prasarana yang tersedia, kurikulum, karya penelitian dan PkM dosen, produk unggulan fakultas dan program studi, serta informasi lain yang relevan. | F16: Deskripsi dan penjelasan tentang : 1. Capaian terhadap indikator 2. Faktor pendukung dan faktor penghambat 3. Masalah dan akar masalah yang dihadapi 4. Data dan dokumen pendukung | G16: Deskripsi dan penjelasan tentang : 1. Peristiwa yang mungkin terjadi terkait dengan indikator 2. Dampak dari terjadinya peristiwa yang mungkin terjadi terkait dengan indikator | H16: A | I16: 1 | J16: =IF((IF(OR((H16&"."&I16)=$R$8,(H16&"."&I16)=$S$8,(H16&"."&I16)=$T$8,(H16&"."&I16)=$U$8,(H16&"."&I16)=$V$8,(H16&"."&I16)=$W$8),1,0))=1,"EKSTREM",IF((IF(OR((H16&"."&I16)=$R$9,(H16&"."&I16)=$S$9,(H16&"."&I16)=$T$9,(H16&"."&I16)=$U$9,(H16&"."&I16)=$V$9,(H16&"."&I16)=$W$9,(H16&"."&I16)=$X$9),1,0))=1,"TINGGI",IF((IF(OR((H16&"."&I16)=$R$10,(H16&"."&I16)=$S$10,(H16&"."&I16)=$T$10,(H16&"."&I16)=$U$10,(H16&"."&I16)=$V$10,(H16&"."&I16)=$W$10),1,0))=1,"MODERAT",IF((IF(OR((H16&"."&I16)=$R$11,(H16&"."&I16)=$S$11,(H16&"."&I16)=$T$11,(H16&"."&I16)=$U$11,(H16&"."&I16)=$V$11,(H16&"."&I16)=$W$11),1,0))=1,"RENDAH","-")))) -> RENDAH | K16: 0 | L16: Temuan Minor: (1) (2) (3) dst… Temuan Mayor: (1) (2) (3) dst… | M16: Rekomendasi berdasarkan temuan AMI, antara lain sebagai berikut: (1) (2) (3) dst…
C17: 4 | D17: Profil UPPS: 1) menunjukkan keserbacakupan informasi yang jelas dan konsisten dengan data dan informasi yang disampaikan pada masing-masing kriteria, 2) menggambarkan keselarasan dengan substansi keilmuan program studi. 3) menunjukkan iklim yang kondusif untuk pengembangan keilmuan program studi. 4) menunjukkan reputasi sebagai rujukan di bidang keilmuannya.
C18: 3 | D18: Profil UPPS: 1) menunjukkan keserbacakupan informasi yang jelas dan konsisten dengan data dan informasi yang disampaikan pada masing-masing kriteria, 2) menggambarkan keselarasan dengan substansi keilmuan program studi. 3) menunjukkan iklim yang kondusif untuk pengembangan keilmuan program studi.
C19: 2 | D19: Profil UPPS: 1) menunjukkan keserbacakupan informasi yang jelas dengan data dan informasi yang disampaikan pada masing-masing kriteria, 2) menggambarkan keselarasan dengan substansi keilmuan program studi.
C20: 1 | D20: Profil UPPS: 1) kurang menunjukkan keserbacakupan informasi yang jelas dengan data dan informasi yang disampaikan pada masing-masing kriteria, 2) kurang menggambarkan keselarasan dengan substansi keilmuan program studi.
C21: 0 | D21: Profil UPPS tidak menunjukkan keserbacakupan informasi yang jelas dengan data dan informasi yang disampaikan pada masing-masing kriteria.
C22: Skor | K22: =IF(OR(ISBLANK(K16),K16<0,K16>4),0,K16) -> 0
A24: =A16+1 -> 3 | B24: C Kriteria C.1 Visi, Misi, Tujuan dan Strategi C.1.4 Indikator Kinerja Utama | C24: Kesesuaian Visi, Misi, Tujuan dan Strategi (VMTS) Unit Pengelola Program Studi (UPPS) terhadap VMTS Perguruan Tinggi (PT) dan visi keilmuan Program Studi (PS) yang dikelolanya. | E24: (1) VMTS fakultas yang telah disahkan dengan SK Rektor (2) Visi keilmuan program studi yang telah disahkan dengan SK Rektor | F24: Deskripsi dan penjelasan tentang : 1. Capaian terhadap indikator 2. Faktor pendukung dan faktor penghambat 3. Masalah dan akar masalah yang dihadapi 4. Data dan dokumen pendukung | G24: Deskripsi dan penjelasan tentang : 1. Peristiwa yang mungkin terjadi terkait dengan indikator 2. Dampak dari terjadinya peristiwa yang mungkin terjadi terkait dengan indikator | H24: A | I24: 1 | J24: =IF((IF(OR((H24&"."&I24)=$R$8,(H24&"."&I24)=$S$8,(H24&"."&I24)=$T$8,(H24&"."&I24)=$U$8,(H24&"."&I24)=$V$8,(H24&"."&I24)=$W$8),1,0))=1,"EKSTREM",IF((IF(OR((H24&"."&I24)=$R$9,(H24&"."&I24)=$S$9,(H24&"."&I24)=$T$9,(H24&"."&I24)=$U$9,(H24&"."&I24)=$V$9,(H24&"."&I24)=$W$9,(H24&"."&I24)=$X$9),1,0))=1,"TINGGI",IF((IF(OR((H24&"."&I24)=$R$10,(H24&"."&I24)=$S$10,(H24&"."&I24)=$T$10,(H24&"."&I24)=$U$10,(H24&"."&I24)=$V$10,(H24&"."&I24)=$W$10),1,0))=1,"MODERAT",IF((IF(OR((H24&"."&I24)=$R$11,(H24&"."&I24)=$S$11,(H24&"."&I24)=$T$11,(H24&"."&I24)=$U$11,(H24&"."&I24)=$V$11,(H24&"."&I24)=$W$11),1,0))=1,"RENDAH","-")))) -> RENDAH | K24: 0 | L24: Temuan Minor: (1) (2) (3) dst… Temuan Mayor: (1) (2) (3) dst… | M24: Rekomendasi berdasarkan temuan AMI, antara lain sebagai berikut: (1) (2) (3) dst…
C25: 4 | D25: UPPS memiliki: 1) visi yang mencerminkan visi perguruan tinggi dan memayungi visi keilmuan terkait keunikan program studi serta didukung data konsistensi implementasinya, 2) misi, tujuan, dan strategi yang searah dan bersinerji dengan misi, tujuan, dan strategi perguruan tinggi serta mendukung pengembangan program studi dengan data konsistensi implementasinya.
C26: 3 | D26: UPPS memiliki: 1) visi yang mencerminkan visi perguruan tinggi dan memayungi visi keilmuan terkait keunikan program studi, 2) misi, tujuan, dan strategi yang searah dan bersinerji dengan misi, tujuan, dan strategi perguruan tinggi serta mendukung pengembangan program studi.
C27: 2 | D27: UPPS memiliki: 1) visi yang mencerminkan visi perguruan tinggi dan memayungi visi keilmuan terkait program studi, 2) misi, tujuan, dan strategi yang searah dengan misi, tujuan, dan strategi perguruan tinggi serta mendukung pengembangan program studi.
C28: 1 | D28: UPPS memiliki: 1) visi yang mencerminkan visi perguruan tinggi namun tidak memayungi visi keilmuan terkait program studi, 2) misi, tujuan, dan strategi kurang searah dengan misi, tujuan sasaran, dan strategi perguruan tinggi serta kurang mendukung pengembangan program studi.
C29: 0 | D29: UPPS memiliki misi, tujuan, dan strategi yang tidak terkait dengan strategi perguruan tinggi dan pengembangan program studi.
C30: Skor | K30: =IF(OR(ISBLANK(K24),K24<0,K24>4),0,K24) -> 0
A32: =A24+1 -> 4 | C32: Mekanisme dan keterlibatan pemangku kepentingan dalam penyusunan VMTS UPPS. | E32: (1) Prosedur/Panduan Penyusunan Pemutakhiran VMTS Fakultas dan Prodi (2) Laporan penyusunan VMTS yang memuat pelibatan pemangku kepentingan internal dan eksternal, berita acara/ dokumentasi/ notulen keterlibatan pihak internal dan eksternal. | F32: Deskripsi dan penjelasan tentang : 1. Capaian terhadap indikator 2. Faktor pendukung dan faktor penghambat 3. Masalah dan akar masalah yang dihadapi 4. Data dan dokumen pendukung | G32: Deskripsi dan penjelasan tentang : 1. Peristiwa yang mungkin terjadi terkait dengan indikator 2. Dampak dari terjadinya peristiwa yang mungkin terjadi terkait dengan indikator | H32: A | I32: 1 | J32: =IF((IF(OR((H32&"."&I32)=$R$8,(H32&"."&I32)=$S$8,(H32&"."&I32)=$T$8,(H32&"."&I32)=$U$8,(H32&"."&I32)=$V$8,(H32&"."&I32)=$W$8),1,0))=1,"EKSTREM",IF((IF(OR((H32&"."&I32)=$R$9,(H32&"."&I32)=$S$9,(H32&"."&I32)=$T$9,(H32&"."&I32)=$U$9,(H32&"."&I32)=$V$9,(H32&"."&I32)=$W$9,(H32&"."&I32)=$X$9),1,0))=1,"TINGGI",IF((IF(OR((H32&"."&I32)=$R$10,(H32&"."&I32)=$S$10,(H32&"."&I32)=$T$10,(H32&"."&I32)=$U$10,(H32&"."&I32)=$V$10,(H32&"."&I32)=$W$10),1,0))=1,"MODERAT",IF((IF(OR((H32&"."&I32)=$R$11,(H32&"."&I32)=$S$11,(H32&"."&I32)=$T$11,(H32&"."&I32)=$U$11,(H32&"."&I32)=$V$11,(H32&"."&I32)=$W$11),1,0))=1,"RENDAH","-")))) -> RENDAH | K32: 0 | L32: Temuan Minor: (1) (2) (3) dst… Temuan Mayor: (1) (2) (3) dst… | M32: Rekomendasi berdasarkan temuan AMI, antara lain sebagai berikut: (1) (2) (3) dst…
C33: 4 | D33: Ada mekanisme dalam penyusunan dan penetapan visi, misi, tujuan dan strategi yang terdokumentasi serta ada keterlibatan semua pemangku kepentingan internal (dosen, mahasiswa dan tenaga kependidikan) dan eksternal (lulusan, pengguna lulusan dan pakar/mitra/organisasi profesi/pemerintah).
C34: 3 | D34: Ada mekanisme dalam penyusunan dan penetapan visi, misi, tujuan dan strategi yang terdokumentasi serta ada keterlibatan pemangku kepentingan internal (dosen, mahasiswa dan tenaga kependidikan) dan pemangku kepentingan eksternal (lulusan dan pengguna lulusan).
C35: 2 | D35: Ada mekanisme dalam penyusunan dan penetapan visi, misi, tujuan dan strategi yang terdokumentasi serta ada keterlibatan pemangku kepentingan internal (dosen dan mahasiswa) dan pemangku kepentingan eksternal (lulusan).
C36: 1 | D36: Ada mekanisme dalam penyusunan dan penetapan visi, misi, tujuan dan strategi yang terdokumentasi namun tidak melibatkan pemangku kepentingan.
C37: 0 | D37: Tidak ada mekanisme dalam penyusunan dan penetapan visi, misi, tujuan dan strategi.
C38: Skor | K38: =IF(OR(ISBLANK(K32),K32<0,K32>4),0,K32) -> 0
A40: =A32+1 -> 5 | C40: Strategi pencapaian tujuan disusun berdasarkan analisis yang sistematis, serta pada pelaksanaannya dilakukan pemantauan dan evaluasi yang ditindaklanjuti. | E40: (1) Rencana strategis fakultas yang telah disahkan dengan SK Rektor. | F40: Deskripsi dan penjelasan tentang : 1. Capaian terhadap indikator 2. Faktor pendukung dan faktor penghambat 3. Masalah dan akar masalah yang dihadapi 4. Data dan dokumen pendukung | G40: Deskripsi dan penjelasan tentang : 1. Peristiwa yang mungkin terjadi terkait dengan indikator 2. Dampak dari terjadinya peristiwa yang mungkin terjadi terkait dengan indikator | H40: A | I40: 1 | J40: =IF((IF(OR((H40&"."&I40)=$R$8,(H40&"."&I40)=$S$8,(H40&"."&I40)=$T$8,(H40&"."&I40)=$U$8,(H40&"."&I40)=$V$8,(H40&"."&I40)=$W$8),1,0))=1,"EKSTREM",IF((IF(OR((H40&"."&I40)=$R$9,(H40&"."&I40)=$S$9,(H40&"."&I40)=$T$9,(H40&"."&I40)=$U$9,(H40&"."&I40)=$V$9,(H40&"."&I40)=$W$9,(H40&"."&I40)=$X$9),1,0))=1,"TINGGI",IF((IF(OR((H40&"."&I40)=$R$10,(H40&"."&I40)=$S$10,(H40&"."&I40)=$T$10,(H40&"."&I40)=$U$10,(H40&"."&I40)=$V$10,(H40&"."&I40)=$W$10),1,0))=1,"MODERAT",IF((IF(OR((H40&"."&I40)=$R$11,(H40&"."&I40)=$S$11,(H40&"."&I40)=$T$11,(H40&"."&I40)=$U$11,(H40&"."&I40)=$V$11,(H40&"."&I40)=$W$11),1,0))=1,"RENDAH","-")))) -> RENDAH | K40: 0 | L40: Temuan Minor: (1) (2) (3) dst… Temuan Mayor: (1) (2) (3) dst… | M40: Rekomendasi berdasarkan temuan AMI, antara lain sebagai berikut: (1) (2) (3) dst…
C41: 4 | D41: Strategi efektif untuk mencapai tujuan dan disusun berdasarkan analisis yang sistematis dengan menggunakan metoda yang relevan dan terdokumentasi serta pada pelaksanaannya dilakukan pemantauan dan evaluasi dan ditindaklanjuti.
C42: 3 | D42: Strategi efektif untuk mencapai tujuan dan disusun berdasarkan analisis yang sistematis dengan menggunakan metoda yang relevan dan terdokumentasi serta pada pelaksanaannya dilakukan pemantauan dan evaluasi.
C43: 2 | D43: Strategi untuk mencapai tujuan dan disusun berdasarkan analisis yang sistematis dengan menggunakan metoda yang relevan serta terdokumentasi namun belum terbukti efektifitasnya.
C44: 1 | D44: Strategi untuk mencapai tujuan disusun berdasarkan analisis yang kurang sistematis serta tidak menggunakan metoda yang relevan.
C45: 0 | D45: Tidak memiliki strategi untuk mencapai tujuan.
C46: Skor | K46: =IF(OR(ISBLANK(K40),K40<0,K40>4),0,K40) -> 0
A48: =A40+1 -> 6 | B48: C.2 Tata Pamong, Tata Kelola, dan Kerjasama C.2.4 Indikator Kinerja Utama C.2.4.a) Sistem Tata Pamong | C48: A. Kelengkapan struktur organisasi dan keefektifan penyelenggaraan organisasi. | E48: (1) Struktur organisasi fakultas yang lengkap dengan tugas pokok dan fungsi, dan telah disahkan dengan SK Rektor. (2) Laporan akhir tahun fakultas. | F48: Deskripsi dan penjelasan tentang : 1. Capaian terhadap indikator 2. Faktor pendukung dan faktor penghambat 3. Masalah dan akar masalah yang dihadapi 4. Data dan dokumen pendukung | G48: Deskripsi dan penjelasan tentang : 1. Peristiwa yang mungkin terjadi terkait dengan indikator 2. Dampak dari terjadinya peristiwa yang mungkin terjadi terkait dengan indikator | H48: A | I48: 1 | J48: =IF((IF(OR((H48&"."&I48)=$R$8,(H48&"."&I48)=$S$8,(H48&"."&I48)=$T$8,(H48&"."&I48)=$U$8,(H48&"."&I48)=$V$8,(H48&"."&I48)=$W$8),1,0))=1,"EKSTREM",IF((IF(OR((H48&"."&I48)=$R$9,(H48&"."&I48)=$S$9,(H48&"."&I48)=$T$9,(H48&"."&I48)=$U$9,(H48&"."&I48)=$V$9,(H48&"."&I48)=$W$9,(H48&"."&I48)=$X$9),1,0))=1,"TINGGI",IF((IF(OR((H48&"."&I48)=$R$10,(H48&"."&I48)=$S$10,(H48&"."&I48)=$T$10,(H48&"."&I48)=$U$10,(H48&"."&I48)=$V$10,(H48&"."&I48)=$W$10),1,0))=1,"MODERAT",IF((IF(OR((H48&"."&I48)=$R$11,(H48&"."&I48)=$S$11,(H48&"."&I48)=$T$11,(H48&"."&I48)=$U$11,(H48&"."&I48)=$V$11,(H48&"."&I48)=$W$11),1,0))=1,"RENDAH","-")))) -> RENDAH | K48: 0 | L48: Temuan Minor: (1) (2) (3) dst… Temuan Mayor: (1) (2) (3) dst… | M48: Rekomendasi berdasarkan temuan AMI, antara lain sebagai berikut: (1) (2) (3) dst…
C49: 4 | D49: UPPS memiliki dokumen formal struktur organisasi dan tata kerja yang dilengkapi tugas dan fungsinya, serta telah berjalan secara konsisten dan menjamin tata pamong yang baik serta berjalan efektif dan efisien.
C50: 3 | D50: UPPS memiliki dokumen formal struktur organisasi dan tata kerja yang dilengkapi tugas dan fungsinya, serta telah berjalan secara konsisten dan menjamin tata pamong yang baik.
C51: 2 | D51: UPPS memiliki dokumen formal struktur organisasi dan tata kerja yang dilengkapi tugas dan fungsinya, serta telah berjalan secara konsisten.
C52: 1 | D52: UPPS memiliki dokumen formal struktur organisasi dan tata kerja namun tugas dan fungsi belum berjalan secara konsisten.
C53: 0 | D53: UPPS tidak memiliki dokumen formal struktur organisasi.
C54: B. Perwujudan good governance dan pemenuhan lima pilar sistem tata pamong, yang mencakup: 1) Kredibel 2) Transparan 3) Akuntabel 4) Bertanggung jawab 5) Adil. | E54: (3) Bukti penerapan pilar kredibel pada pengelolaan fakultas (4) Bukti penerapan pilar transparan pada pengelolaan fakultas (5)Bukti penerapan pilar akuntabel pada pengelolaan fakultas (6)Bukti penerapan pilar bertanggung jawab pada pengelolaan fakultas (7)Bukti penerapan pilar adil pada pengelolaan fakultas | K54: 0
C55: 4 | D55: UPPS memiliki praktek baik (best practices) dalam menerapkan tata pamong yang memenuhi 5 kaidah good governance untuk menjamin penyelenggaraan program studi yang bermutu.
C56: 3 | D56: UPPS memiliki praktek baik (best practices) dalam menerapkan tata pamong yang memenuhi 4 kaidah good governance untuk menjamin penyelenggaraan program studi yang bermutu.
C57: 2 | D57: UPPS memiliki praktek baik (best practices) dalam menerapkan tata pamong yang memenuhi 3 kaidah good governance untuk menjamin penyelenggaraan program studi yang bermutu.
C58: 1 | D58: UPPS memiliki praktek baik (best practices) dalam menerapkan tata pamong yang memenuhi 1 s.d. 2 kaidah good governance untuk menjamin penyelenggaraan program studi yang bermutu.
C59: 0 | D59: Tidak ada Skor kurang dari 1.
C60: Skor = (A + (2 x B)) / 3 | K60: =IF(OR(ISBLANK(K48),K48<0,K48>4,ISBLANK(K54),K54<0,K54>4),0,(K48+2*K54)/3) -> 0
A62: =A48+1 -> 7 | B62: C.2.4.b) Kepemimpinan dan Kemampuan Manajerial | C62: A. Komitmen pimpinan UPPS. | E62: (1) Bukti karakter kepemimpinan operasional (2) Bukti karakter kepemimpinan organisasional (3) Bukti karakter kepemimpinan publik | F62: Deskripsi dan penjelasan tentang : 1. Capaian terhadap indikator 2. Faktor pendukung dan faktor penghambat 3. Masalah dan akar masalah yang dihadapi 4. Data dan dokumen pendukung | G62: Deskripsi dan penjelasan tentang : 1. Peristiwa yang mungkin terjadi terkait dengan indikator 2. Dampak dari terjadinya peristiwa yang mungkin terjadi terkait dengan indikator | H62: A | I62: 1 | J62: =IF((IF(OR((H62&"."&I62)=$R$8,(H62&"."&I62)=$S$8,(H62&"."&I62)=$T$8,(H62&"."&I62)=$U$8,(H62&"."&I62)=$V$8,(H62&"."&I62)=$W$8),1,0))=1,"EKSTREM",IF((IF(OR((H62&"."&I62)=$R$9,(H62&"."&I62)=$S$9,(H62&"."&I62)=$T$9,(H62&"."&I62)=$U$9,(H62&"."&I62)=$V$9,(H62&"."&I62)=$W$9,(H62&"."&I62)=$X$9),1,0))=1,"TINGGI",IF((IF(OR((H62&"."&I62)=$R$10,(H62&"."&I62)=$S$10,(H62&"."&I62)=$T$10,(H62&"."&I62)=$U$10,(H62&"."&I62)=$V$10,(H62&"."&I62)=$W$10),1,0))=1,"MODERAT",IF((IF(OR((H62&"."&I62)=$R$11,(H62&"."&I62)=$S$11,(H62&"."&I62)=$T$11,(H62&"."&I62)=$U$11,(H62&"."&I62)=$V$11,(H62&"."&I62)=$W$11),1,0))=1,"RENDAH","-")))) -> RENDAH | K62: 0 | L62: Temuan Minor: (1) (2) (3) dst… Temuan Mayor: (1) (2) (3) dst… | M62: Rekomendasi berdasarkan temuan AMI, antara lain sebagai berikut: (1) (2) (3) dst…
C63: 4 | D63: Terdapat bukti/pengakuan yang sahih bahwa pimpinan UPPS memiliki karakter kepemimpinan operasional, organisasi, dan publik.
C64: 3 | D64: Terdapat bukti/pengakuan yang sahih bahwa pimpinan UPPS memiliki 2 karakter diantara kepemimpinan operasional, organisasi, dan publik.
C65: 2 | D65: Terdapat bukti/pengakuan yang sahih bahwa pimpinan UPPS memiliki salah satu karakter diantara kepemimpinan operasional, organisasi, dan publik.
C66: 1 | D66: Tidak ada skor kurang dari 2.
C67: 0
C68: B. Kapabilitas pimpinan UPPS, mencakup aspek: 1) perencanaan, 2) pengorganisasian, 3) penempatan personel, 4) pelaksanaan, 5) pengendalian dan pengawasan, dan 6) pelaporan yang menjadi dasar tindak lanjut. | E68: (1) Rencana strategis dan rencana operasional fakultas yang telah disahkan dengan SK Rektor (2) Struktur organisasi fakultas yang lengkap dengan tugas pokok dan fungsi, dan telah disahkan dengan SK Rektor (3) SK penempatan dosen (4) SK penempatan tendik (5) Laporan AMI program studi (6) Laporan RTM tingkat fakultas (7) Laporan pelaksanaan tindak lanjut hasil AMI (8) Laporan akhir tahun fakultas | K68: 0
C69: 4 | D69: Pimpinan UPPS mampu : 1) melaksanakan 6 fungsi manajemen secara efektif dan efisien, 2) mengantisipasi dan menyelesaikan masalah pada situasi yang tidak terduga, 3) melakukan inovasi untuk menghasilkan nilai tambah.
C70: 3 | D70: Pimpinan UPPS mampu : 1) melaksanakan 6 fungsi manajemen secara efektif dan efisien, 2) mengantisipasi dan menyelesaikan masalah pada situasi yang tidak terduga.
C71: 2 | D71: Pimpinan UPPS mampu melaksanakan 6 fungsi manajemen secara efektif.
C72: 1 | D72: Pimpinan UPPS mampu melaksanakan kurang dari 6 fungsi manajemen.
C73: 0 | D73: Tidak ada Skor kurang dari 1.
C74: Skor = (A + (2 x B)) / 3 | K74: =IF(OR(ISBLANK(K62),K62<0,K62>4,ISBLANK(K68),K68<0,K68>4),0,(K62+2*K68)/3) -> 0
A76: =A62+1 -> 8 | B76: C.2.4.c) Kerjasama | C76: Mutu, manfaat, kepuasan dan keberlanjutan kerjasama pendidikan, penelitian dan PkM yang relevan dengan program studi. UPPS memiliki bukti yang sahih terkait kerjasama yang ada telah memenuhi 3 aspek berikut: 1) memberikan manfaat bagi program studi dalam pemenuhan proses pembelajaran, penelitian, PkM. 2) memberikan peningkatan kinerja tridharma dan fasilitas pendukung program studi. 3) memberikan kepuasan kepada mitra industri dan mitra kerjasama lainnya, serta menjamin keberlanjutan kerjasama dan hasilnya. | E76: (1) Rekap kerjasama fakultas bidang pendidikan, penelitian dan PkM. (2) Bukti kerjasama fakultas dalam bentuk MoU, MoA, IA, PKS (3) Laporan survei kepuasan mitra kerjasama | F76: Deskripsi dan penjelasan tentang : 1. Capaian terhadap indikator 2. Faktor pendukung dan faktor penghambat 3. Masalah dan akar masalah yang dihadapi 4. Data dan dokumen pendukung | G76: Deskripsi dan penjelasan tentang : 1. Peristiwa yang mungkin terjadi terkait dengan indikator 2. Dampak dari terjadinya peristiwa yang mungkin terjadi terkait dengan indikator | H76: A | I76: 1 | J76: =IF((IF(OR((H76&"."&I76)=$R$8,(H76&"."&I76)=$S$8,(H76&"."&I76)=$T$8,(H76&"."&I76)=$U$8,(H76&"."&I76)=$V$8,(H76&"."&I76)=$W$8),1,0))=1,"EKSTREM",IF((IF(OR((H76&"."&I76)=$R$9,(H76&"."&I76)=$S$9,(H76&"."&I76)=$T$9,(H76&"."&I76)=$U$9,(H76&"."&I76)=$V$9,(H76&"."&I76)=$W$9,(H76&"."&I76)=$X$9),1,0))=1,"TINGGI",IF((IF(OR((H76&"."&I76)=$R$10,(H76&"."&I76)=$S$10,(H76&"."&I76)=$T$10,(H76&"."&I76)=$U$10,(H76&"."&I76)=$V$10,(H76&"."&I76)=$W$10),1,0))=1,"MODERAT",IF((IF(OR((H76&"."&I76)=$R$11,(H76&"."&I76)=$S$11,(H76&"."&I76)=$T$11,(H76&"."&I76)=$U$11,(H76&"."&I76)=$V$11,(H76&"."&I76)=$W$11),1,0))=1,"RENDAH","-")))) -> RENDAH | K76: 0 | L76: Temuan Minor: (1) (2) (3) dst… Temuan Mayor: (1) (2) (3) dst… | M76: Rekomendasi berdasarkan temuan AMI, antara lain sebagai berikut: (1) (2) (3) dst…
C77: 4 | D77: UPPS memiliki bukti yang sahih terkait kerjasama yang ada telah memenuhi 3 aspek.
C78: 3 | D78: UPPS memiliki bukti yang sahih terkait kerjasama yang ada telah memenuhi aspek 1 dan 2.
C79: 2 | D79: UPPS memiliki bukti yang sahih terkait kerjasama yang ada telah memenuhi aspek 1.
C80: 1 | D80: UPPS tidak memiliki bukti pelaksanaan kerjasama.
C81: 0 | D81: Tidak ada Skor kurang dari 1.
C82: Skor | K82: =IF(OR(ISBLANK(K76),K76<0,K76>4),0,K76) -> 0
A84: =A76+1 -> 9 | C84: A. Kerjasama perguruan tinggi di bidang pendidikan, penelitian dan PkM dalam 3 tahun terakhir. | E84: (1) Rekap kerjasama fakultas bidang pendidikan, penelitian dan PkM. | F84: Deskripsi dan penjelasan tentang : 1. Capaian terhadap indikator 2. Faktor pendukung dan faktor penghambat 3. Masalah dan akar masalah yang dihadapi 4. Data dan dokumen pendukung | G84: Deskripsi dan penjelasan tentang : 1. Peristiwa yang mungkin terjadi terkait dengan indikator 2. Dampak dari terjadinya peristiwa yang mungkin terjadi terkait dengan indikator | H84: A | I84: 1 | J84: =IF((IF(OR((H84&"."&I84)=$R$8,(H84&"."&I84)=$S$8,(H84&"."&I84)=$T$8,(H84&"."&I84)=$U$8,(H84&"."&I84)=$V$8,(H84&"."&I84)=$W$8),1,0))=1,"EKSTREM",IF((IF(OR((H84&"."&I84)=$R$9,(H84&"."&I84)=$S$9,(H84&"."&I84)=$T$9,(H84&"."&I84)=$U$9,(H84&"."&I84)=$V$9,(H84&"."&I84)=$W$9,(H84&"."&I84)=$X$9),1,0))=1,"TINGGI",IF((IF(OR((H84&"."&I84)=$R$10,(H84&"."&I84)=$S$10,(H84&"."&I84)=$T$10,(H84&"."&I84)=$U$10,(H84&"."&I84)=$V$10,(H84&"."&I84)=$W$10),1,0))=1,"MODERAT",IF((IF(OR((H84&"."&I84)=$R$11,(H84&"."&I84)=$S$11,(H84&"."&I84)=$T$11,(H84&"."&I84)=$U$11,(H84&"."&I84)=$V$11,(H84&"."&I84)=$W$11),1,0))=1,"RENDAH","-")))) -> RENDAH | L84: Temuan Minor: (1) (2) (3) dst… Temuan Mayor: (1) (2) (3) dst… | M84: Rekomendasi berdasarkan temuan AMI, antara lain sebagai berikut: (1) (2) (3) dst…
C85: N1 = Jumlah kerjasama pendidikan. | K85: =IF(AND(ISBLANK('Isian Prodi'!I14),ISBLANK('Isian Prodi'!I15),ISBLANK('Isian Prodi'!I16)),'Isian Prodi'!C17,'Isian Prodi'!I17)+IF(AND(ISBLANK('Isian Prodi'!I18),ISBLANK('Isian Prodi'!I19),ISBLANK('Isian Prodi'!I20)),'Isian Prodi'!C21,'Isian Prodi'!I21)+IF(AND(ISBLANK('Isian Prodi'!I22),ISBLANK('Isian Prodi'!I23),ISBLANK('Isian Prodi'!I24)),'Isian Prodi'!C25,'Isian Prodi'!I25) -> 0
C86: N2 = Jumlah kerjasama penelitian. | K86: =IF(AND(ISBLANK('Isian Prodi'!J14),ISBLANK('Isian Prodi'!J15),ISBLANK('Isian Prodi'!J16)),'Isian Prodi'!D17,'Isian Prodi'!J17)+IF(AND(ISBLANK('Isian Prodi'!J18),ISBLANK('Isian Prodi'!J19),ISBLANK('Isian Prodi'!J20)),'Isian Prodi'!D21,'Isian Prodi'!J21)+IF(AND(ISBLANK('Isian Prodi'!J22),ISBLANK('Isian Prodi'!J23),ISBLANK('Isian Prodi'!J24)),'Isian Prodi'!D25,'Isian Prodi'!J25) -> 0
C87: N3 = Jumlah kerjasama pengabdian kepada masyarakat. | K87: =IF(AND(ISBLANK('Isian Prodi'!K14),ISBLANK('Isian Prodi'!K15),ISBLANK('Isian Prodi'!K16)),'Isian Prodi'!E17,'Isian Prodi'!K17)+IF(AND(ISBLANK('Isian Prodi'!K18),ISBLANK('Isian Prodi'!K19),ISBLANK('Isian Prodi'!K20)),'Isian Prodi'!E21,'Isian Prodi'!K21)+IF(AND(ISBLANK('Isian Prodi'!K22),ISBLANK('Isian Prodi'!K23),ISBLANK('Isian Prodi'!K24)),'Isian Prodi'!E25,'Isian Prodi'!K25) -> 0
C88: NDTPS = Jumlah dosen tetap yang ditugaskan sebagai pengampu mata kuliah dengan bidang keahlian yang sesuai dengan kompetensi inti program studi yang diakreditasi. | K88: =IF(ISBLANK('Isian Prodi'!G60),'Isian Prodi'!C60,'Isian Prodi'!G60) -> 0
C89: RK = ((a x N1) + (b x N2) + (c x N3)) / NDTPS | K89: =IF(K88>0,(D90*K85+D91*K86+D92*K87)/K88,0) -> 0
C90: a = | D90: 2
C91: b = | D91: 4
C92: c = | D92: 0
C93: bRK = | D93: 4
C94: Skor A | K94: =IF(K89>=D93,4,K89) -> 0
C95: B. Kerjasama tingkat internasional, nasional, wilayah/lokal yang relevan dengan program studi dan dikelola oleh UPPS dalam 3 tahun terakhir.
C96: NI = Jumlah kerjasama tingkat internasional. | K96: =IF(AND(ISBLANK('Isian Prodi'!I14),ISBLANK('Isian Prodi'!I15),ISBLANK('Isian Prodi'!I16)),'Isian Prodi'!C17,'Isian Prodi'!I17)+IF(AND(ISBLANK('Isian Prodi'!J14),ISBLANK('Isian Prodi'!J15),ISBLANK('Isian Prodi'!J16)),'Isian Prodi'!D17,'Isian Prodi'!J17)+IF(AND(ISBLANK('Isian Prodi'!K14),ISBLANK('Isian Prodi'!K15),ISBLANK('Isian Prodi'!K16)),'Isian Prodi'!E17,'Isian Prodi'!K17) -> 0
C97: NN = Jumlah kerjasama tingkat nasional. | K97: =IF(AND(ISBLANK('Isian Prodi'!I18),ISBLANK('Isian Prodi'!I19),ISBLANK('Isian Prodi'!I20)),'Isian Prodi'!C21,'Isian Prodi'!I21)+IF(AND(ISBLANK('Isian Prodi'!J18),ISBLANK('Isian Prodi'!J19),ISBLANK('Isian Prodi'!J20)),'Isian Prodi'!D21,'Isian Prodi'!J21)+IF(AND(ISBLANK('Isian Prodi'!K18),ISBLANK('Isian Prodi'!K19),ISBLANK('Isian Prodi'!K20)),'Isian Prodi'!E21,'Isian Prodi'!K21) -> 0
C98: NW = Jumlah kerjasama tingkat wilayah/lokal. | K98: =IF(AND(ISBLANK('Isian Prodi'!I22),ISBLANK('Isian Prodi'!I23),ISBLANK('Isian Prodi'!I24)),'Isian Prodi'!C25,'Isian Prodi'!I25)+IF(AND(ISBLANK('Isian Prodi'!J22),ISBLANK('Isian Prodi'!J23),ISBLANK('Isian Prodi'!J24)),'Isian Prodi'!D25,'Isian Prodi'!J25)+IF(AND(ISBLANK('Isian Prodi'!K22),ISBLANK('Isian Prodi'!K23),ISBLANK('Isian Prodi'!K24)),'Isian Prodi'!E25,'Isian Prodi'!K25) -> 0
C99: a = | D99: 3
C100: b = | D100: 6
C101: c = | D101: 12
D102: 4: NI ≥ a
D103: 3-4: NI < a DAN NN ≥ b
D104: 2-3: 0 < NI < a DAN 0 < NN < b
D105: 2: NI = 0 DAN NN = 0 DAN NW ≥ c
D106: 0-2: NI = 0 DAN NN = 0 DAN NW < c
C108: Skor B | K108: =IF(K96>=D99,4,IF(AND(K96<D99,K97>=D100),3+K96/D99,IF(OR(AND(K96>0,K96<D99,K97=0),AND(K97>0,K97<D100,K96=0),AND(K96>0,K96<D99,K97>0,K97<D100)),2+2*K96/D99+K97/D100-(K96*K97)/(D99*D100),IF(AND(K96=0,K97=0,K98>=D101),2,2*K98/D101)))) -> 0
C109: Skor = ((2 x A) + B) / 3 | K109: =(2*K94+K108)/3 -> 0
A111: =A84+1 -> 10 | B111: C.2.5 Indikator Kinerja Tambahan | C111: Pelampauan SN-DIKTI (indikator kinerja tambahan) yang ditetapkan oleh UPPS pada tiap kriteria. | E111: (1) SPMI UKSW 2023-2027 (2) Indikator Kinerja Tambahan (IKT) atau Standar Tambahan yang ditetapkan secara khusus di tingkat fakultas atau program studi. | F111: Deskripsi dan penjelasan tentang : 1. Capaian terhadap indikator 2. Faktor pendukung dan faktor penghambat 3. Masalah dan akar masalah yang dihadapi 4. Data dan dokumen pendukung | G111: Deskripsi dan penjelasan tentang : 1. Peristiwa yang mungkin terjadi terkait dengan indikator 2. Dampak dari terjadinya peristiwa yang mungkin terjadi terkait dengan indikator | H111: A | I111: 1 | J111: =IF((IF(OR((H111&"."&I111)=$R$8,(H111&"."&I111)=$S$8,(H111&"."&I111)=$T$8,(H111&"."&I111)=$U$8,(H111&"."&I111)=$V$8,(H111&"."&I111)=$W$8),1,0))=1,"EKSTREM",IF((IF(OR((H111&"."&I111)=$R$9,(H111&"."&I111)=$S$9,(H111&"."&I111)=$T$9,(H111&"."&I111)=$U$9,(H111&"."&I111)=$V$9,(H111&"."&I111)=$W$9,(H111&"."&I111)=$X$9),1,0))=1,"TINGGI",IF((IF(OR((H111&"."&I111)=$R$10,(H111&"."&I111)=$S$10,(H111&"."&I111)=$T$10,(H111&"."&I111)=$U$10,(H111&"."&I111)=$V$10,(H111&"."&I111)=$W$10),1,0))=1,"MODERAT",IF((IF(OR((H111&"."&I111)=$R$11,(H111&"."&I111)=$S$11,(H111&"."&I111)=$T$11,(H111&"."&I111)=$U$11,(H111&"."&I111)=$V$11,(H111&"."&I111)=$W$11),1,0))=1,"RENDAH","-")))) -> RENDAH | K111: 0 | L111: Temuan Minor: (1) (2) (3) dst… Temuan Mayor: (1) (2) (3) dst… | M111: Rekomendasi berdasarkan temuan AMI, antara lain sebagai berikut: (1) (2) (3) dst…
C112: 4 | D112: UPPS menetapkan indikator kinerja tambahan berdasarkan standar pendidikan tinggi yang ditetapkan perguruan tinggi. Indikator kinerja tambahan mencakup seluruh kriteria serta menunjukkan daya saing UPPS dan program studi di tingkat inernasional. Data indikator kinerja tambahan telah diukur, dimonitor, dikaji, dan dianalisis untuk perbaikan berkelanjutan.
...

Sheet Form Monev PT
B1: FORMULIR MONITORING DAN EVALUASI KINERJA LEVEL INSTITUSI
A3: No. | B3: Nama Standar | C3: Indikator | D3: Kode Indikator | E3: Sumber | F3: Persentase Capaian (tuliskan seberapa besar persentase pencapaian institusi terhadap setiap indikator, persentase dituliskan berdasarkan penilaian pimpinan PT/evaluasi diri) | G3: Evaluasi Diri (deskripsikan data capaian indikator, dapat berupa data kuantitatif/kualitatif, faktor pendukung/penghambat, masalah yang dihadapi, dan link dokumen bukti) | H3: Tindak Lanjut (tuliskan tindak lanjut yang dilakukan untuk memperbaiki atau meningkatkan capaian indikator)
A4: 1 | B4: Standar Kompetensi Lulusan | C4: Tercapainya persentase lulusan yang melanjutkan studi minimal sebesar 10% dari total lulusan. | D4: S.001/022 | E4: QS STARS RATING
A5: 2 | B5: Standar Kompetensi Lulusan | C5: Tercapainya jumlah penghargaan yang diterima dari aspek seni dan budaya sebanyak 1 penghargaan per fakultas per tahun. | D5: S.001/023 | E5: QS STARS RATING
A6: 3 | B6: Standar Isi Pembelajaran | C6: Tersedianya kebijakan pengembangan kurikulum UKSW yang mempertimbangkan keterkaitan dengan visi dan misi UKSW, pengembangan ilmu pengetahuan dan kebutuhan stakeholder yang komprehensif dan mempertimbangkan perubahan di masa depan. | D6: S.002/001 | E6: APT, LAMDIK
A7: 4 | B7: Standar Isi Pembelajaran | C7: Tersedianya pedoman pengembangan kurikulum program studi di UKSW yang memuat profil lulusan, capaian pembelajaran yang mengacu kepada KKNI, bahan kajian, struktur kurikulum dan rencana pembelajaran semester (RPS) yang mengacu ke SN-DIKTI dan benchmark pada institusi internasional, peraturan terkini, dan kepekaan terhadap isu-isu terkini. | D7: S.002/002 | E7: APT
A8: 5 | B8: Standar Isi Pembelajaran | C8: Tersedianya mekanisme penetapan (legalitas) kurikulum yang melibatkan unsur-unsur yang berwenang dalam institusi secara akuntabel dan transparan. | D8: S.002/003 | E8: APT
A9: 6 | B9: Standar Isi Pembelajaran | C9: Tersedianya pedoman implementasi kurikulum yang mencakup perencanaan, pelaksanaan, pemantauan, dan peninjauan kurikulum. | D9: S.002/004 | E9: APT
A10: 7 | B10: Standar Proses Pembelajaran | C10: Tersedia pedoman penerapan sistem penugasan dosen berdasarkan kebutuhan, kualifikasi, keahlian dan pengalaman. | D10: S.003/001 | E10: APT
A11: 8 | B11: Standar Proses Pembelajaran | C11: Tersedia bukti yang sahih tentang penetapan strategi, metode, media pembelajaran dan penilaian pembelajaran | D11: S.003/002 | E11: APT
A12: 9 | B12: Standar Proses Pembelajaran | C12: Tersedia dan terimplementasi sistem monev pelaksanaan dan mutu proses pembelajaran. | D12: S.003/003 | E12: APT
A13: 10 | B13: Standar Proses Pembelajaran | C13: Tersedia kebijakan dan pedoman untuk mengintegrasikan kegiatan penelitian dan PkM ke dalam pembelajaran. | D13: S.003/004 | E13: APT
A14: 11 | B14: Standar Proses Pembelajaran | C14: Tersedia bukti yang sahih tentang pelaksanaan, evaluasi, pengendalian, dan peningkatan kualitas secara berkelanjutan integrasi kegiatan penelitian dan PkM ke dalam pembelajaran, serta bukti yang sahih bahwa terlaksana monitoring dan evaluasi integrasi penelitian dan PkM ke dalam pembelajaran. | D14: S.003/005 | E14: APT
A15: 12 | B15: Standar Proses Pembelajaran | C15: Tersedia dan terlaksana Kode Etik Mahasiswa dalam pembelajaran. | D15: S.003/016 | E15: UKSW
... A115: 112 | B115: Standar Kerjasama Kelembagaan | C115: Tersedia bukti monitoring dan evaluasi pelaksanaan program kemitraan, tingkat kepuasan mitra kerjasama yang diukur dengan instrumen yang sahih, serta upaya perbaikan mutu jejaring dan kemitraan untuk menjamin ketercapaian visi, misi dan tujuan strategis UKSW. | D115: S.029/003 | E115: APT

Sheet Form Monev UPPS BAN-PT
A1: FORMULIR MONITORING DAN EVALUASI KINERJA LEVEL UNIT PENGELOLA PROGRAM STUDI (BAN-PT)
A3: No. | B3: Nama Standar | C3: Indikator | D3: Kode Indikator | E3: Sumber | F3: Persentase Capaian (tuliskan seberapa besar persentase pencapaian UPPS terhadap setiap indikator, persentase dituliskan berdasarkan penilaian pimpinan PT/evaluasi diri) | G3: Evaluasi Diri (deskripsikan data capaian indikator, dapat berupa data kuantitatif/kualitatif, faktor pendukung/penghambat, masalah yang dihadapi, dan link dokumen bukti) | H3: Tindak Lanjut (tuliskan tindak lanjut yang dilakukan untuk memperbaiki atau meningkatkan capaian indikator)
A4: 1 | B4: Standar Sarana dan Prasarana Pembelajaran | C4: Terlaksana pengembangan sarana pembelajaran di semua fakultas setiap tahun. | D4: S.006/006 | E4: UKSW
A5: 2 | B5: Standar Sarana dan Prasarana Pembelajaran | C5: Tersedia laboratorium microteaching, lengkap dengan perlengkapan dan peralatan yang mutakhir dan terawat. | D5: S.006/007 | E5: QS STARS RATING
A6: 3 | B6: Standar Pengelolaan Pembelajaran | C6: Tersedia Rencana Strategis dan Rencana Operasional yang memuat rencana pelaksanaan program pembelajaran | D6: S.007/001 | E6: SN DIKTI
A7: 4 | B7: Standar Pengelolaan Pembelajaran | C7: Terlaksana program pembelajaran sesuai dengan Rencana Strategis dan Rencana Operasional. | D7: S.007/002 | E7: SN DIKTI
A8: 5 | B8: Standar Pengelolaan Pembelajaran | C8: Terlaksana penjaminan mutu pengelolaan Program Studi dalam melaksanakan program Pembelajaran secara berkelanjutan dengan sasaran yang sesuai dengan visi dan misi. | D8: S.007/003 | E8: SN DIKTI
A9: 6 | B9: Standar Pengelolaan Pembelajaran | C9: Terlaksana pemantauan dan evaluasi terhadap kegiatan Program Studi dalam melaksanakan kegiatan Pembelajaran. | D9: S.007/004 | E9: SN DIKTI
A10: 7 | B10: Standar Pengelolaan Pembelajaran | C10: Tersedia panduan perencanaan, pelaksanaan, evaluasi, pengawasan, penjaminan mutu, dan pengembangan kegiatan Pembelajaran dan Dosen | D10: S.007/005 | E10: SN DIKTI
A11: 8 | B11: Standar Pengelolaan Pembelajaran | C11: Terlaksana pelaporan kinerja Program Studi dalam menyelenggarakan program Pembelajaran melalui pangkalan data Pendidikan Tinggi. | D11: S.007/006 | E11: SN DIKTI
A12: 9 | B12: Standar Pengelolaan Pembelajaran | C12: Terdokumentasi seluruh proses pembelajaran, mulai dari perencanaan, pelaksanaan, pengendalian, pemantauan dan evaluasi, serta pelaporan kegiatan pembelajaran pada SIIMUT. | D12: S.007/007 | E12: UKSW
A13: 10 | B13: Standar Pengelolaan Pembelajaran | C13: Tersedia dan terselenggara sistem aduan akademik untuk mahasiswa untuk menyelesaikan masalah-masalah akademik dengan tingkat persentase penyelesaian masalah mencapai 100% | D13: S.007/008 | E13: UKSW
A14: 11 | B14: Standar Pembiayaan Pembelajaran | C14: Tercapainya jumlah pendapatan institusi pada bidang pendidikan minimal sebesar Rp20 juta per mahasiswa per tahun | D14: S.008/013 | E14: THE
A15: 12 | B15: Standar Penilaian Penelitian | C15: Tersedia reviewer penelitian tingkat nasional yang tersertifikasi minimal 1 orang per fakultas. | D15: S.012/004 | E15: UKSW
... A50: 47 | B50: Standar Kerjasama Kelembagaan | C50: Tersedia mitra kerjasama baru minimal 5 mitra setiap tahun. | D50: S.029/007 | E50: UKSW

Sheet Form Monev UPPS LAM INFOKOM
A1: FORMULIR MONITORING DAN EVALUASI KINERJA LEVEL UNIT PENGELOLA PROGRAM STUDI (LAM INFOKOM)
A3: No. | B3: Nama Standar | C3: Indikator | D3: Kode Indikator | E3: Sumber | F3: Persentase Capaian (tuliskan seberapa besar persentase pencapaian UPPS terhadap setiap indikator, persentase dituliskan berdasarkan penilaian pimpinan PT/evaluasi diri) | G3: Evaluasi Diri (deskripsikan data capaian indikator, dapat berupa data kuantitatif/kualitatif, faktor pendukung/penghambat, masalah yang dihadapi, dan link dokumen bukti) | H3: Tindak Lanjut (tuliskan tindak lanjut yang dilakukan untuk memperbaiki atau meningkatkan capaian indikator)
A4: 1 | B4: Standar Dosen dan Tendik | C4: Tersedia dan terimplementasi kebijakan, pedoman dan instrumen survei kepuasan dosen dan tenaga kependidikan terhadap pengelolaan SDM yang dilaksanakan secara rutin setiap tahun, berkesinambungan, hasilnya dilaporkan dan ditindaklanjuti. | D4: S.005/022 | E4: LAM INFOKOM
A5: 2 | B5: Standar Dosen dan Tendik | C5: Tersedia dan terimplementasi kebijakan, pedoman dan instrumen survei kepuasan dosen dan tenaga kependidikan terhadap pengelolaan SDM yang dilaksanakan secara rutin setiap tahun, berkesinambungan, hasilnya dilaporkan dan ditindaklanjuti. | D5: S.005/023 | E5: LAM INFOKOM
A6: 3 | B6: Standar Dosen dan Tendik | C6: Tersedia dan terimplementasi kebijakan dan pedoman pengembangan karir dosen dan tenaga kependidikan yang terlaksana secara konsisten dan terdokumentasi dengan baik. | D6: S.005/024 | E6: LAM INFOKOM
A7: 4 | B7: Standar Dosen dan Tendik | C7: Tersedia dan terimplementasi kebijakan dan pedoman pengembangan karir dosen dan tenaga kependidikan yang terlaksana secara konsisten dan terdokumentasi dengan baik. | D7: S.005/025 | E7: LAM INFOKOM
A8: 5 | B8: Standar Sarana dan Prasarana Pembelajaran | C8: Terlaksana pengembangan sarana pembelajaran di semua fakultas setiap tahun. | D8: S.006/006 | E8: UKSW
A9: 6 | B9: Standar Sarana dan Prasarana Pembelajaran | C9: Tersedia laboratorium microteaching, lengkap dengan perlengkapan dan peralatan yang mutakhir dan terawat. | D9: S.006/007 | E9: QS STARS RATING
A10: 7 | B10: Standar Pengelolaan Pembelajaran | C10: Tersedia Rencana Strategis dan Rencana Operasional yang memuat rencana pelaksanaan program pembelajaran | D10: S.007/001 | E10: SN DIKTI
A11: 8 | B11: Standar Pengelolaan Pembelajaran | C11: Terlaksana program pembelajaran sesuai dengan Rencana Strategis dan Rencana Operasional. | D11: S.007/002 | E11: SN DIKTI
A12: 9 | B12: Standar Pengelolaan Pembelajaran | C12: Terlaksana penjaminan mutu pengelolaan Program Studi dalam melaksanakan program Pembelajaran secara berkelanjutan dengan sasaran yang sesuai dengan visi dan misi. | D12: S.007/003 | E12: SN DIKTI
A13: 10 | B13: Standar Pengelolaan Pembelajaran | C13: Terlaksana pemantauan dan evaluasi terhadap kegiatan Program Studi dalam melaksanakan kegiatan Pembelajaran. | D13: S.007/004 | E13: SN DIKTI
A14: 11 | B14: Standar Pengelolaan Pembelajaran | C14: Tersedia panduan perencanaan, pelaksanaan, evaluasi, pengawasan, penjaminan mutu, dan pengembangan kegiatan Pembelajaran dan Dosen | D14: S.007/005 | E14: SN DIKTI
A15: 12 | B15: Standar Pengelolaan Pembelajaran | C15: Terlaksana pelaporan kinerja Program Studi dalam menyelenggarakan program Pembelajaran melalui pangkalan data Pendidikan Tinggi. | D15: S.007/006 | E15: SN DIKTI
... A62: 59 | B62: Standar Kerjasama Kelembagaan | C62: Tersedia mitra kerjasama baru minimal 5 mitra setiap tahun. | D62: S.029/007 | E62: UKSW

Sheet Form Monev UPPS LAM PTKES NERS
A1: FORMULIR MONITORING DAN EVALUASI KINERJA LEVEL UNIT PENGELOLA PROGRAM STUDI (LAM PT-KES NERS)
A3: No. | B3: Nama Standar | C3: Indikator | D3: Kode Indikator | E3: Sumber | F3: Persentase Capaian (tuliskan seberapa besar persentase pencapaian UPPS terhadap setiap indikator, persentase dituliskan berdasarkan penilaian pimpinan PT/evaluasi diri) | G3: Evaluasi Diri (deskripsikan data capaian indikator, dapat berupa data kuantitatif/kualitatif, faktor pendukung/penghambat, masalah yang dihadapi, dan link dokumen bukti) | H3: Tindak Lanjut (tuliskan tindak lanjut yang dilakukan untuk memperbaiki atau meningkatkan capaian indikator)
A4: 1 | B4: Standar Sarana dan Prasarana Pembelajaran | C4: Terlaksana pengembangan sarana pembelajaran di semua fakultas setiap tahun. | D4: S.006/006 | E4: UKSW
A5: 2 | B5: Standar Sarana dan Prasarana Pembelajaran | C5: Tersedia laboratorium microteaching, lengkap dengan perlengkapan dan peralatan yang mutakhir dan terawat. | D5: S.006/007 | E5: QS STARS RATING
A6: 3 | B6: Standar Pengelolaan Pembelajaran | C6: Tersedia Rencana Strategis dan Rencana Operasional yang memuat rencana pelaksanaan program pembelajaran | D6: S.007/001 | E6: SN DIKTI
A7: 4 | B7: Standar Pengelolaan Pembelajaran | C7: Terlaksana program pembelajaran sesuai dengan Rencana Strategis dan Rencana Operasional. | D7: S.007/002 | E7: SN DIKTI
A8: 5 | B8: Standar Pengelolaan Pembelajaran | C8: Terlaksana penjaminan mutu pengelolaan Program Studi dalam melaksanakan program Pembelajaran secara berkelanjutan dengan sasaran yang sesuai dengan visi dan misi. | D8: S.007/003 | E8: SN DIKTI
A9: 6 | B9: Standar Pengelolaan Pembelajaran | C9: Terlaksana pemantauan dan evaluasi terhadap kegiatan Program Studi dalam melaksanakan kegiatan Pembelajaran. | D9: S.007/004 | E9: SN DIKTI
A10: 7 | B10: Standar Pengelolaan Pembelajaran | C10: Tersedia panduan perencanaan, pelaksanaan, evaluasi, pengawasan, penjaminan mutu, dan pengembangan kegiatan Pembelajaran dan Dosen | D10: S.007/005 | E10: SN DIKTI
A11: 8 | B11: Standar Pengelolaan Pembelajaran | C11: Terlaksana pelaporan kinerja Program Studi dalam menyelenggarakan program Pembelajaran melalui pangkalan data Pendidikan Tinggi. | D11: S.007/006 | E11: SN DIKTI
A12: 9 | B12: Standar Pengelolaan Pembelajaran | C12: Terdokumentasi seluruh proses pembelajaran, mulai dari perencanaan, pelaksanaan, pengendalian, pemantauan dan evaluasi, serta pelaporan kegiatan pembelajaran pada SIIMUT. | D12: S.007/007 | E12: UKSW
A13: 10 | B13: Standar Pengelolaan Pembelajaran | C13: Tersedia dan terselenggara sistem aduan akademik untuk mahasiswa untuk menyelesaikan masalah-masalah akademik dengan tingkat persentase penyelesaian masalah mencapai 100% | D13: S.007/008 | E13: UKSW
A14: 11 | B14: Standar Pembiayaan Pembelajaran | C14: Terlaksana audit internal terhadap pengelolaan keuangan di UPPS. | D14: S.008/012 | E14: LAM PT-KES NERS
A15: 12 | B15: Standar Pembiayaan Pembelajaran | C15: Tercapainya jumlah pendapatan institusi pada bidang pendidikan minimal sebesar Rp20 juta per mahasiswa per tahun | D15: S.008/013 | E15: THE
... A55: 52 | B55: Standar Kerjasama Kelembagaan | C55: Tersedia mitra kerjasama baru minimal 5 mitra setiap tahun. | D55: S.029/007 | E55: UKSW

Sheet Form Monev UPPS LAM PTKES GIZI
A1: FORMULIR MONITORING DAN EVALUASI KINERJA LEVEL UNIT PENGELOLA PROGRAM STUDI (LAM PT-KES GIZI)
A3: No. | B3: Nama Standar | C3: Indikator | D3: Kode Indikator | E3: Sumber | F3: Persentase Capaian (tuliskan seberapa besar persentase pencapaian UPPS terhadap setiap indikator, persentase dituliskan berdasarkan penilaian pimpinan PT/evaluasi diri) | G3: Evaluasi Diri (deskripsikan data capaian indikator, dapat berupa data kuantitatif/kualitatif, faktor pendukung/penghambat, masalah yang dihadapi, dan link dokumen bukti) | H3: Tindak Lanjut (tuliskan tindak lanjut yang dilakukan untuk memperbaiki atau meningkatkan capaian indikator)
A4: 1 | B4: Standar Sarana dan Prasarana Pembelajaran | C4: Terlaksana pengembangan sarana pembelajaran di semua fakultas setiap tahun. | D4: S.006/006 | E4: UKSW
A5: 2 | B5: Standar Sarana dan Prasarana Pembelajaran | C5: Tersedia laboratorium microteaching, lengkap dengan perlengkapan dan peralatan yang mutakhir dan terawat. | D5: S.006/007 | E5: QS STARS RATING
A6: 3 | B6: Standar Pengelolaan Pembelajaran | C6: Tersedia Rencana Strategis dan Rencana Operasional yang memuat rencana pelaksanaan program pembelajaran | D6: S.007/001 | E6: SN DIKTI
A7: 4 | B7: Standar Pengelolaan Pembelajaran | C7: Terlaksana program pembelajaran sesuai dengan Rencana Strategis dan Rencana Operasional. | D7: S.007/002 | E7: SN DIKTI
A8: 5 | B8: Standar Pengelolaan Pembelajaran | C8: Terlaksana penjaminan mutu pengelolaan Program Studi dalam melaksanakan program Pembelajaran secara berkelanjutan dengan sasaran yang sesuai dengan visi dan misi. | D8: S.007/003 | E8: SN DIKTI
A9: 6 | B9: Standar Pengelolaan Pembelajaran | C9: Terlaksana pemantauan dan evaluasi terhadap kegiatan Program Studi dalam melaksanakan kegiatan Pembelajaran. | D9: S.007/004 | E9: SN DIKTI
A10: 7 | B10: Standar Pengelolaan Pembelajaran | C10: Tersedia panduan perencanaan, pelaksanaan, evaluasi, pengawasan, penjaminan mutu, dan pengembangan kegiatan Pembelajaran dan Dosen | D10: S.007/005 | E10: SN DIKTI
A11: 8 | B11: Standar Pengelolaan Pembelajaran | C11: Terlaksana pelaporan kinerja Program Studi dalam menyelenggarakan program Pembelajaran melalui pangkalan data Pendidikan Tinggi. | D11: S.007/006 | E11: SN DIKTI
A12: 9 | B12: Standar Pengelolaan Pembelajaran | C12: Terdokumentasi seluruh proses pembelajaran, mulai dari perencanaan, pelaksanaan, pengendalian, pemantauan dan evaluasi, serta pelaporan kegiatan pembelajaran pada SIIMUT. | D12: S.007/007 | E12: UKSW
A13: 10 | B13: Standar Pengelolaan Pembelajaran | C13: Tersedia dan terselenggara sistem aduan akademik untuk mahasiswa untuk menyelesaikan masalah-masalah akademik dengan tingkat persentase penyelesaian masalah mencapai 100% | D13: S.007/008 | E13: UKSW
A14: 11 | B14: Standar Pembiayaan Pembelajaran | C14: Terlaksana audit internal terhadap pengelolaan keuangan di UPPS. | D14: S.008/012 | E14: LAM PT-KES GIZI
A15: 12 | B15: Standar Pembiayaan Pembelajaran | C15: Tercapainya jumlah pendapatan institusi pada bidang pendidikan minimal sebesar Rp20 juta per mahasiswa per tahun | D15: S.008/013 | E15: THE
... A55: 52 | B55: Standar Kerjasama Kelembagaan | C55: Tersedia mitra kerjasama baru minimal 5 mitra setiap tahun. | D55: S.029/007 | E55: UKSW

Sheet Form Monev UPPS LAMDIK
A1: FORMULIR MONITORING DAN EVALUASI KINERJA LEVEL UNIT PENGELOLA PROGRAM STUDI (LAMDIK)
A3: No. | B3: Nama Standar | C3: Indikator | D3: Kode Indikator | E3: Sumber | F3: Persentase Capaian (tuliskan seberapa besar persentase pencapaian UPPS terhadap setiap indikator, persentase dituliskan berdasarkan penilaian pimpinan PT/evaluasi diri) | G3: Evaluasi Diri (deskripsikan data capaian indikator, dapat berupa data kuantitatif/kualitatif, faktor pendukung/penghambat, masalah yang dihadapi, dan link dokumen bukti) | H3: Tindak Lanjut (tuliskan tindak lanjut yang dilakukan untuk memperbaiki atau meningkatkan capaian indikator)
A4: 1 | B4: Standar Kompetensi Lulusan | C4: Tersedia SK Rektor/ SK Dekan tentang keluaran dan capaian tridharma PT, dan telah disosialisasikan, dilaksanakan, dievaluasi dan ditindaklanjuti. | D4: S.001/015 | E4: LAMDIK
A5: 2 | B5: Standar Dosen dan Tendik | C5: Tersedia dan terimplementasi kebijakan rekrutmen dan seleksi dosen yang mencakup tes kompetensi pedagogik (tes kemampuan bidang studi, peer teaching, dan wawancara); penghargaan, sanksi dan pemutusan hubungan kerja bagi dosen, dilaksanakan secara konsisten dan didokumentasikan secara baik. | D5: S.005/016 | E5: LAMDIK
A6: 3 | B6: Standar Dosen dan Tendik | C6: Tersedia dana dan fasilitas bagi dosen tetap pada program studi kependidikan untuk mengikuti kegiatan keprofesian berkelanjutan seperti studi lanjut, postdoc, academic recharging program (ARP), kursus singkat, magang, pelatihan, sertifikasi, konferensi, seminar, dan lokakarya dalam 3 tahun terakhir. | D6: S.005/019 | E6: LAMDIK
A7: 4 | B7: Standar Dosen dan Tendik | C7: Tersedia dan terimplementasi kebijakan rekrutmen dan tes seleksi tenaga kependidikan secara lengkap, penghargaan, sanksi dan pemutusan hubungan kerja bagi tenaga kependidikan, dilaksanakan secara konsisten dan didokumentasikan dengan baik. | D7: S.005/020 | E7: LAMDIK
A8: 5 | B8: Standar Dosen dan Tendik | C8: Tersedia dana dan fasilitas bagi tenaga kependidikan pada program studi kependidikan untuk mengikuti program pengembangan seperti studi lanjut, diklat, workshop, sertifikasi, magang, atau peningkatan pelayanan umum lainnya (excellent service) yang relevan dengan tugas pokok dan fungsinya. | D8: S.005/021 | E8: LAMDIK
A9: 6 | B9: Standar Dosen dan Tendik | C9: Tersedia dan terimplementasi kebijakan, pedoman dan instrumen survei kepuasan dosen dan tenaga kependidikan terhadap pengelolaan SDM yang dilaksanakan secara rutin setiap tahun, berkesinambungan, hasilnya dilaporkan dan ditindaklanjuti. | D9: S.005/022 | E9: LAMDIK
A10: 7 | B10: Standar Dosen dan Tendik | C10: Tersedia dan terimplementasi kebijakan, pedoman dan instrumen survei kepuasan dosen dan tenaga kependidikan terhadap pengelolaan SDM yang dilaksanakan secara rutin setiap tahun, berkesinambungan, hasilnya dilaporkan dan ditindaklanjuti. | D10: S.005/023 | E10: LAMDIK
A11: 8 | B11: Standar Sarana dan Prasarana Pembelajaran | C11: Terlaksana pengembangan sarana pembelajaran di semua fakultas setiap tahun. | D11: S.006/006 | E11: UKSW
A12: 9 | B12: Standar Sarana dan Prasarana Pembelajaran | C12: Tersedia laboratorium microteaching, lengkap dengan perlengkapan dan peralatan yang mutakhir dan terawat. | D12: S.006/007 | E12: LAMDIK
A13: 10 | B13: Standar Sarana dan Prasarana Pembelajaran | C13: Tersedia laboratorium microteaching, lengkap dengan perlengkapan dan peralatan yang mutakhir dan terawat. | D13: S.006/007 | E13: QS STARS RATING
A14: 11 | B14: Standar Pengelolaan Pembelajaran | C14: Tersedia Rencana Strategis dan Rencana Operasional yang memuat rencana pelaksanaan program pembelajaran | D14: S.007/001 | E14: SN DIKTI
A15: 12 | B15: Standar Pengelolaan Pembelajaran | C15: Terlaksana program pembelajaran sesuai dengan Rencana Strategis dan Rencana Operasional. | D15: S.007/002 | E15: SN DIKTI
... A60: 57 | B60: Standar Kerjasama Kelembagaan | C60: Tersedia mitra kerjasama baru minimal 5 mitra setiap tahun. | D60: S.029/007 | E60: UKSW

Sheet Form Monev UPPS LAMEMBA
A1: FORMULIR MONITORING DAN EVALUASI KINERJA LEVEL UNIT PENGELOLA PROGRAM STUDI (LAMEMBA)
A3: No. | B3: Nama Standar | C3: Indikator | D3: Kode Indikator | E3: Sumber | F3: Persentase Capaian (tuliskan seberapa besar persentase pencapaian UPPS terhadap setiap indikator, persentase dituliskan berdasarkan penilaian pimpinan PT/evaluasi diri) | G3: Evaluasi Diri (deskripsikan data capaian indikator, dapat berupa data kuantitatif/kualitatif, faktor pendukung/penghambat, masalah yang dihadapi, dan link dokumen bukti) | H3: Tindak Lanjut (tuliskan tindak lanjut yang dilakukan untuk memperbaiki atau meningkatkan capaian indikator)
A4: 1 | B4: Standar Dosen dan Tendik | C4: Tersedia dan terimplementasi kebijakan dan pedoman pengembangan karir dosen dan tenaga kependidikan yang terlaksana secara konsisten dan terdokumentasi dengan baik. | D4: S.005/024 | E4: LAMEMBA
A5: 2 | B5: Standar Dosen dan Tendik | C5: Tersedia dan terimplementasi kebijakan dan pedoman pengembangan karir dosen dan tenaga kependidikan yang terlaksana secara konsisten dan terdokumentasi dengan baik. | D5: S.005/025 | E5: LAMEMBA
A6: 3 | B6: Standar Sarana dan Prasarana Pembelajaran | C6: Terlaksana pengembangan sarana pembelajaran di semua fakultas setiap tahun. | D6: S.006/006 | E6: UKSW
A7: 4 | B7: Standar Sarana dan Prasarana Pembelajaran | C7: Tersedia laboratorium microteaching, lengkap dengan perlengkapan dan peralatan yang mutakhir dan terawat. | D7: S.006/007 | E7: QS STARS RATING
A8: 5 | B8: Standar Sarana dan Prasarana Pembelajaran | C8: Tersedia dan terealisasi rencana pengembangan sarana prasarana pembelajaran. | D8: S.006/008 | E8: LAMEMBA
A9: 6 | B9: Standar Pengelolaan Pembelajaran | C9: Tersedia Rencana Strategis dan Rencana Operasional yang memuat rencana pelaksanaan program pembelajaran | D9: S.007/001 | E9: SN DIKTI
A10: 7 | B10: Standar Pengelolaan Pembelajaran | C10: Terlaksana program pembelajaran sesuai dengan Rencana Strategis dan Rencana Operasional. | D10: S.007/002 | E10: SN DIKTI
A11: 8 | B11: Standar Pengelolaan Pembelajaran | C11: Terlaksana penjaminan mutu pengelolaan Program Studi dalam melaksanakan program Pembelajaran secara berkelanjutan dengan sasaran yang sesuai dengan visi dan misi. | D11: S.007/003 | E11: SN DIKTI
A12: 9 | B12: Standar Pengelolaan Pembelajaran | C12: Terlaksana pemantauan dan evaluasi terhadap kegiatan Program Studi dalam melaksanakan kegiatan Pembelajaran. | D12: S.007/004 | E12: SN DIKTI
A13: 10 | B13: Standar Pengelolaan Pembelajaran | C13: Tersedia panduan perencanaan, pelaksanaan, evaluasi, pengawasan, penjaminan mutu, dan pengembangan kegiatan Pembelajaran dan Dosen | D13: S.007/005 | E13: SN DIKTI
A14: 11 | B14: Standar Pengelolaan Pembelajaran | C14: Terlaksana pelaporan kinerja Program Studi dalam menyelenggarakan program Pembelajaran melalui pangkalan data Pendidikan Tinggi. | D14: S.007/006 | E14: SN DIKTI
A15: 12 | B15: Standar Pengelolaan Pembelajaran | C15: Terdokumentasi seluruh proses pembelajaran, mulai dari perencanaan, pelaksanaan, pengendalian, pemantauan dan evaluasi, serta pelaporan kegiatan pembelajaran pada SIIMUT. | D15: S.007/007 | E15: UKSW
... A58: 55 | B58: Standar Kerjasama Kelembagaan | C58: Tersedia mitra kerjasama baru minimal 5 mitra setiap tahun. | D58: S.029/007 | E58: UKSW

Sheet Form Monev UPPS LAMSAMA
A1: FORMULIR MONITORING DAN EVALUASI KINERJA LEVEL UNIT PENGELOLA PROGRAM STUDI (LAMSAMA)
A3: No. | B3: Nama Standar | C3: Indikator | D3: Kode Indikator | E3: Sumber | F3: Persentase Capaian (tuliskan seberapa besar persentase pencapaian UPPS terhadap setiap indikator, persentase dituliskan berdasarkan penilaian pimpinan PT/evaluasi diri) | G3: Evaluasi Diri (deskripsikan data capaian indikator, dapat berupa data kuantitatif/kualitatif, faktor pendukung/penghambat, masalah yang dihadapi, dan link dokumen bukti) | H3: Tindak Lanjut (tuliskan tindak lanjut yang dilakukan untuk memperbaiki atau meningkatkan capaian indikator)
A4: 1 | B4: Standar Sarana dan Prasarana Penelitian | C4: Tersedianya sarana dan prasarana yang relevan dan mutakhir untuk mendukung kegiatan penelitian dan memfasilitasi mahasiswa berkebutuhan khusus. | D4: S.014/001 | E4: APT
A5: 2 | B5: Standar Sarana dan Prasarana PkM | C5: Tersedianya sarana dan prasarana yang relevan dan mutakhir untuk mendukung kegiatan pengabdian kepada masyarakat dan memfasilitasi mahasiswa berkebutuhan khusus. | D5: S.022/001 | E5: APT
A6: 3 | B6: Standar Tata Kelola dan Tata Pamong | C6: Terlaksananya upaya pencapaian akreditasi internasional minimal 8 prodi. | D6: S.026/014 | E6: APT
A7: 4 | B7: Standar Tata Kelola dan Tata Pamong | C7: Terlaksananya upaya pencapaian akreditasi nasional yang mencapai 50 prodi unggul dan sisanya baik sekali | D7: S.026/016 | E7: APT
A8: 5 | B8: Standar Sarana dan Prasarana Pembelajaran | C8: Tersedia laboratorium untuk pelaksanaan pembelajaran dan pengembangan suasana akademik. | D8: S.006/012 | E8: LAMSAMA
A9: 6 | B9: Standar Sarana dan Prasarana Pembelajaran | C9: Tersedia laboratorium microteaching, lengkap dengan perlengkapan dan peralatan yang mutakhir dan terawat. | D9: S.006/007 | E9: QS STARS RATING
A10: 7 | B10: Standar Pengelolaan Pembelajaran | C10: Tersedia Rencana Strategis dan Rencana Operasional yang memuat rencana pelaksanaan program pembelajaran | D10: S.007/001 | E10: SN DIKTI
A11: 8 | B11: Standar Pengelolaan Pembelajaran | C11: Terlaksana program pembelajaran sesuai dengan Rencana Strategis dan Rencana Operasional. | D11: S.007/002 | E11: SN DIKTI
A12: 9 | B12: Standar Pengelolaan Pembelajaran | C12: Terlaksana penjaminan mutu pengelolaan Program Studi dalam melaksanakan program Pembelajaran secara berkelanjutan dengan sasaran yang sesuai dengan visi dan misi. | D12: S.007/003 | E12: SN DIKTI
A13: 10 | B13: Standar Pengelolaan Pembelajaran | C13: Terlaksana pemantauan dan evaluasi terhadap kegiatan Program Studi dalam melaksanakan kegiatan Pembelajaran. | D13: S.007/004 | E13: SN DIKTI
A14: 11 | B14: Standar Pengelolaan Pembelajaran | C14: Tersedia panduan perencanaan, pelaksanaan, evaluasi, pengawasan, penjaminan mutu, dan pengembangan kegiatan Pembelajaran dan Dosen | D14: S.007/005 | E14: SN DIKTI
A15: 12 | B15: Standar Pengelolaan Pembelajaran | C15: Terlaksana pelaporan kinerja Program Studi dalam menyelenggarakan program Pembelajaran melalui pangkalan data Pendidikan Tinggi. | D15: S.007/006 | E15: SN DIKTI
... A51: 48 | B51: Standar Kerjasama Kelembagaan | C51: Tersedia mitra kerjasama baru minimal 5 mitra setiap tahun. | D51: S.029/007 | E51: UKSW

Sheet Form Monev UPPS LAMTEK
A1: FORMULIR MONITORING DAN EVALUASI KINERJA LEVEL UNIT PENGELOLA PROGRAM STUDI (LAMTEK)
A3: No. | B3: Nama Standar | C3: Indikator | D3: Kode Indikator | E3: Sumber | F3: Persentase Capaian (tuliskan seberapa besar persentase pencapaian UPPS terhadap setiap indikator, persentase dituliskan berdasarkan penilaian pimpinan PT/evaluasi diri) | G3: Evaluasi Diri (deskripsikan data capaian indikator, dapat berupa data kuantitatif/kualitatif, faktor pendukung/penghambat, masalah yang dihadapi, dan link dokumen bukti) | H3: Tindak Lanjut (tuliskan tindak lanjut yang dilakukan untuk memperbaiki atau meningkatkan capaian indikator)
A4: 1 | B4: Standar Sarana dan Prasarana Pembelajaran | C4: Terlaksana pengembangan sarana pembelajaran di semua fakultas setiap tahun. | D4: S.006/006 | E4: UKSW
A5: 2 | B5: Standar Sarana dan Prasarana Pembelajaran | C5: Tersedia laboratorium microteaching, lengkap dengan perlengkapan dan peralatan yang mutakhir dan terawat. | D5: S.006/007 | E5: QS STARS RATING
A6: 3 | B6: Standar Pengelolaan Pembelajaran | C6: Tersedia Rencana Strategis dan Rencana Operasional yang memuat rencana pelaksanaan program pembelajaran | D6: S.007/001 | E6: SN DIKTI
A7: 4 | B7: Standar Pengelolaan Pembelajaran | C7: Terlaksana program pembelajaran sesuai dengan Rencana Strategis dan Rencana Operasional. | D7: S.007/002 | E7: SN DIKTI
A8: 5 | B8: Standar Pengelolaan Pembelajaran | C8: Terlaksana penjaminan mutu pengelolaan Program Studi dalam melaksanakan program Pembelajaran secara berkelanjutan dengan sasaran yang sesuai dengan visi dan misi. | D8: S.007/003 | E8: SN DIKTI
A9: 6 | B9: Standar Pengelolaan Pembelajaran | C9: Terlaksana pemantauan dan evaluasi terhadap kegiatan Program Studi dalam melaksanakan kegiatan Pembelajaran. | D9: S.007/004 | E9: SN DIKTI
A10: 7 | B10: Standar Pengelolaan Pembelajaran | C10: Tersedia panduan perencanaan, pelaksanaan, evaluasi, pengawasan, penjaminan mutu, dan pengembangan kegiatan Pembelajaran dan Dosen | D10: S.007/005 | E10: SN DIKTI
A11: 8 | B11: Standar Pengelolaan Pembelajaran | C11: Terlaksana pelaporan kinerja Program Studi dalam menyelenggarakan program Pembelajaran melalui pangkalan data Pendidikan Tinggi. | D11: S.007/006 | E11: SN DIKTI
A12: 9 | B12: Standar Pengelolaan Pembelajaran | C12: Terdokumentasi seluruh proses pembelajaran, mulai dari perencanaan, pelaksanaan, pengendalian, pemantauan dan evaluasi, serta pelaporan kegiatan pembelajaran pada SIIMUT. | D12: S.007/007 | E12: UKSW
A13: 10 | B13: Standar Pengelolaan Pembelajaran | C13: Tersedia dan terselenggara sistem aduan akademik untuk mahasiswa untuk menyelesaikan masalah-masalah akademik dengan tingkat persentase penyelesaian masalah mencapai 100% | D13: S.007/008 | E13: UKSW
A14: 11 | B14: Standar Pembiayaan Pembelajaran | C14: Tercapainya jumlah pendapatan institusi pada bidang pendidikan minimal sebesar Rp20 juta per mahasiswa per tahun | D14: S.008/013 | E14: THE
A15: 12 | B15: Standar Penilaian Penelitian | C15: Tersedia reviewer penelitian tingkat nasional yang tersertifikasi minimal 1 orang per fakultas. | D15: S.012/004 | E15: UKSW
... A51: 48 | B51: Standar Kerjasama Kelembagaan | C51: Tersedia mitra kerjasama baru minimal 5 mitra setiap tahun. | D51: S.029/007 | E51: UKSW

Sheet Form Monev PS BAN-PT
A1: FORMULIR MONITORING DAN EVALUASI KINERJA LEVEL PROGRAM STUDI (BAN-PT)
A3: No. | B3: Nama Standar | C3: Indikator | D3: Kode Indikator | E3: Sumber | F3: Persentase Capaian (tuliskan seberapa besar persentase pencapaian prodi terhadap setiap indikator, persentase dituliskan berdasarkan penilaian pimpinan PT/evaluasi diri) | G3: Evaluasi Diri (deskripsikan data capaian indikator, dapat berupa data kuantitatif/kualitatif, faktor pendukung/penghambat, masalah yang dihadapi, dan link dokumen bukti) | H3: Tindak Lanjut (tuliskan tindak lanjut yang dilakukan untuk memperbaiki atau meningkatkan capaian indikator)
A4: 1 | B4: Standar Kompetensi Lulusan | C4: Tercapai target 100% mahasiswa yang lulus telah memenuhi KKM minimal 1.000 poin. | D4: S.001/013 | E4: UKSW
A5: 2 | B5: Standar Isi Pembelajaran | C5: Tersedianya matakuliah program studi yang memungkinkan diambil oleh mahasiswa dari luar program studi di dalam UKSW, mahasiswa dari luar program studi di luar UKSW, dan mahasiswa asing. | D5: S.002/008 | E5: UKSW
A6: 3 | B6: Standar Proses Pembelajaran | C6: Terlaksana Doa Pembukaan pada perkuliahan jam semua perkuliahan yang dilaksanakan pada jam pertama dan Doa Penutupan pada semua perkuliahan yang dilaksanakan pada jam terakhir setiap hari. | D6: S.003/017 | E6: UKSW
A7: 4 | B7: Standar Proses Pembelajaran | C7: Terlaksananya kegiatan belajar mahasiswa yang dilakukan di luar kelas. | D7: S.003/026 | E7: QS STARS RATING
A8: 5 | B8: Standar Proses Pembelajaran | C8: Terlaksana kegiatan pembelajaran daring dengan baik dan lancar. | D8: S.003/028 | E8: QS STARS RATING
A9: 6 | B9: Standar Penilaian Pembelajaran | C9: Terlaksana penilaian dengan model PAN (Penilaian Acuan Norma) dan PAP (Penilaian Acuan Patokan) | D9: S.004/007 | E9: UKSW
A10: 7 | B10: Standar Penilaian Pembelajaran | C10: Terlaksananya survei kepuasan mahasiswa terhadap layanan mengajar dosen yang lengkap, antara lain: 1) Menggunakan instrumen yang valid dan mudah digunakan; 2) Dilaksanakan setiap semester dan terekam secara lengkap; 3) Dianalisis dengan metode ilmiah yang tepat untuk pengambilan keputusan; 4) Dilakukan review terhadap proses dan hasil survei; 5) Ditindaklanjuti hasilnya; dan 6) Dipublikasikan hasilnya agar mudah diakses para pemangku kepentingan. | D10: S.004/009 | E10: QS STARS RATING
A11: 8 | B11: Standar Penilaian Pembelajaran | C11: Terlaksananya survei kepuasan mahasiswa terhadap layanan mengajar dosen yang lengkap, antara lain: 1) Menggunakan instrumen yang valid dan mudah digunakan; 2) Dilaksanakan setiap semester dan terekam secara lengkap; 3) Dianalisis dengan metode ilmiah yang tepat untuk pengambilan keputusan; 4) Dilakukan review terhadap proses dan hasil survei; 5) Ditindaklanjuti hasilnya; dan 6) Dipublikasikan hasilnya agar mudah diakses para pemangku kepentingan. | D11: S.004/009 | E11: THE
A12: 9 | B12: Standar Dosen dan Tendik | C12: Tercapainya kecukupan jumlah dosen Doktor untuk memenuhi rasio jumlah dosen Doktor terhadap mahasiswa Sarjana minimal 1:40 | D12: S.005/031 | E12: THE
A13: 10 | B13: Standar Sarana dan Prasarana Pembelajaran | C13: Tersedia koleksi perpustakaan yang sesuai dengan bidang kompetensi program studi. | D13: S.006/005 | E13: QS STARS RATING
A14: 11 | B14: Standar Sarana dan Prasarana Pembelajaran | C14: Tersedia koleksi perpustakaan yang sesuai dengan bidang kompetensi program studi. | D14: S.006/005 | E14: UKSW
A15: 12 | B15: Standar Pengelolaan Pembelajaran | C15: Tersedia pusat pembelajaran akademik yang dapat dimanfaatkan oleh mahasiswa | D15: S.007/009 | E15: QS STARS RATING
... A33: 30 | B33: Admisi Kemahasiswaan | C33: Terlaksananya pembatasan penerimaan mahasiswa transfer maksimal sebanyak 5% dari keseluruhan jumlah mahasiswa program studi, untuk semua program studi. | D33: S.027/008 | E33: UKSW

Sheet Form Monev PS LAM INFOKOM
A1: FORMULIR MONITORING DAN EVALUASI KINERJA LEVEL PROGRAM STUDI (LAM INFOKOM)
A3: No. | B3: Nama Standar | C3: Indikator | D3: Kode Indikator | E3: Sumber | F3: Persentase Capaian (tuliskan seberapa besar persentase pencapaian prodi terhadap setiap indikator, persentase dituliskan berdasarkan penilaian pimpinan PT/evaluasi diri) | G3: Evaluasi Diri (deskripsikan data capaian indikator, dapat berupa data kuantitatif/kualitatif, faktor pendukung/penghambat, masalah yang dihadapi, dan link dokumen bukti) | H3: Tindak Lanjut (tuliskan tindak lanjut yang dilakukan untuk memperbaiki atau meningkatkan capaian indikator)
A4: 1 | B4: Standar Kompetensi Lulusan | C4: Tercapai target 100% mahasiswa yang lulus telah memenuhi KKM minimal 1.000 poin. | D4: S.001/013 | E4: UKSW
A5: 2 | B5: Standar Kompetensi Lulusan | C5: Tersedia karya dosen dan/atau mahasiswa yang dihasilkan melalui proses pembelajaran yang mendapat HKI. | D5: S.001/014 | E5: LAM INFOKOM
A6: 3 | B6: Standar Isi Pembelajaran | C6: Tersedianya matakuliah program studi yang memungkinkan diambil oleh mahasiswa dari luar program studi di dalam UKSW, mahasiswa dari luar program studi di luar UKSW, dan mahasiswa asing. | D6: S.002/008 | E6: UKSW
A7: 4 | B7: Standar Proses Pembelajaran | C7: Terlaksana Doa Pembukaan pada perkuliahan jam semua perkuliahan yang dilaksanakan pada jam pertama dan Doa Penutupan pada semua perkuliahan yang dilaksanakan pada jam terakhir setiap hari. | D7: S.003/017 | E7: UKSW
A8: 5 | B8: Standar Proses Pembelajaran | C8: Tersedia dan terimplementasi mekanisme proses penyelesaian tugas akhir/ tesis/ disertasi. | D8: S.003/018 | E8: LAM INFOKOM
A9: 6 | B9: Standar Proses Pembelajaran | C9: Terlaksananya kegiatan belajar mahasiswa yang dilakukan di luar kelas. | D9: S.003/026 | E9: QS STARS RATING
A10: 7 | B10: Standar Proses Pembelajaran | C10: Terlaksana kegiatan pembelajaran daring dengan baik dan lancar. | D10: S.003/028 | E10: QS STARS RATING
A11: 8 | B11: Standar Penilaian Pembelajaran | C11: Terlaksana penilaian dengan model PAN (Penilaian Acuan Norma) dan PAP (Penilaian Acuan Patokan) | D11: S.004/007 | E11: UKSW
A12: 9 | B12: Standar Penilaian Pembelajaran | C12: Terlaksananya survei kepuasan mahasiswa terhadap layanan mengajar dosen yang lengkap, antara lain: 1) Menggunakan instrumen yang valid dan mudah digunakan; 2) Dilaksanakan setiap semester dan terekam secara lengkap; 3) Dianalisis dengan metode ilmiah yang tepat untuk pengambilan keputusan; 4) Dilakukan review terhadap proses dan hasil survei; 5) Ditindaklanjuti hasilnya; dan 6) Dipublikasikan hasilnya agar mudah diakses para pemangku kepentingan. | D12: S.004/009 | E12: QS STARS RATING
A13: 10 | B13: Standar Penilaian Pembelajaran | C13: Terlaksananya survei kepuasan mahasiswa terhadap layanan mengajar dosen yang lengkap, antara lain: 1) Menggunakan instrumen yang valid dan mudah digunakan; 2) Dilaksanakan setiap semester dan terekam secara lengkap; 3) Dianalisis dengan metode ilmiah yang tepat untuk pengambilan keputusan; 4) Dilakukan review terhadap proses dan hasil survei; 5) Ditindaklanjuti hasilnya; dan 6) Dipublikasikan hasilnya agar mudah diakses para pemangku kepentingan. | D13: S.004/009 | E13: THE
A14: 11 | B14: Standar Dosen dan Tendik | C14: Tercapainya kecukupan jumlah dosen Doktor untuk memenuhi rasio jumlah dosen Doktor terhadap mahasiswa Sarjana minimal 1:40 | D14: S.005/031 | E14: THE
A15: 12 | B15: Standar Sarana dan Prasarana Pembelajaran | C15: Tersedia koleksi perpustakaan yang sesuai dengan bidang kompetensi program studi. | D15: S.006/005 | E15: QS STARS RATING
... A37: 34 | B37: Admisi Kemahasiswaan | C37: Terlaksananya pembatasan penerimaan mahasiswa transfer maksimal sebanyak 5% dari keseluruhan jumlah mahasiswa program studi, untuk semua program studi. | D37: S.027/008 | E37: UKSW

Sheet Form Monev PS LAM PTKES NERS
A1: FORMULIR MONITORING DAN EVALUASI KINERJA LEVEL PROGRAM STUDI (LAM PT-KES NERS)
A3: No. | B3: Nama Standar | C3: Indikator | D3: Kode Indikator | E3: Sumber | F3: Persentase Capaian (tuliskan seberapa besar persentase pencapaian prodi terhadap setiap indikator, persentase dituliskan berdasarkan penilaian pimpinan PT/evaluasi diri) | G3: Evaluasi Diri (deskripsikan data capaian indikator, dapat berupa data kuantitatif/kualitatif, faktor pendukung/penghambat, masalah yang dihadapi, dan link dokumen bukti) | H3: Tindak Lanjut (tuliskan tindak lanjut yang dilakukan untuk memperbaiki atau meningkatkan capaian indikator)
A4: 1 | B4: Standar Kompetensi Lulusan | C4: Tercapai target 100% mahasiswa yang lulus telah memenuhi KKM minimal 1.000 poin. | D4: S.001/013 | E4: UKSW
A5: 2 | B5: Standar Kompetensi Lulusan | C5: Tercapainya target 80% lulusan Ners mampu lulus Uji Kompetensi Ners Indonesia (UKNI) dalam tiga tahun terakhir. | D5: S.001/018 | E5: LAM PT-KES NERS
A6: 3 | B6: Standar Kompetensi Lulusan | C6: Tercapainya target 80% lulusan Ners mampu lulus Uji Kompetensi Ners Indonesia Objective Structured Clinical Examination (UKNIOSCE) dalam tiga tahun terakhir. | D6: S.001/019 | E6: LAM PT-KES NERS
A7: 4 | B7: Standar Isi Pembelajaran | C7: Tersedianya matakuliah program studi yang memungkinkan diambil oleh mahasiswa dari luar program studi di dalam UKSW, mahasiswa dari luar program studi di luar UKSW, dan mahasiswa asing. | D7: S.002/008 | E7: UKSW
A8: 5 | B8: Standar Isi Pembelajaran | C8: Tersedia mata kuliah praktikum yang memiliki modul praktikum dan pelaksanaannya sesuai dengan jumlah beban studi dan tempat praktikum pada tahap akademik minimal 80% dari keseluruhan matakuliah. | D8: S.002/011 | E8: LAM PT-KES NERS
A9: 6 | B9: Standar Isi Pembelajaran | C9: Tersedia mata kuliah praktikum yang memiliki modul praktikum dan pelaksanaannya sesuai dengan jumlah beban studi dan tempat praktikum pada tahap profesi masing-masing minimal 80% dari keseluruhan matakuliah. | D9: S.002/012 | E9: LAM PT-KES NERS
A10: 7 | B10: Standar Proses Pembelajaran | C10: Terlaksana Doa Pembukaan pada perkuliahan jam semua perkuliahan yang dilaksanakan pada jam pertama dan Doa Penutupan pada semua perkuliahan yang dilaksanakan pada jam terakhir setiap hari. | D10: S.003/017 | E10: UKSW
A11: 8 | B11: Standar Proses Pembelajaran | C11: Terlaksananya kegiatan belajar mahasiswa yang dilakukan di luar kelas. | D11: S.003/026 | E11: QS STARS RATING
A12: 9 | B12: Standar Proses Pembelajaran | C12: Terlaksana kegiatan pembelajaran daring dengan baik dan lancar. | D12: S.003/028 | E12: QS STARS RATING
A13: 10 | B13: Standar Penilaian Pembelajaran | C13: Terlaksana penilaian dengan model PAN (Penilaian Acuan Norma) dan PAP (Penilaian Acuan Patokan) | D13: S.004/007 | E13: UKSW
A14: 11 | B14: Standar Penilaian Pembelajaran | C14: Terlaksananya survei kepuasan mahasiswa terhadap layanan mengajar dosen yang lengkap, antara lain: 1) Menggunakan instrumen yang valid dan mudah digunakan; 2) Dilaksanakan setiap semester dan terekam secara lengkap; 3) Dianalisis dengan metode ilmiah yang tepat untuk pengambilan keputusan; 4) Dilakukan review terhadap proses dan hasil survei; 5) Ditindaklanjuti hasilnya; dan 6) Dipublikasikan hasilnya agar mudah diakses para pemangku kepentingan. | D14: S.004/009 | E14: QS STARS RATING
A15: 12 | B15: Standar Penilaian Pembelajaran | C15: Terlaksananya survei kepuasan mahasiswa terhadap layanan mengajar dosen yang lengkap, antara lain: 1) Menggunakan instrumen yang valid dan mudah digunakan; 2) Dilaksanakan setiap semester dan terekam secara lengkap; 3) Dianalisis dengan metode ilmiah yang tepat untuk pengambilan keputusan; 4) Dilakukan review terhadap proses dan hasil survei; 5) Ditindaklanjuti hasilnya; dan 6) Dipublikasikan hasilnya agar mudah diakses para pemangku kepentingan. | D15: S.004/009 | E15: THE
... A38: 35 | B38: Admisi Kemahasiswaan | C38: Terlaksananya pembatasan penerimaan mahasiswa transfer maksimal sebanyak 5% dari keseluruhan jumlah mahasiswa program studi, untuk semua program studi. | D38: S.027/008 | E38: UKSW

Sheet Form Monev PS LAM PTKES GIZI
A1: FORMULIR MONITORING DAN EVALUASI KINERJA LEVEL PROGRAM STUDI (LAM PT-KES GIZI)
A3: No. | B3: Nama Standar | C3: Indikator | D3: Kode Indikator | E3: Sumber | F3: Persentase Capaian (tuliskan seberapa besar persentase pencapaian prodi terhadap setiap indikator, persentase dituliskan berdasarkan penilaian pimpinan PT/evaluasi diri) | G3: Evaluasi Diri (deskripsikan data capaian indikator, dapat berupa data kuantitatif/kualitatif, faktor pendukung/penghambat, masalah yang dihadapi, dan link dokumen bukti) | H3: Tindak Lanjut (tuliskan tindak lanjut yang dilakukan untuk memperbaiki atau meningkatkan capaian indikator)
A4: 1 | B4: Standar Kompetensi Lulusan | C4: Tercapai target 100% mahasiswa yang lulus telah memenuhi KKM minimal 1.000 poin. | D4: S.001/013 | E4: UKSW
A5: 2 | B5: Standar Isi Pembelajaran | C5: Tersedianya matakuliah program studi yang memungkinkan diambil oleh mahasiswa dari luar program studi di dalam UKSW, mahasiswa dari luar program studi di luar UKSW, dan mahasiswa asing. | D5: S.002/008 | E5: UKSW
A6: 3 | B6: Standar Proses Pembelajaran | C6: Terlaksana Doa Pembukaan pada perkuliahan jam semua perkuliahan yang dilaksanakan pada jam pertama dan Doa Penutupan pada semua perkuliahan yang dilaksanakan pada jam terakhir setiap hari. | D6: S.003/017 | E6: UKSW
A7: 4 | B7: Standar Proses Pembelajaran | C7: Terlaksananya kegiatan belajar mahasiswa yang dilakukan di luar kelas. | D7: S.003/026 | E7: QS STARS RATING
A8: 5 | B8: Standar Proses Pembelajaran | C8: Terlaksana kegiatan pembelajaran daring dengan baik dan lancar. | D8: S.003/028 | E8: QS STARS RATING
A9: 6 | B9: Standar Penilaian Pembelajaran | C9: Terlaksana penilaian dengan model PAN (Penilaian Acuan Norma) dan PAP (Penilaian Acuan Patokan) | D9: S.004/007 | E9: UKSW
A10: 7 | B10: Standar Penilaian Pembelajaran | C10: Terlaksananya survei kepuasan mahasiswa terhadap layanan mengajar dosen yang lengkap, antara lain: 1) Menggunakan instrumen yang valid dan mudah digunakan; 2) Dilaksanakan setiap semester dan terekam secara lengkap; 3) Dianalisis dengan metode ilmiah yang tepat untuk pengambilan keputusan; 4) Dilakukan review terhadap proses dan hasil survei; 5) Ditindaklanjuti hasilnya; dan 6) Dipublikasikan hasilnya agar mudah diakses para pemangku kepentingan. | D10: S.004/009 | E10: QS STARS RATING
A11: 8 | B11: Standar Penilaian Pembelajaran | C11: Terlaksananya survei kepuasan mahasiswa terhadap layanan mengajar dosen yang lengkap, antara lain: 1) Menggunakan instrumen yang valid dan mudah digunakan; 2) Dilaksanakan setiap semester dan terekam secara lengkap; 3) Dianalisis dengan metode ilmiah yang tepat untuk pengambilan keputusan; 4) Dilakukan review terhadap proses dan hasil survei; 5) Ditindaklanjuti hasilnya; dan 6) Dipublikasikan hasilnya agar mudah diakses para pemangku kepentingan. | D11: S.004/009 | E11: THE
A12: 9 | B12: Standar Dosen dan Tendik | C12: Tercapainya kecukupan jumlah dosen Doktor untuk memenuhi rasio jumlah dosen Doktor terhadap mahasiswa Sarjana minimal 1:40 | D12: S.005/031 | E12: THE
A13: 10 | B13: Standar Sarana dan Prasarana Pembelajaran | C13: Tersedia koleksi perpustakaan yang sesuai dengan bidang kompetensi program studi. | D13: S.006/005 | E13: QS STARS RATING
A14: 11 | B14: Standar Sarana dan Prasarana Pembelajaran | C14: Tersedia koleksi perpustakaan yang sesuai dengan bidang kompetensi program studi. | D14: S.006/005 | E14: UKSW
A15: 12 | B15: Standar Pengelolaan Pembelajaran | C15: Tersedia pusat pembelajaran akademik yang dapat dimanfaatkan oleh mahasiswa | D15: S.007/009 | E15: QS STARS RATING
... A34: 31 | B34: Admisi Kemahasiswaan | C34: Terlaksananya pembatasan penerimaan mahasiswa transfer maksimal sebanyak 5% dari keseluruhan jumlah mahasiswa program studi, untuk semua program studi. | D34: S.027/008 | E34: UKSW

Sheet Form Monev PS LAMDIK
A1: FORMULIR MONITORING DAN EVALUASI KINERJA LEVEL PROGRAM STUDI (LAMDIK)
A3: No. | B3: Nama Standar | C3: Indikator | D3: Kode Indikator | E3: Sumber | F3: Persentase Capaian (tuliskan seberapa besar persentase pencapaian prodi terhadap setiap indikator, persentase dituliskan berdasarkan penilaian pimpinan PT/evaluasi diri) | G3: Evaluasi Diri (deskripsikan data capaian indikator, dapat berupa data kuantitatif/kualitatif, faktor pendukung/penghambat, masalah yang dihadapi, dan link dokumen bukti) | H3: Tindak Lanjut (tuliskan tindak lanjut yang dilakukan untuk memperbaiki atau meningkatkan capaian indikator)
A4: 1 | B4: Standar Kompetensi Lulusan | C4: Tercapai target 100% mahasiswa yang lulus telah memenuhi KKM minimal 1.000 poin. | D4: S.001/013 | E4: UKSW
A5: 2 | B5: Standar Isi Pembelajaran | C5: Tersedianya matakuliah program studi yang memungkinkan diambil oleh mahasiswa dari luar program studi di dalam UKSW, mahasiswa dari luar program studi di luar UKSW, dan mahasiswa asing. | D5: S.002/008 | E5: UKSW
A6: 3 | B6: Standar Isi Pembelajaran | C6: Terlaksananya sosialisasi, implementasi, evaluasi dan tindak lanjut dari hasil evaluasi terhadap pedoman pengembangan kurikulum secara konsisten. | D6: S.002/009 | E6: LAMDIK
A7: 4 | B7: Standar Isi Pembelajaran | C7: Terlaksananya fasilitasi dalam bentuk pemberian dana, pemberian pendampingan, dan penyediaan pakar yang relevan untuk memfasilitasi pemutakhiran dan pengembangan kurikulum program studi | D7: S.002/010 | E7: LAMDIK
A8: 5 | B8: Standar Proses Pembelajaran | C8: Terlaksana Doa Pembukaan pada perkuliahan jam semua perkuliahan yang dilaksanakan pada jam pertama dan Doa Penutupan pada semua perkuliahan yang dilaksanakan pada jam terakhir setiap hari. | D8: S.003/017 | E8: UKSW
A9: 6 | B9: Standar Proses Pembelajaran | C9: Terlaksananya pembelajaran mikro di ruang laboratorium pembelajaran mikro dengan peralatan yang lengkap. | D9: S.003/020 | E9: LAMDIK
A10: 7 | B10: Standar Proses Pembelajaran | C10: Terlaksananya pembimbingan akademik minimal 3 kali dalam satu semester secara rutin. | D10: S.003/021 | E10: LAMDIK
A11: 8 | B11: Standar Proses Pembelajaran | C11: Terlaksananya pembimbingan magang minimal 3 kali dalam satu periode magang. | D11: S.003/022 | E11: LAMDIK
A12: 9 | B12: Standar Proses Pembelajaran | C12: Terlaksananya pembimbingan tugas akhir minimal 12 kali untuk mahasiswa dalam menyelesaikan tugas akhirnya. | D12: S.003/023 | E12: LAMDIK
A13: 10 | B13: Standar Proses Pembelajaran | C13: Terlaksananya kegiatan belajar mahasiswa yang dilakukan di luar kelas. | D13: S.003/026 | E13: QS STARS RATING
A14: 11 | B14: Standar Proses Pembelajaran | C14: Terlaksana kegiatan pembelajaran daring dengan baik dan lancar. | D14: S.003/028 | E14: QS STARS RATING
A15: 12 | B15: Standar Penilaian Pembelajaran | C15: Terlaksana penilaian dengan model PAN (Penilaian Acuan Norma) dan PAP (Penilaian Acuan Patokan) | D15: S.004/007 | E15: UKSW
... A55: 52 | B55: Admisi Kemahasiswaan | C55: Terlaksananya pembatasan penerimaan mahasiswa transfer maksimal sebanyak 5% dari keseluruhan jumlah mahasiswa program studi, untuk semua program studi. | D55: S.027/008 | E55: UKSW

Sheet Form Monev PS LAMEMBA
A1: FORMULIR MONITORING DAN EVALUASI KINERJA LEVEL PROGRAM STUDI (LAMEMBA)
A3: No. | B3: Nama Standar | C3: Indikator | D3: Kode Indikator | E3: Sumber | F3: Persentase Capaian (tuliskan seberapa besar persentase pencapaian prodi terhadap setiap indikator, persentase dituliskan berdasarkan penilaian pimpinan PT/evaluasi diri) | G3: Evaluasi Diri (deskripsikan data capaian indikator, dapat berupa data kuantitatif/kualitatif, faktor pendukung/penghambat, masalah yang dihadapi, dan link dokumen bukti) | H3: Tindak Lanjut (tuliskan tindak lanjut yang dilakukan untuk memperbaiki atau meningkatkan capaian indikator)
A4: 1 | B4: Standar Kompetensi Lulusan | C4: Tercapai target 100% mahasiswa yang lulus telah memenuhi KKM minimal 1.000 poin. | D4: S.001/013 | E4: UKSW
A5: 2 | B5: Standar Kompetensi Lulusan | C5: Terlaksana dan terdokumentasi monev proses pembelajaran sebagai bagian dari evaluasi kinerja dosen | D5: S.001/020 | E5: LAMEMBA
A6: 3 | B6: Standar Kompetensi Lulusan | C6: Terlaksana dan terdokumentasi monev proses pembelajaran sebagai bagian dari evaluasi kinerja tenaga kependidikan | D6: S.001/021 | E6: LAMEMBA
A7: 4 | B7: Standar Isi Pembelajaran | C7: Tersedianya matakuliah program studi yang memungkinkan diambil oleh mahasiswa dari luar program studi di dalam UKSW, mahasiswa dari luar program studi di luar UKSW, dan mahasiswa asing. | D7: S.002/008 | E7: UKSW
A8: 5 | B8: Standar Proses Pembelajaran | C8: Terlaksana Doa Pembukaan pada perkuliahan jam semua perkuliahan yang dilaksanakan pada jam pertama dan Doa Penutupan pada semua perkuliahan yang dilaksanakan pada jam terakhir setiap hari. | D8: S.003/017 | E8: UKSW
A9: 6 | B9: Standar Proses Pembelajaran | C9: Terlaksananya kegiatan belajar mahasiswa yang dilakukan di luar kelas. | D9: S.003/026 | E9: QS STARS RATING
A10: 7 | B10: Standar Proses Pembelajaran | C10: Terlaksana kegiatan pembelajaran daring dengan baik dan lancar. | D10: S.003/028 | E10: QS STARS RATING
A11: 8 | B11: Standar Penilaian Pembelajaran | C11: Terlaksana penilaian dengan model PAN (Penilaian Acuan Norma) dan PAP (Penilaian Acuan Patokan) | D11: S.004/007 | E11: UKSW
A12: 9 | B12: Standar Penilaian Pembelajaran | C12: Terlaksananya survei kepuasan mahasiswa terhadap layanan mengajar dosen yang lengkap, antara lain: 1) Menggunakan instrumen yang valid dan mudah digunakan; 2) Dilaksanakan setiap semester dan terekam secara lengkap; 3) Dianalisis dengan metode ilmiah yang tepat untuk pengambilan keputusan; 4) Dilakukan review terhadap proses dan hasil survei; 5) Ditindaklanjuti hasilnya; dan 6) Dipublikasikan hasilnya agar mudah diakses para pemangku kepentingan. | D12: S.004/009 | E12: QS STARS RATING
A13: 10 | B13: Standar Penilaian Pembelajaran | C13: Terlaksananya survei kepuasan mahasiswa terhadap layanan mengajar dosen yang lengkap, antara lain: 1) Menggunakan instrumen yang valid dan mudah digunakan; 2) Dilaksanakan setiap semester dan terekam secara lengkap; 3) Dianalisis dengan metode ilmiah yang tepat untuk pengambilan keputusan; 4) Dilakukan review terhadap proses dan hasil survei; 5) Ditindaklanjuti hasilnya; dan 6) Dipublikasikan hasilnya agar mudah diakses para pemangku kepentingan. | D13: S.004/009 | E13: THE
A14: 11 | B14: Standar Dosen dan Tendik | C14: Tercapainya kecukupan jumlah dosen Doktor untuk memenuhi rasio jumlah dosen Doktor terhadap mahasiswa Sarjana minimal 1:40 | D14: S.005/031 | E14: THE
A15: 12 | B15: Standar Sarana dan Prasarana Pembelajaran | C15: Tersedia koleksi perpustakaan yang sesuai dengan bidang kompetensi program studi. | D15: S.006/005 | E15: QS STARS RATING
... A44: 41 | B44: Admisi Kemahasiswaan | C44: Terlaksananya pembatasan penerimaan mahasiswa transfer maksimal sebanyak 5% dari keseluruhan jumlah mahasiswa program studi, untuk semua program studi. | D44: S.027/008 | E44: UKSW

Sheet Form Monev PS LAMSAMA
A1: FORMULIR MONITORING DAN EVALUASI KINERJA LEVEL PROGRAM STUDI (LAMSAMA)
A3: No. | B3: Nama Standar | C3: Indikator | D3: Kode Indikator | E3: Sumber | F3: Persentase Capaian (tuliskan seberapa besar persentase pencapaian prodi terhadap setiap indikator, persentase dituliskan berdasarkan penilaian pimpinan PT/evaluasi diri) | G3: Evaluasi Diri (deskripsikan data capaian indikator, dapat berupa data kuantitatif/kualitatif, faktor pendukung/penghambat, masalah yang dihadapi, dan link dokumen bukti) | H3: Tindak Lanjut (tuliskan tindak lanjut yang dilakukan untuk memperbaiki atau meningkatkan capaian indikator)
A4: 1 | B4: Standar Kompetensi Lulusan | C4: Tercapai target 100% mahasiswa yang lulus telah memenuhi KKM minimal 1.000 poin. | D4: S.001/013 | E4: UKSW
A5: 2 | B5: Standar Kompetensi Lulusan | C5: Tercapainya target 55% lulusan yang lulus pada TS-2, TS-3 dan TS-4 memiliki pendapatan di atas UMK/UMR. | D5: S.001/016 | E5: LAMSAMA
A6: 3 | B6: Standar Isi Pembelajaran | C6: Tersedianya matakuliah program studi yang memungkinkan diambil oleh mahasiswa dari luar program studi di dalam UKSW, mahasiswa dari luar program studi di luar UKSW, dan mahasiswa asing. | D6: S.002/008 | E6: UKSW
A7: 4 | B7: Standar Isi Pembelajaran | C7: Tersedia matakuliah basic sains dan matematika minimal sebanyak 25 SKS | D7: S.002/013 | E7: LAMSAMA
A8: 5 | B8: Standar Proses Pembelajaran | C8: Terlaksana Doa Pembukaan pada perkuliahan jam semua perkuliahan yang dilaksanakan pada jam pertama dan Doa Penutupan pada semua perkuliahan yang dilaksanakan pada jam terakhir setiap hari. | D8: S.003/017 | E8: UKSW
A9: 6 | B9: Standar Proses Pembelajaran | C9: Terlaksana pembelajaran yang menggunakan pendekatan PBL (Project Based Learning) dan CBL (Case Based Learning) serta berpusat pada mahasiswa. | D9: S.003/019 | E9: LAMSAMA
A10: 7 | B10: Standar Proses Pembelajaran | C10: Terlaksana dan terdokumentasi proyek rekayasa penciri program studi (capstone design) yang memiliki: Panduan pelaksanaan; Rumusan capaian pembelajaran mata kuliah; Menggunakan standar-standar keteknikan dan batasan-batasan realistis berdasarkan pada pengetahuan dan ketrampilan yang telah diperoleh di perkuliahan sebelumnya. | D10: S.003/024 | E10: LAMSAMA
A11: 8 | B11: Standar Proses Pembelajaran | C11: Terdapat minimal 25% mahasiswa dari keseluruhan mahasiswa aktif yang mengikuti program MBKM. | D11: S.003/025 | E11: LAMSAMA
A12: 9 | B12: Standar Proses Pembelajaran | C12: Terlaksananya kegiatan belajar mahasiswa yang dilakukan di luar kelas. | D12: S.003/026 | E12: QS STARS RATING
A13: 10 | B13: Standar Proses Pembelajaran | C13: Terlaksana kegiatan pembelajaran daring dengan baik dan lancar. | D13: S.003/028 | E13: QS STARS RATING
A14: 11 | B14: Standar Penilaian Pembelajaran | C14: Terlaksana penilaian dengan model PAN (Penilaian Acuan Norma) dan PAP (Penilaian Acuan Patokan) | D14: S.004/007 | E14: UKSW
A15: 12 | B15: Standar Penilaian Pembelajaran | C15: Terlaksananya survei kepuasan mahasiswa terhadap layanan mengajar dosen yang lengkap, antara lain: 1) Menggunakan instrumen yang valid dan mudah digunakan; 2) Dilaksanakan setiap semester dan terekam secara lengkap; 3) Dianalisis dengan metode ilmiah yang tepat untuk pengambilan keputusan; 4) Dilakukan review terhadap proses dan hasil survei; 5) Ditindaklanjuti hasilnya; dan 6) Dipublikasikan hasilnya agar mudah diakses para pemangku kepentingan. | D15: S.004/009 | E15: QS STARS RATING
... A40: 37 | B40: Admisi Kemahasiswaan | C40: Terlaksananya pembatasan penerimaan mahasiswa transfer maksimal sebanyak 5% dari keseluruhan jumlah mahasiswa program studi, untuk semua program studi. | D40: S.027/008 | E40: UKSW

Sheet Form Monev PS LAMTEK
A1: FORMULIR MONITORING DAN EVALUASI KINERJA LEVEL PROGRAM STUDI (LAMTEK)
A3: No. | B3: Nama Standar | C3: Indikator | D3: Kode Indikator | E3: Sumber | F3: Persentase Capaian (tuliskan seberapa besar persentase pencapaian prodi terhadap setiap indikator, persentase dituliskan berdasarkan penilaian pimpinan PT/evaluasi diri) | G3: Evaluasi Diri (deskripsikan data capaian indikator, dapat berupa data kuantitatif/kualitatif, faktor pendukung/penghambat, masalah yang dihadapi, dan link dokumen bukti) | H3: Tindak Lanjut (tuliskan tindak lanjut yang dilakukan untuk memperbaiki atau meningkatkan capaian indikator)
A4: 1 | B4: Standar Kompetensi Lulusan | C4: Tercapai target 100% mahasiswa yang lulus telah memenuhi KKM minimal 1.000 poin. | D4: S.001/013 | E4: UKSW
A5: 2 | B5: Standar Kompetensi Lulusan | C5: Tercapainya target mahasiswa DO/ mengundurkan diri maksimal 6% per Angkatan selama 3 tahun terakhir. | D5: S.001/017 | E5: LAMTEK
A6: 3 | B6: Standar Isi Pembelajaran | C6: Tersedianya matakuliah program studi yang memungkinkan diambil oleh mahasiswa dari luar program studi di dalam UKSW, mahasiswa dari luar program studi di luar UKSW, dan mahasiswa asing. | D6: S.002/008 | E6: UKSW
A7: 4 | B7: Standar Proses Pembelajaran | C7: Terlaksana Doa Pembukaan pada perkuliahan jam semua perkuliahan yang dilaksanakan pada jam pertama dan Doa Penutupan pada semua perkuliahan yang dilaksanakan pada jam terakhir setiap hari. | D7: S.003/017 | E7: UKSW
A8: 5 | B8: Standar Proses Pembelajaran | C8: Terlaksananya kegiatan belajar mahasiswa yang dilakukan di luar kelas. | D8: S.003/026 | E8: QS STARS RATING
A9: 6 | B9: Standar Proses Pembelajaran | C9: Terlaksana kegiatan pembelajaran daring dengan baik dan lancar. | D9: S.003/028 | E9: QS STARS RATING
A10: 7 | B10: Standar Penilaian Pembelajaran | C10: Terlaksana penilaian dengan model PAN (Penilaian Acuan Norma) dan PAP (Penilaian Acuan Patokan) | D10: S.004/007 | E10: UKSW
A11: 8 | B11: Standar Penilaian Pembelajaran | C11: Terlaksananya survei kepuasan mahasiswa terhadap layanan mengajar dosen yang lengkap, antara lain: 1) Menggunakan instrumen yang valid dan mudah digunakan; 2) Dilaksanakan setiap semester dan terekam secara lengkap; 3) Dianalisis dengan metode ilmiah yang tepat untuk pengambilan keputusan; 4) Dilakukan review terhadap proses dan hasil survei; 5) Ditindaklanjuti hasilnya; dan 6) Dipublikasikan hasilnya agar mudah diakses para pemangku kepentingan. | D11: S.004/009 | E11: QS STARS RATING
A12: 9 | B12: Standar Penilaian Pembelajaran | C12: Terlaksananya survei kepuasan mahasiswa terhadap layanan mengajar dosen yang lengkap, antara lain: 1) Menggunakan instrumen yang valid dan mudah digunakan; 2) Dilaksanakan setiap semester dan terekam secara lengkap; 3) Dianalisis dengan metode ilmiah yang tepat untuk pengambilan keputusan; 4) Dilakukan review terhadap proses dan hasil survei; 5) Ditindaklanjuti hasilnya; dan 6) Dipublikasikan hasilnya agar mudah diakses para pemangku kepentingan. | D12: S.004/009 | E12: THE
A13: 10 | B13: Standar Dosen dan Tendik | C13: Tercapainya kecukupan jumlah dosen Doktor untuk memenuhi rasio jumlah dosen Doktor terhadap mahasiswa Sarjana minimal 1:40 | D13: S.005/031 | E13: THE
A14: 11 | B14: Standar Sarana dan Prasarana Pembelajaran | C14: Tersedia koleksi perpustakaan yang sesuai dengan bidang kompetensi program studi. | D14: S.006/005 | E14: QS STARS RATING
A15: 12 | B15: Standar Sarana dan Prasarana Pembelajaran | C15: Tersedia koleksi perpustakaan yang sesuai dengan bidang kompetensi program studi. | D15: S.006/005 | E15: UKSW
... A35: 32 | B35: Admisi Kemahasiswaan | C35: Terlaksananya pembatasan penerimaan mahasiswa transfer maksimal sebanyak 5% dari keseluruhan jumlah mahasiswa program studi, untuk semua program studi. | D35: S.027/008 | E35: UKSW

Sheet Lap AK
B1: LAPORAN ASESMEN KECUKUPAN | H1: PENILAIAN ASESMEN KECUKUPAN
B2: AUDIT MUTU INTERNAL | H2: AUDIT MUTU INTERNAL
B3: ='Kertas Kerja'!A2 -> PROGRAM MAGISTER | H3: =B3 -> PROGRAM MAGISTER
B5: Penilaian Individual | H5: Nilai Asesmen Kecukupan | L5: =SUM(I13:I87) -> 41.312959 | O5: Peringkat | Q5: =IF(L8="TERPENUHI",IF((IF(L5>=361,"UNGGUL",IF(L5>=301,"BAIK SEKALI",IF(L5>=200,"BAIK","TIDAK TERAKREDITASI"))))="UNGGUL",IF(L9="TERPENUHI","UNGGUL","BAIK SEKALI"),IF((IF(L5>=361,"UNGGUL",IF(L5>=301,"BAIK SEKALI",IF(L5>=200,"BAIK","TIDAK TERAKREDITASI"))))="BAIK SEKALI",IF(L10="TERPENUHI","BAIK SEKALI","BAIK"),IF((IF(L5>=361,"UNGGUL",IF(L5>=301,"BAIK SEKALI",IF(L5>=200,"BAIK","TIDAK TERAKREDITASI"))))="BAIK","BAIK","-"))),"-") -> -
B7: Nama Program Studi | D7: =UPPER('Isian Prodi'!C5) -> PRODI S2
B8: Nama Auditor Mutu Internal: | H8: Syarat Perlu Terakreditasi | L8: =IF(AND(K24="TERPENUHI",K29="TERPENUHI",K53="TERPENUHI"),"TERPENUHI","TIDAK TERPENUHI") -> TIDAK TERPENUHI
H9: Syarat Perlu Peringkat Unggul | L9: =IF(AND(M32="TERPENUHI",M80="TERPENUHI"),"TERPENUHI","TIDAK TERPENUHI") -> TIDAK TERPENUHI
B10: Tanggal Penilaian: | H10: Syarat Perlu Peringkat Baik Sekali | L10: =IF(AND(O32="TERPENUHI",O80="TERPENUHI"),"TERPENUHI","TIDAK TERPENUHI") -> TIDAK TERPENUHI
A12: NO. | B12: NO. | C12: KRITERIA/ELEMEN/INDIKATOR | D12: DESKRIPSI TEMUAN AUDITOR MUTU INTERNAL | E12: REKOMENDASI AUDITOR MUTU INTERNAL | F12: SKOR | H12: BOBOT | I12: SKOR x BOBOT | J12: SYARAT PERLU TERAKREDITASI | L12: SYARAT PERLU PERINGKAT UNGGUL | N12: SYARAT PERLU PERINGKAT BAIK SEKALI
A13: 1 | B13: ='Kertas Kerja'!A8 -> 1 | C13: A. Kondisi Eksternal Konsistensi dengan hasil analisis SWOT dan/atau analisis lain serta rencana pengembangan ke depan. | D13: ='Kertas Kerja'!L8 -> Temuan Minor: (1) (2) (3) dst… Temuan Mayor: (1) (2) (3) dst… | E13: ='Kertas Kerja'!M8 -> Rekomendasi berdasarkan temuan AMI, antara lain sebagai berikut: (1) (2) (3) dst… | F13: ='Kertas Kerja'!K14 -> 0 | H13: 1 | I13: =IF(ISBLANK(H13),0,F13*H13) -> 0
A14: 2 | B14: ='Kertas Kerja'!A16 -> 2 | C14: B. Profil Unit Pengelola Program Studi Keserbacakupan informasi dalam profil dan konsistensi antara profil dengan data dan informasi yang disampaikan pada masing-masing kriteria, serta menunjukkan iklim yang kondusif untuk pengembangan dan reputasi sebagai rujukan di bidang keilmuannya. | D14: ='Kertas Kerja'!L16 -> Temuan Minor: (1) (2) (3) dst… Temuan Mayor: (1) (2) (3) dst… | E14: ='Kertas Kerja'!M16 -> Rekomendasi berdasarkan temuan AMI, antara lain sebagai berikut: (1) (2) (3) dst… | F14: ='Kertas Kerja'!K22 -> 0 | H14: 1 | I14: =IF(ISBLANK(H14),0,F14*H14) -> 0
A15: 3 | B15: ='Kertas Kerja'!A24 -> 3 | C15: C. Kriteria C.1. Visi, Misi, Tujuan dan Strategi C.1.4. Indikator Kinerja Utama Kesesuaian Visi, Misi, Tujuan dan Strategi (VMTS) Unit Pengelola Program Studi (UPPS) terhadap VMTS Perguruan Tinggi (PT) dan visi keilmuan Program Studi (PS) yang dikelolanya. | D15: ='Kertas Kerja'!L24 -> Temuan Minor: (1) (2) (3) dst… Temuan Mayor: (1) (2) (3) dst… | E15: ='Kertas Kerja'!M24 -> Rekomendasi berdasarkan temuan AMI, antara lain sebagai berikut: (1) (2) (3) dst… | F15: ='Kertas Kerja'!K30 -> 0 | H15: 0.52873563 | I15: =IF(ISBLANK(H15),0,F15*H15) -> 0
A16: 4 | B16: ='Kertas Kerja'!A32 -> 4 | C16: Mekanisme dan keterlibatan pemangku kepentingan dalam penyusunan VMTS UPPS. | D16: ='Kertas Kerja'!L32 -> Temuan Minor: (1) (2) (3) dst… Temuan Mayor: (1) (2) (3) dst… | E16: ='Kertas Kerja'!M32 -> Rekomendasi berdasarkan temuan AMI, antara lain sebagai berikut: (1) (2) (3) dst… | F16: ='Kertas Kerja'!K38 -> 0 | H16: 1.0574713 | I16: =IF(ISBLANK(H16),0,F16*H16) -> 0
A17: 5 | B17: ='Kertas Kerja'!A40 -> 5 | C17: Strategi pencapaian tujuan disusun berdasarkan analisis yang sistematis, serta pada pelaksanaannya dilakukan pemantauan dan evaluasi yang ditindaklanjuti. | D17: ='Kertas Kerja'!L40 -> Temuan Minor: (1) (2) (3) dst… Temuan Mayor: (1) (2) (3) dst… | E17: ='Kertas Kerja'!M40 -> Rekomendasi berdasarkan temuan AMI, antara lain sebagai berikut: (1) (2) (3) dst… | F17: ='Kertas Kerja'!K46 -> 0 | H17: 1.5862069 | I17: =IF(ISBLANK(H17),0,F17*H17) -> 0
A18: 6 | B18: ='Kertas Kerja'!A48 -> 6 | C18: C.2. Tata Pamong, Tata Kelola dan Kerjasama C.2.4. Indikator Kinerja Utama C.2.4.a) Sistem Tata Pamong A. Kelengkapan struktur organisasi dan keefektifan penyelenggaraan organisasi. B. Perwujudan good governance dan pemenuhan lima pilar sistem tata pamong, yang mencakup: 1) Kredibel, 2) Transparan, 3) Akuntabel, 4) Bertanggung jawab, 5) Adil. | D18: ='Kertas Kerja'!L48 -> Temuan Minor: (1) (2) (3) dst… Temuan Mayor: (1) (2) (3) dst… | E18: ='Kertas Kerja'!M48 -> Rekomendasi berdasarkan temuan AMI, antara lain sebagai berikut: (1) (2) (3) dst… | F18: ='Kertas Kerja'!K60 -> 0 | H18: 0.35249042 | I18: =IF(ISBLANK(H18),0,F18*H18) -> 0
A19: 7 | B19: ='Kertas Kerja'!A62 -> 7 | C19: C.2.4.b) Kepemimpinan dan Kemampuan Manajerial A. Komitmen pimpinan UPPS. B. Kapabilitas pimpinan UPPS, mencakup aspek: 1) perencanaan, 2) pengorganisasian, 3) penempatan personel, 4) pelaksanaan, 5) pengendalian dan pengawasan, dan 6) pelaporan yang menjadi dasar tindak lanjut. | D19: ='Kertas Kerja'!L62 -> Temuan Minor: (1) (2) (3) dst… Temuan Mayor: (1) (2) (3) dst… | E19: ='Kertas Kerja'!M62 -> Rekomendasi berdasarkan temuan AMI, antara lain sebagai berikut: (1) (2) (3) dst… | F19: ='Kertas Kerja'!K74 -> 0 | H19: 0.35249042 | I19: =IF(ISBLANK(H19),0,F19*H19) -> 0
A20: 8 | B20: ='Kertas Kerja'!A76 -> 8 | C20: C.2.4.c) Kerjasama Mutu, manfaat, kepuasan dan keberlanjutan kerjasama pendidikan, penelitian dan PkM yang relevan dengan program studi. UPPS memiliki bukti yang sahih terkait kerjasama yang ada telah memenuhi 3 aspek berikut: 1) memberikan manfaat bagi program studi dalam pemenuhan proses pembelajaran, penelitian, PkM. 2) memberikan peningkatan kinerja tridharma dan fasilitas pendukung program studi. 3) memberikan kepuasan kepada mitra industri dan mitra kerjasama lainnya, serta menjamin keberlanjutan kerjasama dan hasilnya. | D20: ='Kertas Kerja'!L76 -> Temuan Minor: (1) (2) (3) dst… Temuan Mayor: (1) (2) (3) dst… | E20: ='Kertas Kerja'!M76 -> Rekomendasi berdasarkan temuan AMI, antara lain sebagai berikut: (1) (2) (3) dst… | F20: ='Kertas Kerja'!K82 -> 0 | H20: 0.70498084 | I20: =IF(ISBLANK(H20),0,F20*H20) -> 0
A21: 9 | B21: ='Kertas Kerja'!A84 -> 9 | C21: A. Kerjasama pendidikan, penelitian, dan PkM yang relevan dengan program studi dan dikelola oleh UPPS dalam 3 tahun terakhir. B. Kerjasama tingkat internasional, nasional, wilayah/lokal yang relevan dengan program studi dan dikelola oleh UPPS dalam 3 tahun terakhir. Tabel 1 LKPS | D21: ='Kertas Kerja'!L84 -> Temuan Minor: (1) (2) (3) dst… Temuan Mayor: (1) (2) (3) dst… | E21: ='Kertas Kerja'!M84 -> Rekomendasi berdasarkan temuan AMI, antara lain sebagai berikut: (1) (2) (3) dst… | F21: ='Kertas Kerja'!K109 -> 0 | H21: 0.35249042 | I21: =IF(ISBLANK(H21),0,F21*H21) -> 0
A22: 10 | B22: ='Kertas Kerja'!A111 -> 10 | C22: C.2.5 Indikator Kinerja Tambahan Pelampauan SN-DIKTI (indikator kinerja tambahan) yang ditetapkan oleh UPPS pada tiap kriteria. | D22: ='Kertas Kerja'!L111 -> Temuan Minor: (1) (2) (3) dst… Temuan Mayor: (1) (2) (3) dst… | E22: ='Kertas Kerja'!M111 -> Rekomendasi berdasarkan temuan AMI, antara lain sebagai berikut: (1) (2) (3) dst… | F22: ='Kertas Kerja'!K117 -> 0 | H22: 0.70498084 | I22: =IF(ISBLANK(H22),0,F22*H22) -> 0
A23: 11 | B23: ='Kertas Kerja'!A119 -> 11 | C23: C.2.6 Evaluasi Capaian Kinerja Analisis keberhasilan dan/atau ketidakberhasilan pencapaian kinerja UPPS yang telah ditetapkan di tiap kriteria memenuhi 2 aspek sebagai berikut: 1) capaian kinerja diukur dengan metoda yang tepat, dan hasilnya dianalisis serta dievaluasi, dan 2) analisis terhadap capaian kinerja mencakup identifikasi akar masalah, faktor pendukung keberhasilan dan faktor penghambat ketercapaian standard, dan deskripsi singkat tindak lanjut yang akan dilakukan. | D23: ='Kertas Kerja'!L119 -> Temuan Minor: (1) (2) (3) dst… Temuan Mayor: (1) (2) (3) dst… | E23: ='Kertas Kerja'!M119 -> Rekomendasi berdasarkan temuan AMI, antara lain sebagai berikut: (1) (2) (3) dst… | F23: ='Kertas Kerja'!K125 -> 0 | H23: 1.0574713 | I23: =IF(ISBLANK(H23),0,F23*H23) -> 0
A24: 12 | B24: ='Kertas Kerja'!A127 -> 12 | C24: C.2.7. Penjaminan Mutu Keterlaksanaan Sistem Penjaminan Mutu Internal (akademik dan nonakademik) yang dibuktikan dengan keberadaan 5 aspek: 1) dokumen legal pembentukan unsur pelaksana penjaminan mutu, 2) ketersediaan dokumen mutu: kebijakan SPMI, manual SPMI, standar SPMI, dan formulir SPMI, 3) terlaksananya siklus penjaminan mutu (siklus PPEPP), 4) bukti sahih efektivitas pelaksanaan penjaminan mutu, dan 5) memiliki external benchmarking dalam peningkatan mutu. | D24: ='Kertas Kerja'!L127 -> Temuan Minor: (1) (2) (3) dst… Temuan Mayor: (1) (2) (3) dst… | E24: ='Kertas Kerja'!M127 -> Rekomendasi berdasarkan temuan AMI, antara lain sebagai berikut: (1) (2) (3) dst… | F24: ='Kertas Kerja'!K133 -> 0 | H24: 1.4099617 | I24: =IF(ISBLANK(H24),0,F24*H24) -> 0 | J24: Skor min. = 2,0 | K24: =IF(F24>=2,"TERPENUHI","TIDAK TERPENUHI") -> TIDAK TERPENUHI
A25: 13 | B25: ='Kertas Kerja'!A135 -> 13 | C25: C.2.8. Kepuasan Pemangku Kepentingan Pengukuran kepuasan layanan manajemen terhadap para pemangku kepentingan: mahasiswa, dosen, tenaga kependidikan, lulusan, pengguna dan mitra yang memenuhi aspek-aspek berikut: 1) menggunakan instrumen kepuasan yang sahih, andal, mudah digunakan, 2) dilaksanakan secara berkala, serta datanya terekam secara komprehensif, 3) dianalisis dengan metode yang tepat serta bermanfaat untuk pengambilan keputusan, 4) tingkat kepuasan dan umpan balik ditindaklanjuti untuk perbaikan dan peningkatan mutu luaran secara berkala dan tersistem, 5) dilakukan review terhadap pelaksanaan pengukuran kepuasan dosen dan mahasiswa, serta 6) hasilnya dipublikasikan dan mudah diakses oleh dosen dan mahasiswa. | D25: ='Kertas Kerja'!L135 -> Temuan Minor: (1) (2) (3) dst… Temuan Mayor: (1) (2) (3) dst… | E25: ='Kertas Kerja'!M135 -> Rekomendasi berdasarkan temuan AMI, antara lain sebagai berikut: (1) (2) (3) dst… | F25: ='Kertas Kerja'!K141 -> 0 | H25: 1.4099617 | I25: =IF(ISBLANK(H25),0,F25*H25) -> 0
A26: 14 | B26: ='Kertas Kerja'!A143 -> 14 | C26: C.3. Mahasiswa C.3.4. Indikator Kinerja Utama C.3.4.a) Kualitas Input Mahasiswa A. Metoda rekrutmen dan keketatan seleksi. Tabel 2.a LKPS | D26: ='Kertas Kerja'!L143 -> Temuan Minor: (1) (2) (3) dst… Temuan Mayor: (1) (2) (3) dst… | E26: ='Kertas Kerja'!M143 -> Rekomendasi berdasarkan temuan AMI, antara lain sebagai berikut: (1) (2) (3) dst… | F26: ='Kertas Kerja'!K161 -> 0 | H26: 3.1724138 | I26: =IF(ISBLANK(H26),0,F26*H26) -> 0
A27: 15 | B27: ='Kertas Kerja'!A163 -> 15 | C27: C.3.4.b) Daya Tarik Program Studi A. Peningkatan animo calon mahasiswa. Tabel 2.a LKPS B. Mahasiswa asing Tabel 2.b LKPS | D27: ='Kertas Kerja'!L163 -> Temuan Minor: (1) (2) (3) dst… Temuan Mayor: (1) (2) (3) dst… | E27: ='Kertas Kerja'!M163 -> Rekomendasi berdasarkan temuan AMI, antara lain sebagai berikut: (1) (2) (3) dst… | F27: ='Kertas Kerja'!K178 -> 0.66666667 | H27: 2.1149425 | I27: =IF(ISBLANK(H27),0,F27*H27) -> 1.4099617
A28: 16 | B28: ='Kertas Kerja'!A180 -> 16 | C28: C.3.4.c) Layanan Kemahasiswaan A. Ketersediaan layanan kemahasiswaan di bidang: 1) penalaran, minat dan bakat, 2) kesejahteraan (bimbingan dan konseling, layanan beasiswa, dan layanan kesehatan), dan 3) bimbingan karir dan kewirausahaan. B. Akses dan mutu layanan kemahasiswaan. | D28: ='Kertas Kerja'!L180 -> Temuan Minor: (1) (2) (3) dst… Temuan Mayor: (1) (2) (3) dst… | E28: ='Kertas Kerja'!M180 -> Rekomendasi berdasarkan temuan AMI, antara lain sebagai berikut: (1) (2) (3) dst… | F28: ='Kertas Kerja'!K192 -> 0 | H28: 1.0574713 | I28: =IF(ISBLANK(H28),0,F28*H28) -> 0
A29: 17 | B29: ='Kertas Kerja'!A194 -> 17 | C29: C.4. Sumber Daya Manusia C.4.4. Indikator Kinerja Utama C.4.4.a) Profil Dosen Kecukupan jumlah DTPS. Tabel 3.a.1) LKPS | D29: ='Kertas Kerja'!L194 -> Temuan Minor: (1) (2) (3) dst… Temuan Mayor: (1) (2) (3) dst… | E29: ='Kertas Kerja'!M194 -> Rekomendasi berdasarkan temuan AMI, antara lain sebagai berikut: (1) (2) (3) dst… | F29: ='Kertas Kerja'!K202 -> 0 | H29: 1.153605 | I29: =IF(ISBLANK(H29),0,F29*H29) -> 0 | J29: Skor min. = 2,0 | K29: =IF(F29>=2,"TERPENUHI","TIDAK TERPENUHI") -> TIDAK TERPENUHI
A30: 18 | B30: =IF('Kertas Kerja'!A204>0,'Kertas Kerja'!A204,"") | C30: Kualifikasi akademik DTPS. Tabel 3.a.1) LKPS | D30: ='Kertas Kerja'!L204 -> Deskripsi temuan auditor mutu internal tentang indikator yang terkait | E30: ='Kertas Kerja'!M204 -> Rekomendasi auditor mutu internal berkaitan dengan hasil temuan | F30: =IF(B30="","",'Kertas Kerja'!K208) | I30: =IF(ISBLANK(H30),0,F30*H30) -> 0
A31: 19 | B31: =IF('Kertas Kerja'!A210>0,'Kertas Kerja'!A210,"") | C31: Sertifikasi kompetensi/profesi/ industri DTPS. Tabel 3.a.1) LKPS | D31: ='Kertas Kerja'!L210 -> Deskripsi temuan auditor mutu internal tentang indikator yang terkait | E31: ='Kertas Kerja'!M210 -> Rekomendasi auditor mutu internal berkaitan dengan hasil temuan | F31: =IF(B31="","",'Kertas Kerja'!K214) | I31: =IF(ISBLANK(H31),0,F31*H31) -> 0
A32: 20 | B32: ='Kertas Kerja'!A216 -> 18 | C32: Jabatan akademik DTPS. Tabel 3.a.1) LKPS | D32: ='Kertas Kerja'!L216 -> Temuan Minor: (1) (2) (3) dst… Temuan Mayor: (1) (2) (3) dst… | E32: ='Kertas Kerja'!M216 -> Rekomendasi berdasarkan temuan AMI, antara lain sebagai berikut: (1) (2) (3) dst… | F32: ='Kertas Kerja'!K222 -> 2 | H32: 0.76907001 | I32: =IF(ISBLANK(H32),0,F32*H32) -> 1.53814 | L32: Skor min. = 3,5 | M32: =IF(F32>=3.5,"TERPENUHI","TIDAK TERPENUHI") -> TIDAK TERPENUHI | N32: Skor min. = 3,0 | O32: =IF(F32>=3,"TERPENUHI","TIDAK TERPENUHI") -> TIDAK TERPENUHI
A33: 21 | B33: =IF('Kertas Kerja'!A224>0,'Kertas Kerja'!A224,"") | C33: Rasio jumlah mahasiswa program studi terhadap jumlah DTPS. Tabel 2.a LKPS Tabel 3.a.1) LKPS | D33: ='Kertas Kerja'!L224 -> Deskripsi temuan auditor mutu internal tentang indikator yang terkait | E33: ='Kertas Kerja'!M224 -> Rekomendasi auditor mutu internal berkaitan dengan hasil temuan | F33: =IF(B33="","",'Kertas Kerja'!K231) | I33: =IF(ISBLANK(H33),0,F33*H33) -> 0
A34: 22 | B34: ='Kertas Kerja'!A233 -> 19 | C34: Penugasan DTPS sebagai pembimbing utama tugas akhir mahasiswa. Tabel 3.a.2) LKPS | D34: ='Kertas Kerja'!L233 -> Temuan Minor: (1) (2) (3) dst… Temuan Mayor: (1) (2) (3) dst… | E34: ='Kertas Kerja'!M233 -> Rekomendasi berdasarkan temuan AMI, antara lain sebagai berikut: (1) (2) (3) dst… | F34: ='Kertas Kerja'!K237 -> 4 | H34: 1.53814 | I34: =IF(ISBLANK(H34),0,F34*H34) -> 6.1525601
A35: 23 | B35: ='Kertas Kerja'!A239 -> 20 | C35: Ekuivalensi Waktu Mengajar Penuh DTPS. Tabel 3.a.3) LKPS | D35: ='Kertas Kerja'!L239 -> Temuan Minor: (1) (2) (3) dst… Temuan Mayor: (1) (2) (3) dst… | E35: ='Kertas Kerja'!M239 -> Rekomendasi berdasarkan temuan AMI, antara lain sebagai berikut: (1) (2) (3) dst… | F35: ='Kertas Kerja'!K241 -> 0 | H35: 0.38453501 | I35: =IF(ISBLANK(H35),0,F35*H35) -> 0
A36: 24 | B36: ='Kertas Kerja'!A243 -> 21 | C36: Dosen tidak tetap. Tabel 3.a.4) LKPS | D36: ='Kertas Kerja'!L243 -> Temuan Minor: (1) (2) (3) dst… Temuan Mayor: (1) (2) (3) dst… | E36: ='Kertas Kerja'!M243 -> Rekomendasi berdasarkan temuan AMI, antara lain sebagai berikut: (1) (2) (3) dst… | F36: ='Kertas Kerja'!K247 -> 4 | H36: 0.76907001 | I36: =IF(ISBLANK(H36),0,F36*H36) -> 3.07628
A37: 25 | B37: =IF('Kertas Kerja'!A249>0,'Kertas Kerja'!A249,"") | C37: Keterlibatan dosen industri/ praktisi. Tabel 3.a.5) LKPS | D37: ='Kertas Kerja'!L249 -> Deskripsi temuan auditor mutu internal tentang indikator yang terkait | E37: ='Kertas Kerja'!M249 -> Rekomendasi auditor mutu internal berkaitan dengan hasil temuan | F37: =IF(B37="","",'Kertas Kerja'!K253) | I37: =IF(ISBLANK(H37),0,F37*H37) -> 0
A38: 26 | B38: ='Kertas Kerja'!A255 -> 22 | C38: C.4.4.b) Kinerja Dosen Pengakuan/rekognisi atas kepakaran/prestasi/kinerja DTPS. Tabel 3.b.1) LKPS | D38: ='Kertas Kerja'!L255 -> Temuan Minor: (1) (2) (3) dst… Temuan Mayor: (1) (2) (3) dst… | E38: ='Kertas Kerja'!M255 -> Rekomendasi berdasarkan temuan AMI, antara lain sebagai berikut: (1) (2) (3) dst… | F38: ='Kertas Kerja'!K259 -> 2 | H38: 0.83898547 | I38: =IF(ISBLANK(H38),0,F38*H38) -> 1.6779709
A39: 27 | B39: ='Kertas Kerja'!A261 -> 23 | C39: Kegiatan penelitian DTPS yang relevan dengan bidang program studi dalam 3 tahun terakhir. Tabel 3.b.2) LKPS | D39: ='Kertas Kerja'!L261 -> Temuan Minor: (1) (2) (3) dst… Temuan Mayor: (1) (2) (3) dst… | E39: ='Kertas Kerja'!M261 -> Rekomendasi berdasarkan temuan AMI, antara lain sebagai berikut: (1) (2) (3) dst… | F39: ='Kertas Kerja'!K277 -> 0 | H39: 0.83898547 | I39: =IF(ISBLANK(H39),0,F39*H39) -> 0
A40: 28 | B40: ='Kertas Kerja'!A279 -> 24 | C40: Kegiatan PkM DTPS yang relevan dengan bidang program studi dalam 3 tahun terakhir. Tabel 3.b.3) LKPS | D40: ='Kertas Kerja'!L279 -> Temuan Minor: (1) (2) (3) dst… Temuan Mayor: (1) (2) (3) dst… | E40: ='Kertas Kerja'!M279 -> Rekomendasi berdasarkan temuan AMI, antara lain sebagai berikut: (1) (2) (3) dst… | F40: ='Kertas Kerja'!K295 -> 0 | H40: 0.41949273 | I40: =IF(ISBLANK(H40),0,F40*H40) -> 0
A41: 29 | B41: ='Kertas Kerja'!A297 -> 25 | C41: Publikasi ilmiah dengan tema yang relevan dengan bidang program studi yang dihasilkan DTPS dalam 3 tahun terakhir. Tabel 3.b.4) LKPS | D41: ='Kertas Kerja'!L297 -> Temuan Minor: (1) (2) (3) dst… Temuan Mayor: (1) (2) (3) dst… | E41: ='Kertas Kerja'!M297 -> Rekomendasi berdasarkan temuan AMI, antara lain sebagai berikut: (1) (2) (3) dst… | F41: ='Kertas Kerja'!K320 -> 0 | H41: 0.83898547 | I41: =IF(ISBLANK(H41),0,F41*H41) -> 0
A42: 30 | B42: ='Kertas Kerja'!A322 -> 26 | C42: Artikel karya ilmiah DTPS yang disitasi dalam 3 tahun terakhir. Tabel 3.b.5) LKPS | D42: ='Kertas Kerja'!L322 -> Temuan Minor: (1) (2) (3) dst… Temuan Mayor: (1) (2) (3) dst… | E42: ='Kertas Kerja'!M322 -> Rekomendasi berdasarkan temuan AMI, antara lain sebagai berikut: (1) (2) (3) dst… | F42: ='Kertas Kerja'!K327 -> 2 | H42: 0.83898547 | I42: =IF(ISBLANK(H42),0,F42*H42) -> 1.6779709
A43: 31 | B43: =IF('Kertas Kerja'!A329>0,'Kertas Kerja'!A329,"") | C43: Produk/jasa karya DTPS yang diadopsi oleh industri/masyarakat dalam 3 tahun terakhir. Tabel 3.b.6) LKPS | D43: ='Kertas Kerja'!L329 -> Deskripsi temuan auditor mutu internal tentang indikator yang terkait | E43: ='Kertas Kerja'!M329 -> Rekomendasi auditor mutu internal berkaitan dengan hasil temuan | F43: =IF(B43="","",'Kertas Kerja'!K333) | I43: =IF(ISBLANK(H43),0,F43*H43) -> 0
A44: 32 | B44: ='Kertas Kerja'!A335 -> 27 | C44: Luaran penelitian dan PkM yang dihasilkan DTPS dalam 3 tahun terakhir. Tabel 3.b.7) LKPS | D44: ='Kertas Kerja'!L335 -> Temuan Minor: (1) (2) (3) dst… Temuan Mayor: (1) (2) (3) dst… | E44: ='Kertas Kerja'!M335 -> Rekomendasi berdasarkan temuan AMI, antara lain sebagai berikut: (1) (2) (3) dst… | F44: ='Kertas Kerja'!K343 -> 2 | H44: 0.83898547 | I44: =IF(ISBLANK(H44),0,F44*H44) -> 1.6779709
A45: 33 | B45: ='Kertas Kerja'!A345 -> 28 | C45: C.4.4.c) Pengembangan Dosen Upaya pengembangan dosen. | D45: ='Kertas Kerja'!L345 -> Temuan Minor: (1) (2) (3) dst… Temuan Mayor: (1) (2) (3) dst… | E45: ='Kertas Kerja'!M345 -> Rekomendasi berdasarkan temuan AMI, antara lain sebagai berikut: (1) (2) (3) dst… | F45: ='Kertas Kerja'!K352 -> 0 | H45: 2.30721 | I45: =IF(ISBLANK(H45),0,F45*H45) -> 0
A46: 34 | B46: ='Kertas Kerja'!A354 -> 29 | C46: C.4.4.d) Tenaga Kependidikan A. Kualifikasi dan kecukupan tenaga kependidikan berdasarkan jenis pekerjaannya (administrasi, pustakawan, teknisi, dll.) B. Kualifikasi dan kecukupan laboran untuk mendukung proses pembelajaran sesuai dengan kebutuhan program studi. | D46: ='Kertas Kerja'!L354 -> Temuan Minor: (1) (2) (3) dst… Temuan Mayor: (1) (2) (3) dst… | E46: ='Kertas Kerja'!M354 -> Rekomendasi berdasarkan temuan AMI, antara lain sebagai berikut: (1) (2) (3) dst… | F46: ='Kertas Kerja'!K366 -> 0 | H46: 1.153605 | I46: =IF(ISBLANK(H46),0,F46*H46) -> 0
A47: 35 | B47: ='Kertas Kerja'!A392 -> 30 | C47: C.5. Keuangan, Sarana dan Prasarana C.5.4. Indikator Kinerja Utama C.5.4.a) Keuangan Biaya operasional pendidikan. Tabel 4 LKPS | D47: ='Kertas Kerja'!L392 -> Temuan Minor: (1) (2) (3) dst… Temuan Mayor: (1) (2) (3) dst… | E47: ='Kertas Kerja'!M392 -> Rekomendasi berdasarkan temuan AMI, antara lain sebagai berikut: (1) (2) (3) dst… | F47: ='Kertas Kerja'!K396 -> 0 | H47: 0.79310345 | I47: =IF(ISBLANK(H47),0,F47*H47) -> 0
A48: 36 | B48: ='Kertas Kerja'!A398 -> 31 | C48: Dana penelitian DTPS. Tabel 4 LKPS | D48: ='Kertas Kerja'!L398 -> Temuan Minor: (1) (2) (3) dst… Temuan Mayor: (1) (2) (3) dst… | E48: ='Kertas Kerja'!M398 -> Rekomendasi berdasarkan temuan AMI, antara lain sebagai berikut: (1) (2) (3) dst… | F48: ='Kertas Kerja'!K402 -> 0 | H48: 0.79310345 | I48: =IF(ISBLANK(H48),0,F48*H48) -> 0
A49: 37 | B49: ='Kertas Kerja'!A404 -> 32 | C49: Dana pengabdian kepada masyarakat DTPS. Tabel 4 LKPS | D49: ='Kertas Kerja'!L404 -> Temuan Minor: (1) (2) (3) dst… Temuan Mayor: (1) (2) (3) dst… | E49: ='Kertas Kerja'!M404 -> Rekomendasi berdasarkan temuan AMI, antara lain sebagai berikut: (1) (2) (3) dst… | F49: ='Kertas Kerja'!K408 -> 0 | H49: 0.39655172 | I49: =IF(ISBLANK(H49),0,F49*H49) -> 0
A50: 38 | B50: ='Kertas Kerja'!A410 -> 33 | C50: Realisasi investasi (SDM, sarana dan prasarana) yang mendukung penyelenggaraan tridharma. | D50: ='Kertas Kerja'!L410 -> Temuan Minor: (1) (2) (3) dst… Temuan Mayor: (1) (2) (3) dst… | E50: ='Kertas Kerja'!M410 -> Rekomendasi berdasarkan temuan AMI, antara lain sebagai berikut: (1) (2) (3) dst… | F50: ='Kertas Kerja'!K417 -> 0 | H50: 0.39655172 | I50: =IF(ISBLANK(H50),0,F50*H50) -> 0
A51: 39 | B51: ='Kertas Kerja'!A419 -> 34 | C51: Kecukupan dana untuk menjamin pencapaian capaian pembelajaran. | D51: ='Kertas Kerja'!L419 -> Temuan Minor: (1) (2) (3) dst… Temuan Mayor: (1) (2) (3) dst… | E51: ='Kertas Kerja'!M419 -> Rekomendasi berdasarkan temuan AMI, antara lain sebagai berikut: (1) (2) (3) dst… | F51: ='Kertas Kerja'!K425 -> 0 | H51: 0.79310345 | I51: =IF(ISBLANK(H51),0,F51*H51) -> 0
A52: 40 | B52: ='Kertas Kerja'!A427 -> 35 | C52: C.5.4.b) Sarana dan Prasarana Kecukupan, aksesibilitas dan mutu sarana dan prasarana untuk menjamin pencapaian capaian pembelajaran dan meningkatkan suasana akademik. | D52: ='Kertas Kerja'!L427 -> Temuan Minor: (1) (2) (3) dst… Temuan Mayor: (1) (2) (3) dst… | E52: ='Kertas Kerja'!M427 -> Rekomendasi berdasarkan temuan AMI, antara lain sebagai berikut: (1) (2) (3) dst… | F52: ='Kertas Kerja'!K433 -> 0 | H52: 3.1724138 | I52: =IF(ISBLANK(H52),0,F52*H52) -> 0
A53: 41 | B53: ='Kertas Kerja'!A435 -> 36 | C53: C.6. Pendidikan C.6.4. Indikator Kinerja Utama C.6.4.a) Kurikulum A. Keterlibatan pemangku kepentingan dalam proses evaluasi dan pemutakhiran kurikulum. B. Kesesuaian capaian pembelajaran dengan profil lulusan dan jenjang KKNI/SKKNI. C. Ketepatan struktur kurikulum dalam pembentukan capaian pembelajaran. | D53: ='Kertas Kerja'!L435 -> Temuan Minor: (1) (2) (3) dst… Temuan Mayor: (1) (2) (3) dst… | E53: ='Kertas Kerja'!M435 -> Rekomendasi berdasarkan temuan AMI, antara lain sebagai berikut: (1) (2) (3) dst… | F53: ='Kertas Kerja'!K453 -> 0 | H53: 2.1630094 | I53: =IF(ISBLANK(H53),0,F53*H53) -> 0 | J53: Skor min. = 2,0 | K53: =IF(F53>=2,"TERPENUHI","TIDAK TERPENUHI") -> TIDAK TERPENUHI
A54: 42 | B54: ='Kertas Kerja'!A455 -> 37 | C54: C.6.4.b) Karakteristik Proses Pembelajaran Pemenuhan karakteristik proses pembelajaran, yang terdiri atas sifat: 1) interaktif, 2) holistik, 3) integratif, 4) saintifik, 5) kontekstual, 6) tematik, 7) efektif, 8) kolaboratif, dan 9) berpusat pada mahasiswa. | D54: ='Kertas Kerja'!L455 -> Temuan Minor: (1) (2) (3) dst… Temuan Mayor: (1) (2) (3) dst… | E54: ='Kertas Kerja'!M455 -> Rekomendasi berdasarkan temuan AMI, antara lain sebagai berikut: (1) (2) (3) dst… | F54: ='Kertas Kerja'!K461 -> 0 | H54: 0.72100313 | I54: =IF(ISBLANK(H54),0,F54*H54) -> 0
A55: 43 | B55: ='Kertas Kerja'!A463 -> 38 | C55: C.6.4.c) Rencana Proses Pembelajaran A. Ketersediaan dan kelengkapan dokumen rencana pembelajaran semester (RPS). B. Kedalaman dan keluasan RPS sesuai dengan capaian pembelajaran lulusan. | D55: ='Kertas Kerja'!L463 -> Temuan Minor: (1) (2) (3) dst… Temuan Mayor: (1) (2) (3) dst… | E55: ='Kertas Kerja'!M463 -> Rekomendasi berdasarkan temuan AMI, antara lain sebagai berikut: (1) (2) (3) dst… | F55: ='Kertas Kerja'!K475 -> 0 | H55: 1.4420063 | I55: =IF(ISBLANK(H55),0,F55*H55) -> 0
A56: 44 | B56: ='Kertas Kerja'!A477 -> 39 | C56: C.6.4.d) Pelaksanaan Proses Pembelajaran A. Bentuk interaksi antara dosen, mahasiswa dan sumber belajar. B. Pemantauan kesesuaian proses terhadap rencana pembelajaran. C. Proses pembelajaran yang terkait dengan penelitian harus mengacu SN Dikti Penelitian: 1) hasil penelitian: harus memenuhi pengembangan IPTEKS, meningkatkan kesejahteraan masyarakat, dan daya saing bangsa. 2) isi penelitian: memenuhi kedalaman dan keluasan materi penelitian sesuai capaian pembelajaran. 3) proses penelitian: mencakup perencanaan, pelaksanaan, dan pelaporan. 4) penilaian penelitian memenuhi unsur edukatif, obyektif, akuntabel, dan transparan. D. Proses pembelajaran yang terkait dengan PkM harus mengacu SN Dikti PkM: 1) hasil PkM: harus memenuhi pengembangan IPTEKS, meningkatkan kesejahteraan masyarakat, dan daya saing bangsa. 2) isi PkM: memenuhi kedalaman dan keluasan materi PkM sesuai capaian pembelajaran. 3) proses PkM: mencakup perencanaan, pelaksanaan, dan pelaporan. 4) penilaian PkM memenuhi unsur edukatif, obyektif, akuntabel, dan transparan. E. Kesesuaian metode pembelajaran dengan capaian pembelajaran. Contoh: RBE (research based education), IBE (industry based education), teaching factory/teaching industry, dll. | D56: ='Kertas Kerja'!L477 -> Temuan Minor: (1) (2) (3) dst… Temuan Mayor: (1) (2) (3) dst… | E56: ='Kertas Kerja'!M477 -> Rekomendasi berdasarkan temuan AMI, antara lain sebagai berikut: (1) (2) (3) dst… | F56: ='Kertas Kerja'!K507 -> 0 | H56: 1.4420063 | I56: =IF(ISBLANK(H56),0,F56*H56) -> 0
A57: 45 | B57: =IF('Kertas Kerja'!A509>0,'Kertas Kerja'!A509,"") | C57: Pembelajaran yang dilaksanakan dalam bentuk praktikum, praktik studio, praktik bengkel, atau praktik lapangan. Tabel 5.a LKPS | D57: ='Kertas Kerja'!L509 -> Deskripsi temuan auditor mutu internal tentang indikator yang terkait | E57: ='Kertas Kerja'!M509 -> Rekomendasi auditor mutu internal berkaitan dengan hasil temuan | F57: =IF(B57="","",'Kertas Kerja'!K513) | I57: =IF(ISBLANK(H57),0,F57*H57) -> 0
A58: 46 | B58: ='Kertas Kerja'!A515 -> 40 | C58: C.6.4.e) Monitoring dan Evaluasi Proses Pembelajaran Monitoring dan evaluasi pelaksanaan proses pembelajaran mencakup karakteristik, perencanaan, pelaksanaan, proses pembelajaran dan beban belajar mahasiswa untuk memperoleh capaian pembelajaran lulusan. | D58: ='Kertas Kerja'!L515 -> Temuan Minor: (1) (2) (3) dst… Temuan Mayor: (1) (2) (3) dst… | E58: ='Kertas Kerja'!M515 -> Rekomendasi berdasarkan temuan AMI, antara lain sebagai berikut: (1) (2) (3) dst… | F58: ='Kertas Kerja'!K521 -> 0 | H58: 2.1630094 | I58: =IF(ISBLANK(H58),0,F58*H58) -> 0
A59: 47 | B59: ='Kertas Kerja'!A523 -> 41 | C59: C.6.4.f) Penilaian Pembelajaran A. Mutu pelaksanaan penilaian pembelajaran (proses dan hasil belajar mahasiswa) untuk mengukur ketercapaian capaian pembelajaran berdasarkan prinsip penilaian yang mencakup:1) edukatif, 2) otentik, 3) objektif, 4) akuntabel, dan 5) transparan, yang dilakukan secara terintegrasi. B. Pelaksanaan penilaian terdiri atas teknik dan instrumen penilaian. Teknik penilaian terdiri dari: 1) observasi, 2) partisipasi, 3) unjuk kerja, 4) test tertulis, 5) test lisan, dan 6) angket. Instrumen penilaian terdiri dari: 1) penilaian proses dalam bentuk rubrik, dan/ atau, 2) penilaian hasil dalam bentuk portofolio, atau 3) karya disain. C. Pelaksanaan penilaian memuat unsur-unsur sebagai berikut: 1) mempunyai kontrak rencana penilaian, 2) melaksanakan penilaian sesuai kontrak atau kesepakatan, 3) memberikan umpan balik dan memberi kesempatan untuk mempertanyakan hasil kepada mahasiswa, 4) mempunyai dokumentasi penilaian proses dan hasil belajar mahasiswa, 5) mempunyai prosedur yang mencakup tahap perencanaan, kegiatan pemberian tugas atau soal, observasi kinerja, pengembalian hasil observasi, dan pemberian nilai akhir, 6) pelaporan penilaian berupa kualifikasi keberhasilan mahasiswa dalam menempuh suatu mata kuliah dalam bentuk huruf dan angka, 7) mempunyai bukti-bukti rencana dan telah melakukan proses perbaikan berdasar hasil monev penilaian. | D59: ='Kertas Kerja'!L523 -> Temuan Minor: (1) (2) (3) dst… Temuan Mayor: (1) (2) (3) dst… | E59: ='Kertas Kerja'!M523 -> Rekomendasi berdasarkan temuan AMI, antara lain sebagai berikut: (1) (2) (3) dst… | F59: ='Kertas Kerja'!K541 -> 0 | H59: 1.4420063 | I59: =IF(ISBLANK(H59),0,F59*H59) -> 0
A60: 48 | B60: ='Kertas Kerja'!A543 -> 42 | C60: C.6.4.g) Integrasi kegiatan penelitian dan PkM dalam pembelajaran Integrasi kegiatan penelitian dan PkM dalam pembelajaran oleh DTPS dalam 3 tahun terakhir. Tabel 5.b LKPS | D60: ='Kertas Kerja'!L543 -> Temuan Minor: (1) (2) (3) dst… Temuan Mayor: (1) (2) (3) dst… | E60: ='Kertas Kerja'!M543 -> Rekomendasi berdasarkan temuan AMI, antara lain sebagai berikut: (1) (2) (3) dst… | F60: ='Kertas Kerja'!K547 -> 2 | H60: 1.4420063 | I60: =IF(ISBLANK(H60),0,F60*H60) -> 2.8840125
A61: 49 | B61: ='Kertas Kerja'!A549 -> 43 | C61: C.6.4.h) Suasana Akademik Keterlaksanaan dan keberkalaan program dan kegiatan diluar kegiatan pembelajaran terstruktur untuk meningkatkan suasana akademik. Contoh: kegiatan himpunan mahasiswa, kuliah umum/studium generale, seminar ilmiah, bedah buku. | D61: ='Kertas Kerja'!L549 -> Temuan Minor: (1) (2) (3) dst… Temuan Mayor: (1) (2) (3) dst… | E61: ='Kertas Kerja'!M549 -> Rekomendasi berdasarkan temuan AMI, antara lain sebagai berikut: (1) (2) (3) dst… | F61: ='Kertas Kerja'!K555 -> 0 | H61: 2.1630094 | I61: =IF(ISBLANK(H61),0,F61*H61) -> 0
A62: 50 | B62: ='Kertas Kerja'!A557 -> 44 | C62: C.6.4.i) Kepuasan Mahasiswa A. Tingkat kepuasan mahasiswa terhadap proses pendidikan. Tabel 5.c LKPS B. Analisis dan tindak lanjut dari hasil pengukuran kepuasan mahasiswa. | D62: ='Kertas Kerja'!L557 -> Temuan Minor: (1) (2) (3) dst… Temuan Mayor: (1) (2) (3) dst… | E62: ='Kertas Kerja'!M557 -> Rekomendasi berdasarkan temuan AMI, antara lain sebagai berikut: (1) (2) (3) dst… | F62: ='Kertas Kerja'!K567 -> 0 | H62: 2.8840125 | I62: =IF(ISBLANK(H62),0,F62*H62) -> 0
A63: 51 | B63: ='Kertas Kerja'!A569 -> 45 | C63: C.7. Penelitian C.7.4. Indikator Kinerja Utama C.7.4.a) Relevansi Penelitian Relevansi penelitian pada UPPS mencakup unsur-unsur sebagai berikut: 1) memiliki peta jalan yang memayungi tema penelitian dosen dan mahasiswa, 2) dosen dan mahasiswa melaksanakan penelitian sesuai dengan agenda penelitian dosen yang merujuk kepada peta jalan penelitian, 3) melakukan evaluasi kesesuaian penelitian dosen dan mahasiswa dengan peta jalan, dan 4) menggunakan hasil evaluasi untuk perbaikan relevansi penelitian dan pengembangan keilmuan program studi. | D63: ='Kertas Kerja'!L569 -> Temuan Minor: (1) (2) (3) dst… Temuan Mayor: (1) (2) (3) dst… | E63: ='Kertas Kerja'!M569 -> Rekomendasi berdasarkan temuan AMI, antara lain sebagai berikut: (1) (2) (3) dst… | F63: ='Kertas Kerja'!K575 -> 0 | H63: 2.6436782 | I63: =IF(ISBLANK(H63),0,F63*H63) -> 0
A64: 52 | B64: ='Kertas Kerja'!A593 -> 46 | C64: C.7.4.b) Penelitian Dosen dan Mahasiswa Penelitian DTPS yang dalam pelaksanaannya melibatkan mahasiswa program studi dalam 3 tahun terakhir. Tabel 6.a LKPS | D64: ='Kertas Kerja'!L593 -> Temuan Minor: (1) (2) (3) dst… Temuan Mayor: (1) (2) (3) dst… | E64: ='Kertas Kerja'!M593 -> Rekomendasi berdasarkan temuan AMI, antara lain sebagai berikut: (1) (2) (3) dst… | F64: ='Kertas Kerja'!K595 -> 2 | H64: 2.6436782 | I64: =IF(ISBLANK(H64),0,F64*H64) -> 5.2873563
B65: ='Kertas Kerja'!A597 -> 47 | C65: Penelitian DTPS yang menjadi rujukan tema tesis/disertasi mahasiswa program studi dalam 3 tahun terakhir. Tabel 6.b LKPS | D65: ='Kertas Kerja'!L597 -> Temuan Minor: (1) (2) (3) dst… Temuan Mayor: (1) (2) (3) dst… | E65: ='Kertas Kerja'!M597 -> Rekomendasi berdasarkan temuan AMI, antara lain sebagai berikut: (1) (2) (3) dst… | F65: ='Kertas Kerja'!K599 -> 1 | H65: 2.6436782 | I65: =IF(ISBLANK(H65),0,F65*H65) -> 2.6436782
A66: 54 | B66: ='Kertas Kerja'!A601 -> 48 | C66: C.8. Pengabdian kepada Masyarakat C.8.4. Indikator Kinerja Utama C.8.4.a) Relevansi PkM Relevansi PkM pada UPPS mencakup unsur-unsur sebagai berikut: 1) memiliki peta jalan yang memayungi tema PkM dosen dan mahasiswa serta hilirisasi/penerapan keilmuan program studi, 2) dosen dan mahasiswa melaksanakan PkM sesuai dengan peta jalan PkM, 3) melakukan evaluasi kesesuaian PkM dosen dan mahasiswa dengan peta jalan, dan 4) menggunakan hasil evaluasi untuk perbaikan relevansi PkM dan pengembangan keilmuan program studi. | D66: ='Kertas Kerja'!L601 -> Temuan Minor: (1) (2) (3) dst… Temuan Mayor: (1) (2) (3) dst… | E66: ='Kertas Kerja'!M601 -> Rekomendasi berdasarkan temuan AMI, antara lain sebagai berikut: (1) (2) (3) dst… | F66: ='Kertas Kerja'!K607 -> 0 | H66: 1.5862069 | I66: =IF(ISBLANK(H66),0,F66*H66) -> 0
A67: 55 | B67: =IF('Kertas Kerja'!A609>0,'Kertas Kerja'!A609,"") | C67: C.8.4.b) PkM Dosen dan Mahasiswa PkM DTPS yang dalam pelaksanaannya melibatkan mahasiswa program studi dalam 3 tahun terakhir. Tabel 7 LKPS | D67: ='Kertas Kerja'!L609 -> Deskripsi temuan auditor mutu internal tentang indikator yang terkait | E67: ='Kertas Kerja'!M609 -> Rekomendasi auditor mutu internal berkaitan dengan hasil temuan | F67: =IF(B67="","",'Kertas Kerja'!K611) | I67: =IF(ISBLANK(H67),0,F67*H67) -> 0
A68: 56 | B68: ='Kertas Kerja'!A613 -> 49 | C68: C.9. Luaran dan Capaian Tridharma C.9.4. Indikator Kinerja Utama C.9.4.a) Luaran Dharma Pendidikan Analisis pemenuhan capaian pembelajaran lulusan (CPL) yang diukur dengan metoda yang sahih dan relevan, mencakup aspek: 1) keserbacakupan, 2) kedalaman, dan 3) kebermanfaatan analisis yang ditunjukkan dengan peningkatan CPL dari waktu ke waktu dalam 3 tahun terakhir. | D68: ='Kertas Kerja'!L613 -> Temuan Minor: (1) (2) (3) dst… Temuan Mayor: (1) (2) (3) dst… | E68: ='Kertas Kerja'!M613 -> Rekomendasi berdasarkan temuan AMI, antara lain sebagai berikut: (1) (2) (3) dst… | F68: ='Kertas Kerja'!K619 -> 0 | H68: 2.1630094 | I68: =IF(ISBLANK(H68),0,F68*H68) -> 0
A69: 57 | B69: ='Kertas Kerja'!A621 -> 50 | C69: IPK lulusan. Tabel 8.a LKPS | D69: ='Kertas Kerja'!L621 -> Temuan Minor: (1) (2) (3) dst… Temuan Mayor: (1) (2) (3) dst… | E69: ='Kertas Kerja'!M621 -> Rekomendasi berdasarkan temuan AMI, antara lain sebagai berikut: (1) (2) (3) dst… | F69: ='Kertas Kerja'!K631 -> 2 | H69: 2.1630094 | I69: =IF(ISBLANK(H69),0,F69*H69) -> 4.3260188
A70: 58 | B70: ='Kertas Kerja'!A633 -> 51 | C70: Prestasi mahasiswa di bidang akademik dalam 3 tahun terakhir. Tabel 8.b.1) LKPS | D70: ='Kertas Kerja'!L633 -> Temuan Minor: (1) (2) (3) dst… Temuan Mayor: (1) (2) (3) dst… | E70: ='Kertas Kerja'!M633 -> Rekomendasi berdasarkan temuan AMI, antara lain sebagai berikut: (1) (2) (3) dst… | F70: ='Kertas Kerja'!K644 -> 0 | H70: 3.2445141 | I70: =IF(ISBLANK(H70),0,F70*H70) -> 0
A71: 59 | B71: =IF('Kertas Kerja'!A646>0,'Kertas Kerja'!A646,"") | C71: Prestasi mahasiswa di bidang nonakademik dalam 3 tahun terakhir. Tabel 8.b.2) LKPS | D71: ='Kertas Kerja'!L646 -> Deskripsi temuan auditor mutu internal tentang indikator yang terkait | E71: ='Kertas Kerja'!M646 -> Rekomendasi auditor mutu internal berkaitan dengan hasil temuan | F71: =IF(B71="","",'Kertas Kerja'!K657) | I71: =IF(ISBLANK(H71),0,F71*H71) -> 0
A72: 60 | B72: ='Kertas Kerja'!A659 -> 52 | C72: Masa studi. Tabel 8.c LKPS | D72: ='Kertas Kerja'!L659 -> Temuan Minor: (1) (2) (3) dst… Temuan Mayor: (1) (2) (3) dst… | E72: ='Kertas Kerja'!M659 -> Rekomendasi berdasarkan temuan AMI, antara lain sebagai berikut: (1) (2) (3) dst… | F72: ='Kertas Kerja'!K669 -> 0 | H72: 2.1630094 | I72: =IF(ISBLANK(H72),0,F72*H72) -> 0
A73: 61 | B73: ='Kertas Kerja'!A671 -> 53 | C73: Kelulusan tepat waktu. Tabel 8.c LKPS | D73: ='Kertas Kerja'!L671 -> Temuan Minor: (1) (2) (3) dst… Temuan Mayor: (1) (2) (3) dst… | E73: ='Kertas Kerja'!M671 -> Rekomendasi berdasarkan temuan AMI, antara lain sebagai berikut: (1) (2) (3) dst… | F73: ='Kertas Kerja'!K679 -> 1 | H73: 2.1630094 | I73: =IF(ISBLANK(H73),0,F73*H73) -> 2.1630094
A74: 62 | B74: ='Kertas Kerja'!A681 -> 54 | C74: Keberhasilan studi. Tabel 8.c LKPS | D74: ='Kertas Kerja'!L681 -> Temuan Minor: (1) (2) (3) dst… Temuan Mayor: (1) (2) (3) dst… | E74: ='Kertas Kerja'!M681 -> Rekomendasi berdasarkan temuan AMI, antara lain sebagai berikut: (1) (2) (3) dst… | F74: ='Kertas Kerja'!K689 -> 0 | H74: 2.1630094 | I74: =IF(ISBLANK(H74),0,F74*H74) -> 0
A75: 63 | B75: ='Kertas Kerja'!A691 -> 55 | C75: Pelaksanaan tracer study yang mencakup 5 aspek sebagai berikut: 1) pelaksanaan tracer study terkoordinasi di tingkat PT, 2) kegiatan tracer study dilakukan secara reguler setiap tahun dan terdokumentasi, 3) isi kuesioner mencakup seluruh pertanyaan inti tracer study DIKTI, 4) ditargetkan pada seluruh populasi (lulusan TS-4 s.d. TS-2), dan 5) hasilnya disosialisasikan dan digunakan untuk pengembangan kurikulum dan pembelajaran. | D75: ='Kertas Kerja'!L691 -> Temuan Minor: (1) (2) (3) dst… Temuan Mayor: (1) (2) (3) dst… | E75: ='Kertas Kerja'!M691 -> Rekomendasi berdasarkan temuan AMI, antara lain sebagai berikut: (1) (2) (3) dst… | F75: ='Kertas Kerja'!K697 -> 0 | H75: 3.2445141 | I75: =IF(ISBLANK(H75),0,F75*H75) -> 0
A76: 64 | B76: =IF('Kertas Kerja'!A699>0,'Kertas Kerja'!A699,"") | C76: Waktu tunggu. Tabel 8.d.1) LKPS | D76: ='Kertas Kerja'!L699 -> Deskripsi temuan auditor mutu internal tentang indikator yang terkait | E76: ='Kertas Kerja'!M699 -> Rekomendasi auditor mutu internal berkaitan dengan hasil temuan | F76: =IF(B76="","",'Kertas Kerja'!K726) | I76: =IF(ISBLANK(H76),0,F76*H76) -> 0
A77: 65 | B77: ='Kertas Kerja'!A728 -> 56 | C77: Kesesuaian bidang kerja. Tabel 8.d.2) LKPS | D77: ='Kertas Kerja'!L728 -> Temuan Minor: (1) (2) (3) dst… Temuan Mayor: (1) (2) (3) dst… | E77: ='Kertas Kerja'!M728 -> Rekomendasi berdasarkan temuan AMI, antara lain sebagai berikut: (1) (2) (3) dst… | F77: ='Kertas Kerja'!K753 -> 0 | H77: 3.2445141 | I77: =IF(ISBLANK(H77),0,F77*H77) -> 0
A78: 66 | B78: =IF('Kertas Kerja'!A755>0,'Kertas Kerja'!A755,"") | C78: Tingkat dan ukuran tempat kerja lulusan. Tabel 8.e.1) LKPS | D78: ='Kertas Kerja'!L755 -> Deskripsi temuan auditor mutu internal tentang indikator yang terkait | E78: ='Kertas Kerja'!M755 -> Rekomendasi auditor mutu internal berkaitan dengan hasil temuan | F78: =IF(B78="","",'Kertas Kerja'!K786) | I78: =IF(ISBLANK(H78),0,F78*H78) -> 0
A79: 67 | B79: ='Kertas Kerja'!A788 -> 57 | C79: Tingkat kepuasan pengguna lulusan. Tabel 8.e.2) LKPS | D79: ='Kertas Kerja'!L788 -> Temuan Minor: (1) (2) (3) dst… Temuan Mayor: (1) (2) (3) dst… | E79: ='Kertas Kerja'!M788 -> Rekomendasi berdasarkan temuan AMI, antara lain sebagai berikut: (1) (2) (3) dst… | F79: ='Kertas Kerja'!K834 -> 0 | H79: 3.2445141 | I79: =IF(ISBLANK(H79),0,F79*H79) -> 0
A80: 68 | B80: ='Kertas Kerja'!A836 -> 58 | C80: C.9.4.b) Luaran Dharma Penelitian dan PkM Pagelaran/pameran/presentasi/ publikasi ilmiah mahasiswa, yang dihasilkan secara mandiri atau bersama DTPS, dengan judul yang relevan dengan bidang program studi dalam 3 tahun terakhir. Tabel 8.f.1) LKPS | D80: ='Kertas Kerja'!L836 -> Temuan Minor: (1) (2) (3) dst… Temuan Mayor: (1) (2) (3) dst… | E80: ='Kertas Kerja'!M836 -> Rekomendasi berdasarkan temuan AMI, antara lain sebagai berikut: (1) (2) (3) dst… | F80: ='Kertas Kerja'!K859 -> 0 | H80: 4.5320197 | I80: =IF(ISBLANK(H80),0,F80*H80) -> 0 | L80: Skor min. = 3,0 | M80: =IF(F80>=3,"TERPENUHI","TIDAK TERPENUHI") -> TIDAK TERPENUHI | N80: Skor min. = 2,5 | O80: =IF(F80>=2.5,"TERPENUHI","TIDAK TERPENUHI") -> TIDAK TERPENUHI
B81: ='Kertas Kerja'!A861 -> 59 | C81: Artikel karya ilmiah mahasiswa, yang dihasilkan secara mandiri atau bersama DTPS, yang disitasi dalam 3 tahun terakhir. Tabel 8.f.2) LKPS | D81: ='Kertas Kerja'!L861 -> Temuan Minor: (1) (2) (3) dst… Temuan Mayor: (1) (2) (3) dst… | E81: ='Kertas Kerja'!M861 -> Rekomendasi berdasarkan temuan AMI, antara lain sebagai berikut: (1) (2) (3) dst… | F81: ='Kertas Kerja'!K863 -> 2 | H81: 2.2660099 | I81: =IF(ISBLANK(H81),0,F81*H81) -> 4.5320197
A82: 69 | B82: =IF('Kertas Kerja'!A865>0,'Kertas Kerja'!A865,"") | C82: Produk/jasa karya mahasiswa, yang dihasilkan secara mandiri atau bersama DTPS, yang diadopsi oleh industri/ masyarakat dalam 3 tahun terakhir. Tabel 8.f.3) LKPS | D82: ='Kertas Kerja'!L865 -> Deskripsi temuan auditor mutu internal tentang indikator yang terkait | E82: ='Kertas Kerja'!M865 -> Rekomendasi auditor mutu internal berkaitan dengan hasil temuan | F82: =IF(B82="","",'Kertas Kerja'!K867) | I82: =IF(ISBLANK(H82),0,F82*H82) -> 0
A83: 71 | B83: ='Kertas Kerja'!A869 -> 60 | C83: Luaran penelitian dan PkM yang dihasilkan mahasiswa, baik secara mandiri atau bersama DTPS dalam 3 tahun terakhir. Tabel 8.f.4) LKPS | D83: ='Kertas Kerja'!L869 -> Temuan Minor: (1) (2) (3) dst… Temuan Mayor: (1) (2) (3) dst… | E83: ='Kertas Kerja'!M869 -> Rekomendasi berdasarkan temuan AMI, antara lain sebagai berikut: (1) (2) (3) dst… | F83: ='Kertas Kerja'!K876 -> 2 | H83: 1.1330049 | I83: =IF(ISBLANK(H83),0,F83*H83) -> 2.2660099
A84: 72 | B84: ='Kertas Kerja'!A878 -> 61 | C84: D Analisis dan Penetapan Program Pengembangan D.1 Analisis dan Capaian Kinerja Keserbacakupan (kelengkapan, keluasan, dan kedalaman), ketepatan, ketajaman, dan kesesuaian analisis capaian kinerja serta konsistensi dengan setiap kriteria. | D84: ='Kertas Kerja'!L878 -> Temuan Minor: (1) (2) (3) dst… Temuan Mayor: (1) (2) (3) dst… | E84: ='Kertas Kerja'!M878 -> Rekomendasi berdasarkan temuan AMI, antara lain sebagai berikut: (1) (2) (3) dst… | F84: ='Kertas Kerja'!K884 -> 0 | H84: 1.5 | I84: =IF(ISBLANK(H84),0,F84*H84) -> 0
A85: 73 | B85: ='Kertas Kerja'!A886 -> 62 | C85: D.2 Analisis SWOT atau Analisis Lain yang Relevan Ketepatan analisis SWOT atau analisis yang relevan di dalam mengembangkan strategi. | D85: ='Kertas Kerja'!L886 -> Temuan Minor: (1) (2) (3) dst… Temuan Mayor: (1) (2) (3) dst… | E85: ='Kertas Kerja'!M886 -> Rekomendasi berdasarkan temuan AMI, antara lain sebagai berikut: (1) (2) (3) dst… | F85: ='Kertas Kerja'!K892 -> 0 | H85: 2 | I85: =IF(ISBLANK(H85),0,F85*H85) -> 0
A86: 74 | B86: ='Kertas Kerja'!A894 -> 63 | C86: D.3 Program Pengembangan Ketepatan di dalam menetapkan prioritas program pengembangan. | D86: ='Kertas Kerja'!L894 -> Temuan Minor: (1) (2) (3) dst… Temuan Mayor: (1) (2) (3) dst… | E86: ='Kertas Kerja'!M894 -> Rekomendasi berdasarkan temuan AMI, antara lain sebagai berikut: (1) (2) (3) dst… | F86: ='Kertas Kerja'!K900 -> 0 | H86: 1.5 | I86: =IF(ISBLANK(H86),0,F86*H86) -> 0
A87: 75 | B87: ='Kertas Kerja'!A902 -> 64 | C87: D.4 Program Keberlanjutan UPPS memiliki kebijakan, ketersediaan sumberdaya, kemampuan melaksanakan, dan kerealistikan program. | D87: ='Kertas Kerja'!L902 -> Temuan Minor: (1) (2) (3) dst… Temuan Mayor: (1) (2) (3) dst… | E87: ='Kertas Kerja'!M902 -> Rekomendasi berdasarkan temuan AMI, antara lain sebagai berikut: (1) (2) (3) dst… | F87: ='Kertas Kerja'!K908 -> 0 | H87: 1 | I87: =IF(ISBLANK(H87),0,F87*H87) -> 0
D89: =TEXT(D10,"dd mmmm yyyy") -> 00 January 1900
B93: ttd | E93: ttd
B97: ="( "&D8&" )" -> ( ) | E97: ="( "&D9&" )" -> ( )

Sheet Lap ED
A1: LAPORAN EVALUASI DIRI
A2: ="PROGRAM STUDI "&UPPER('Isian Prodi'!C5) -> PROGRAM STUDI PRODI S2
A5: NO. | B5: KRITERIA/ELEMEN/INDIKATOR | C5: EVALUASI DIRI PROGRAM STUDI | D5: IDENTIFIKASI RISIKO | E5: LEVEL RISIKO
A6: ='Lap AK'!B13 -> 1 | B6: A. Kondisi Eksternal Konsistensi dengan hasil analisis SWOT dan/atau analisis lain serta rencana pengembangan ke depan. | C6: ='Kertas Kerja'!F8 -> Deskripsi dan penjelasan tentang : 1. Capaian terhadap indikator 2. Faktor pendukung dan faktor penghambat 3. Masalah dan akar masalah yang dihadapi 4. Data dan dokumen pendukung | D6: ='Kertas Kerja'!G8 -> Deskripsi dan penjelasan tentang : 1. Peristiwa yang mungkin terjadi terkait dengan indikator 2. Dampak dari terjadinya peristiwa yang mungkin terjadi terkait dengan indikator | E6: ='Kertas Kerja'!J8 -> RENDAH | G6: ='Kertas Kerja'!H8 -> A | H6: ='Kertas Kerja'!I8 -> 1
A7: ='Lap AK'!B14 -> 2 | B7: B. Profil Unit Pengelola Program Studi Keserbacakupan informasi dalam profil dan konsistensi antara profil dengan data dan informasi yang disampaikan pada masing-masing kriteria, serta menunjukkan iklim yang kondusif untuk pengembangan dan reputasi sebagai rujukan di bidang keilmuannya. | C7: ='Kertas Kerja'!F16 -> Deskripsi dan penjelasan tentang : 1. Capaian terhadap indikator 2. Faktor pendukung dan faktor penghambat 3. Masalah dan akar masalah yang dihadapi 4. Data dan dokumen pendukung | D7: ='Kertas Kerja'!G16 -> Deskripsi dan penjelasan tentang : 1. Peristiwa yang mungkin terjadi terkait dengan indikator 2. Dampak dari terjadinya peristiwa yang mungkin terjadi terkait dengan indikator | E7: ='Kertas Kerja'!J16 -> RENDAH | G7: ='Kertas Kerja'!H16 -> A | H7: ='Kertas Kerja'!I16 -> 1
A8: ='Lap AK'!B15 -> 3 | B8: C. Kriteria C.1. Visi, Misi, Tujuan dan Strategi C.1.4. Indikator Kinerja Utama Kesesuaian Visi, Misi, Tujuan dan Strategi (VMTS) Unit Pengelola Program Studi (UPPS) terhadap VMTS Perguruan Tinggi (PT) dan visi keilmuan Program Studi (PS) yang dikelolanya. | C8: ='Kertas Kerja'!F24 -> Deskripsi dan penjelasan tentang : 1. Capaian terhadap indikator 2. Faktor pendukung dan faktor penghambat 3. Masalah dan akar masalah yang dihadapi 4. Data dan dokumen pendukung | D8: ='Kertas Kerja'!G24 -> Deskripsi dan penjelasan tentang : 1. Peristiwa yang mungkin terjadi terkait dengan indikator 2. Dampak dari terjadinya peristiwa yang mungkin terjadi terkait dengan indikator | E8: ='Kertas Kerja'!J24 -> RENDAH | G8: ='Kertas Kerja'!H24 -> A | H8: ='Kertas Kerja'!I24 -> 1
A9: ='Lap AK'!B16 -> 4 | B9: Mekanisme dan keterlibatan pemangku kepentingan dalam penyusunan VMTS UPPS. | C9: ='Kertas Kerja'!F32 -> Deskripsi dan penjelasan tentang : 1. Capaian terhadap indikator 2. Faktor pendukung dan faktor penghambat 3. Masalah dan akar masalah yang dihadapi 4. Data dan dokumen pendukung | D9: ='Kertas Kerja'!G32 -> Deskripsi dan penjelasan tentang : 1. Peristiwa yang mungkin terjadi terkait dengan indikator 2. Dampak dari terjadinya peristiwa yang mungkin terjadi terkait dengan indikator | E9: ='Kertas Kerja'!J32 -> RENDAH | G9: ='Kertas Kerja'!H32 -> A | H9: ='Kertas Kerja'!I32 -> 1
A10: ='Lap AK'!B17 -> 5 | B10: Strategi pencapaian tujuan disusun berdasarkan analisis yang sistematis, serta pada pelaksanaannya dilakukan pemantauan dan evaluasi yang ditindaklanjuti. | C10: ='Kertas Kerja'!F40 -> Deskripsi dan penjelasan tentang : 1. Capaian terhadap indikator 2. Faktor pendukung dan faktor penghambat 3. Masalah dan akar masalah yang dihadapi 4. Data dan dokumen pendukung | D10: ='Kertas Kerja'!G40 -> Deskripsi dan penjelasan tentang : 1. Peristiwa yang mungkin terjadi terkait dengan indikator 2. Dampak dari terjadinya peristiwa yang mungkin terjadi terkait dengan indikator | E10: ='Kertas Kerja'!J40 -> RENDAH | G10: ='Kertas Kerja'!H40 -> A | H10: ='Kertas Kerja'!I40 -> 1
A11: ='Lap AK'!B18 -> 6 | B11: C.2. Tata Pamong, Tata Kelola dan Kerjasama C.2.4. Indikator Kinerja Utama C.2.4.a) Sistem Tata Pamong A. Kelengkapan struktur organisasi dan keefektifan penyelenggaraan organisasi. B. Perwujudan good governance dan pemenuhan lima pilar sistem tata pamong, yang mencakup: 1) Kredibel, 2) Transparan, 3) Akuntabel, 4) Bertanggung jawab, 5) Adil. | C11: ='Kertas Kerja'!F48 -> Deskripsi dan penjelasan tentang : 1. Capaian terhadap indikator 2. Faktor pendukung dan faktor penghambat 3. Masalah dan akar masalah yang dihadapi 4. Data dan dokumen pendukung | D11: ='Kertas Kerja'!G48 -> Deskripsi dan penjelasan tentang : 1. Peristiwa yang mungkin terjadi terkait dengan indikator 2. Dampak dari terjadinya peristiwa yang mungkin terjadi terkait dengan indikator | E11: ='Kertas Kerja'!J48 -> RENDAH | G11: ='Kertas Kerja'!H48 -> A | H11: ='Kertas Kerja'!I48 -> 1
A12: ='Lap AK'!B19 -> 7 | B12: C.2.4.b) Kepemimpinan dan Kemampuan Manajerial A. Komitmen pimpinan UPPS. B. Kapabilitas pimpinan UPPS, mencakup aspek: 1) perencanaan, 2) pengorganisasian, 3) penempatan personel, 4) pelaksanaan, 5) pengendalian dan pengawasan, dan 6) pelaporan yang menjadi dasar tindak lanjut. | C12: ='Kertas Kerja'!F62 -> Deskripsi dan penjelasan tentang : 1. Capaian terhadap indikator 2. Faktor pendukung dan faktor penghambat 3. Masalah dan akar masalah yang dihadapi 4. Data dan dokumen pendukung | D12: ='Kertas Kerja'!G62 -> Deskripsi dan penjelasan tentang : 1. Peristiwa yang mungkin terjadi terkait dengan indikator 2. Dampak dari terjadinya peristiwa yang mungkin terjadi terkait dengan indikator | E12: ='Kertas Kerja'!J62 -> RENDAH | G12: ='Kertas Kerja'!H62 -> A | H12: ='Kertas Kerja'!I62 -> 1
A13: ='Lap AK'!B20 -> 8 | B13: C.2.4.c) Kerjasama Mutu, manfaat, kepuasan dan keberlanjutan kerjasama pendidikan, penelitian dan PkM yang relevan dengan program studi. UPPS memiliki bukti yang sahih terkait kerjasama yang ada telah memenuhi 3 aspek berikut: 1) memberikan manfaat bagi program studi dalam pemenuhan proses pembelajaran, penelitian, PkM. 2) memberikan peningkatan kinerja tridharma dan fasilitas pendukung program studi. 3) memberikan kepuasan kepada mitra industri dan mitra kerjasama lainnya, serta menjamin keberlanjutan kerjasama dan hasilnya. | C13: ='Kertas Kerja'!F76 -> Deskripsi dan penjelasan tentang : 1. Capaian terhadap indikator 2. Faktor pendukung dan faktor penghambat 3. Masalah dan akar masalah yang dihadapi 4. Data dan dokumen pendukung | D13: ='Kertas Kerja'!G76 -> Deskripsi dan penjelasan tentang : 1. Peristiwa yang mungkin terjadi terkait dengan indikator 2. Dampak dari terjadinya peristiwa yang mungkin terjadi terkait dengan indikator | E13: ='Kertas Kerja'!J76 -> RENDAH | G13: ='Kertas Kerja'!H76 -> A | H13: ='Kertas Kerja'!I76 -> 1
A14: ='Lap AK'!B21 -> 9 | B14: A. Kerjasama pendidikan, penelitian, dan PkM yang relevan dengan program studi dan dikelola oleh UPPS dalam 3 tahun terakhir. B. Kerjasama tingkat internasional, nasional, wilayah/lokal yang relevan dengan program studi dan dikelola oleh UPPS dalam 3 tahun terakhir. Tabel 1 LKPS | C14: ='Kertas Kerja'!F84 -> Deskripsi dan penjelasan tentang : 1. Capaian terhadap indikator 2. Faktor pendukung dan faktor penghambat 3. Masalah dan akar masalah yang dihadapi 4. Data dan dokumen pendukung | D14: ='Kertas Kerja'!G84 -> Deskripsi dan penjelasan tentang : 1. Peristiwa yang mungkin terjadi terkait dengan indikator 2. Dampak dari terjadinya peristiwa yang mungkin terjadi terkait dengan indikator | E14: ='Kertas Kerja'!J84 -> RENDAH | G14: ='Kertas Kerja'!H84 -> A | H14: ='Kertas Kerja'!I84 -> 1
A15: ='Lap AK'!B22 -> 10 | B15: C.2.5 Indikator Kinerja Tambahan Pelampauan SN-DIKTI (indikator kinerja tambahan) yang ditetapkan oleh UPPS pada tiap kriteria. | C15: ='Kertas Kerja'!F111 -> Deskripsi dan penjelasan tentang : 1. Capaian terhadap indikator 2. Faktor pendukung dan faktor penghambat 3. Masalah dan akar masalah yang dihadapi 4. Data dan dokumen pendukung | D15: ='Kertas Kerja'!G111 -> Deskripsi dan penjelasan tentang : 1. Peristiwa yang mungkin terjadi terkait dengan indikator 2. Dampak dari terjadinya peristiwa yang mungkin terjadi terkait dengan indikator | E15: ='Kertas Kerja'!J111 -> RENDAH | G15: ='Kertas Kerja'!H111 -> A | H15: ='Kertas Kerja'!I111 -> 1
A16: ='Lap AK'!B23 -> 11 | B16: C.2.6 Evaluasi Capaian Kinerja Analisis keberhasilan dan/atau ketidakberhasilan pencapaian kinerja UPPS yang telah ditetapkan di tiap kriteria memenuhi 2 aspek sebagai berikut: 1) capaian kinerja diukur dengan metoda yang tepat, dan hasilnya dianalisis serta dievaluasi, dan 2) analisis terhadap capaian kinerja mencakup identifikasi akar masalah, faktor pendukung keberhasilan dan faktor penghambat ketercapaian standard, dan deskripsi singkat tindak lanjut yang akan dilakukan. | C16: ='Kertas Kerja'!F119 -> Deskripsi dan penjelasan tentang : 1. Capaian terhadap indikator 2. Faktor pendukung dan faktor penghambat 3. Masalah dan akar masalah yang dihadapi 4. Data dan dokumen pendukung | D16: ='Kertas Kerja'!G119 -> Deskripsi dan penjelasan tentang : 1. Peristiwa yang mungkin terjadi terkait dengan indikator 2. Dampak dari terjadinya peristiwa yang mungkin terjadi terkait dengan indikator | E16: ='Kertas Kerja'!J119 -> RENDAH | G16: ='Kertas Kerja'!H119 -> A | H16: ='Kertas Kerja'!I119 -> 1
A17: ='Lap AK'!B24 -> 12 | B17: C.2.7. Penjaminan Mutu Keterlaksanaan Sistem Penjaminan Mutu Internal (akademik dan nonakademik) yang dibuktikan dengan keberadaan 5 aspek: 1) dokumen legal pembentukan unsur pelaksana penjaminan mutu, 2) ketersediaan dokumen mutu: kebijakan SPMI, manual SPMI, standar SPMI, dan formulir SPMI, 3) terlaksananya siklus penjaminan mutu (siklus PPEPP), 4) bukti sahih efektivitas pelaksanaan penjaminan mutu, dan 5) memiliki external benchmarking dalam peningkatan mutu. | C17: ='Kertas Kerja'!F127 -> Deskripsi dan penjelasan tentang : 1. Capaian terhadap indikator 2. Faktor pendukung dan faktor penghambat 3. Masalah dan akar masalah yang dihadapi 4. Data dan dokumen pendukung | D17: ='Kertas Kerja'!G127 -> Deskripsi dan penjelasan tentang : 1. Peristiwa yang mungkin terjadi terkait dengan indikator 2. Dampak dari terjadinya peristiwa yang mungkin terjadi terkait dengan indikator | E17: ='Kertas Kerja'!J127 -> RENDAH | G17: ='Kertas Kerja'!H127 -> A | H17: ='Kertas Kerja'!I127 -> 1
A18: ='Lap AK'!B25 -> 13 | B18: C.2.8. Kepuasan Pemangku Kepentingan Pengukuran kepuasan layanan manajemen terhadap para pemangku kepentingan: mahasiswa, dosen, tenaga kependidikan, lulusan, pengguna dan mitra yang memenuhi aspek-aspek berikut: 1) menggunakan instrumen kepuasan yang sahih, andal, mudah digunakan, 2) dilaksanakan secara berkala, serta datanya terekam secara komprehensif, 3) dianalisis dengan metode yang tepat serta bermanfaat untuk pengambilan keputusan, 4) tingkat kepuasan dan umpan balik ditindaklanjuti untuk perbaikan dan peningkatan mutu luaran secara berkala dan tersistem, 5) dilakukan review terhadap pelaksanaan pengukuran kepuasan dosen dan mahasiswa, serta 6) hasilnya dipublikasikan dan mudah diakses oleh dosen dan mahasiswa. | C18: ='Kertas Kerja'!F135 -> Deskripsi dan penjelasan tentang : 1. Capaian terhadap indikator 2. Faktor pendukung dan faktor penghambat 3. Masalah dan akar masalah yang dihadapi 4. Data dan dokumen pendukung | D18: ='Kertas Kerja'!G135 -> Deskripsi dan penjelasan tentang : 1. Peristiwa yang mungkin terjadi terkait dengan indikator 2. Dampak dari terjadinya peristiwa yang mungkin terjadi terkait dengan indikator | E18: ='Kertas Kerja'!J135 -> RENDAH | G18: ='Kertas Kerja'!H135 -> A | H18: ='Kertas Kerja'!I135 -> 1
A19: ='Lap AK'!B26 -> 14 | B19: C.3. Mahasiswa C.3.4. Indikator Kinerja Utama C.3.4.a) Kualitas Input Mahasiswa A. Metoda rekrutmen dan keketatan seleksi. Tabel 2.a LKPS | C19: ='Kertas Kerja'!F143 -> Deskripsi dan penjelasan tentang : 1. Capaian terhadap indikator 2. Faktor pendukung dan faktor penghambat 3. Masalah dan akar masalah yang dihadapi 4. Data dan dokumen pendukung | D19: ='Kertas Kerja'!G143 -> Deskripsi dan penjelasan tentang : 1. Peristiwa yang mungkin terjadi terkait dengan indikator 2. Dampak dari terjadinya peristiwa yang mungkin terjadi terkait dengan indikator | E19: ='Kertas Kerja'!J143 -> RENDAH | G19: ='Kertas Kerja'!H143 -> A | H19: ='Kertas Kerja'!I143 -> 1
A20: ='Lap AK'!B27 -> 15 | B20: C.3.4.b) Daya Tarik Program Studi A. Peningkatan animo calon mahasiswa. Tabel 2.a LKPS B. Mahasiswa asing Tabel 2.b LKPS | C20: ='Kertas Kerja'!F163 -> Deskripsi dan penjelasan tentang : 1. Capaian terhadap indikator 2. Faktor pendukung dan faktor penghambat 3. Masalah dan akar masalah yang dihadapi 4. Data dan dokumen pendukung | D20: ='Kertas Kerja'!G163 -> Deskripsi dan penjelasan tentang : 1. Peristiwa yang mungkin terjadi terkait dengan indikator 2. Dampak dari terjadinya peristiwa yang mungkin terjadi terkait dengan indikator | E20: ='Kertas Kerja'!J163 -> RENDAH | G20: ='Kertas Kerja'!H163 -> A | H20: ='Kertas Kerja'!I163 -> 1
A21: ='Lap AK'!B28 -> 16 | B21: C.3.4.c) Layanan Kemahasiswaan A. Ketersediaan layanan kemahasiswaan di bidang: 1) penalaran, minat dan bakat, 2) kesejahteraan (bimbingan dan konseling, layanan beasiswa, dan layanan kesehatan), dan 3) bimbingan karir dan kewirausahaan. B. Akses dan mutu layanan kemahasiswaan. | C21: ='Kertas Kerja'!F180 -> Deskripsi dan penjelasan tentang : 1. Capaian terhadap indikator 2. Faktor pendukung dan faktor penghambat 3. Masalah dan akar masalah yang dihadapi 4. Data dan dokumen pendukung | D21: ='Kertas Kerja'!G180 -> Deskripsi dan penjelasan tentang : 1. Peristiwa yang mungkin terjadi terkait dengan indikator 2. Dampak dari terjadinya peristiwa yang mungkin terjadi terkait dengan indikator | E21: ='Kertas Kerja'!J180 -> RENDAH | G21: ='Kertas Kerja'!H180 -> A | H21: ='Kertas Kerja'!I180 -> 1
A22: ='Lap AK'!B29 -> 17 | B22: C.4. Sumber Daya Manusia C.4.4. Indikator Kinerja Utama C.4.4.a) Profil Dosen Kecukupan jumlah DTPS. Tabel 3.a.1) LKPS | C22: ='Kertas Kerja'!F194 -> Deskripsi dan penjelasan tentang : 1. Capaian terhadap indikator 2. Faktor pendukung dan faktor penghambat 3. Masalah dan akar masalah yang dihadapi 4. Data dan dokumen pendukung | D22: ='Kertas Kerja'!G194 -> Deskripsi dan penjelasan tentang : 1. Peristiwa yang mungkin terjadi terkait dengan indikator 2. Dampak dari terjadinya peristiwa yang mungkin terjadi terkait dengan indikator | E22: ='Kertas Kerja'!J194 -> RENDAH | G22: ='Kertas Kerja'!H194 -> A | H22: ='Kertas Kerja'!I194 -> 1
A23: ='Lap AK'!B30 | B23: Kualifikasi akademik DTPS. Tabel 3.a.1) LKPS | C23: ='Kertas Kerja'!F204 -> Deskripsi dan penjelasan tentang indikator yang terkait | D23: ='Kertas Kerja'!G204 -> Deskripsi identifikasi risiko tentang indikator yang terkait | E23: ='Kertas Kerja'!J204 -> RENDAH | G23: ='Kertas Kerja'!H204 -> A | H23: ='Kertas Kerja'!I204 -> 1
A24: ='Lap AK'!B31 | B24: Sertifikasi kompetensi/profesi/ industri DTPS. Tabel 3.a.1) LKPS | C24: ='Kertas Kerja'!F210 -> Deskripsi dan penjelasan tentang indikator yang terkait | D24: ='Kertas Kerja'!G210 -> Deskripsi identifikasi risiko tentang indikator yang terkait | E24: ='Kertas Kerja'!J210 -> RENDAH | G24: ='Kertas Kerja'!H210 -> A | H24: ='Kertas Kerja'!I210 -> 1
A25: ='Lap AK'!B32 -> 18 | B25: Jabatan akademik DTPS. Tabel 3.a.1) LKPS | C25: ='Kertas Kerja'!F216 -> Deskripsi dan penjelasan tentang : 1. Capaian terhadap indikator 2. Faktor pendukung dan faktor penghambat 3. Masalah dan akar masalah yang dihadapi 4. Data dan dokumen pendukung | D25: ='Kertas Kerja'!G216 -> Deskripsi dan penjelasan tentang : 1. Peristiwa yang mungkin terjadi terkait dengan indikator 2. Dampak dari terjadinya peristiwa yang mungkin terjadi terkait dengan indikator | E25: ='Kertas Kerja'!J216 -> RENDAH | G25: ='Kertas Kerja'!H216 -> A | H25: ='Kertas Kerja'!I216 -> 1
A26: ='Lap AK'!B33 | B26: Rasio jumlah mahasiswa program studi terhadap jumlah DTPS. Tabel 2.a LKPS Tabel 3.a.1) LKPS | C26: ='Kertas Kerja'!F224 -> Deskripsi dan penjelasan tentang indikator yang terkait | D26: ='Kertas Kerja'!G224 -> Deskripsi identifikasi risiko tentang indikator yang terkait | E26: ='Kertas Kerja'!J224 -> RENDAH | G26: ='Kertas Kerja'!H224 -> A | H26: ='Kertas Kerja'!I224 -> 1
A27: ='Lap AK'!B34 -> 19 | B27: Penugasan DTPS sebagai pembimbing utama tugas akhir mahasiswa. Tabel 3.a.2) LKPS | C27: ='Kertas Kerja'!F233 -> Deskripsi dan penjelasan tentang : 1. Capaian terhadap indikator 2. Faktor pendukung dan faktor penghambat 3. Masalah dan akar masalah yang dihadapi 4. Data dan dokumen pendukung | D27: ='Kertas Kerja'!G233 -> Deskripsi dan penjelasan tentang : 1. Peristiwa yang mungkin terjadi terkait dengan indikator 2. Dampak dari terjadinya peristiwa yang mungkin terjadi terkait dengan indikator | E27: ='Kertas Kerja'!J233 -> RENDAH | G27: ='Kertas Kerja'!H233 -> A | H27: ='Kertas Kerja'!I233 -> 1
A28: ='Lap AK'!B35 -> 20 | B28: Ekuivalensi Waktu Mengajar Penuh DTPS. Tabel 3.a.3) LKPS | C28: ='Kertas Kerja'!F239 -> Deskripsi dan penjelasan tentang : 1. Capaian terhadap indikator 2. Faktor pendukung dan faktor penghambat 3. Masalah dan akar masalah yang dihadapi 4. Data dan dokumen pendukung | D28: ='Kertas Kerja'!G239 -> Deskripsi dan penjelasan tentang : 1. Peristiwa yang mungkin terjadi terkait dengan indikator 2. Dampak dari terjadinya peristiwa yang mungkin terjadi terkait dengan indikator | E28: ='Kertas Kerja'!J239 -> RENDAH | G28: ='Kertas Kerja'!H239 -> A | H28: ='Kertas Kerja'!I239 -> 1
A29: ='Lap AK'!B36 -> 21 | B29: Dosen tidak tetap. Tabel 3.a.4) LKPS | C29: ='Kertas Kerja'!F243 -> Deskripsi dan penjelasan tentang : 1. Capaian terhadap indikator 2. Faktor pendukung dan faktor penghambat 3. Masalah dan akar masalah yang dihadapi 4. Data dan dokumen pendukung | D29: ='Kertas Kerja'!G243 -> Deskripsi dan penjelasan tentang : 1. Peristiwa yang mungkin terjadi terkait dengan indikator 2. Dampak dari terjadinya peristiwa yang mungkin terjadi terkait dengan indikator | E29: ='Kertas Kerja'!J243 -> RENDAH | G29: ='Kertas Kerja'!H243 -> A | H29: ='Kertas Kerja'!I243 -> 1
A30: ='Lap AK'!B37 | B30: Keterlibatan dosen industri/ praktisi. Tabel 3.a.5) LKPS | C30: ='Kertas Kerja'!F249 -> Deskripsi dan penjelasan tentang indikator yang terkait | D30: ='Kertas Kerja'!G249 -> Deskripsi identifikasi risiko tentang indikator yang terkait | E30: ='Kertas Kerja'!J249 -> RENDAH | G30: ='Kertas Kerja'!H249 -> A | H30: ='Kertas Kerja'!I249 -> 1
A31: ='Lap AK'!B38 -> 22 | B31: C.4.4.b) Kinerja Dosen Pengakuan/rekognisi atas kepakaran/prestasi/kinerja DTPS. Tabel 3.b.1) LKPS | C31: ='Kertas Kerja'!F255 -> Deskripsi dan penjelasan tentang : 1. Capaian terhadap indikator 2. Faktor pendukung dan faktor penghambat 3. Masalah dan akar masalah yang dihadapi 4. Data dan dokumen pendukung | D31: ='Kertas Kerja'!G255 -> Deskripsi dan penjelasan tentang : 1. Peristiwa yang mungkin terjadi terkait dengan indikator 2. Dampak dari terjadinya peristiwa yang mungkin terjadi terkait dengan indikator | E31: ='Kertas Kerja'!J255 -> RENDAH | G31: ='Kertas Kerja'!H255 -> A | H31: ='Kertas Kerja'!I255 -> 1
A32: ='Lap AK'!B39 -> 23 | B32: Kegiatan penelitian DTPS yang relevan dengan bidang program studi dalam 3 tahun terakhir. Tabel 3.b.2) LKPS | C32: ='Kertas Kerja'!F261 -> Deskripsi dan penjelasan tentang : 1. Capaian terhadap indikator 2. Faktor pendukung dan faktor penghambat 3. Masalah dan akar masalah yang dihadapi 4. Data dan dokumen pendukung | D32: ='Kertas Kerja'!G261 -> Deskripsi dan penjelasan tentang : 1. Peristiwa yang mungkin terjadi terkait dengan indikator 2. Dampak dari terjadinya peristiwa yang mungkin terjadi terkait dengan indikator | E32: ='Kertas Kerja'!J261 -> RENDAH | G32: ='Kertas Kerja'!H261 -> A | H32: ='Kertas Kerja'!I261 -> 1
A33: ='Lap AK'!B40 -> 24 | B33: Kegiatan PkM DTPS yang relevan dengan bidang program studi dalam 3 tahun terakhir. Tabel 3.b.3) LKPS | C33: ='Kertas Kerja'!F279 -> Deskripsi dan penjelasan tentang : 1. Capaian terhadap indikator 2. Faktor pendukung dan faktor penghambat 3. Masalah dan akar masalah yang dihadapi 4. Data dan dokumen pendukung | D33: ='Kertas Kerja'!G279 -> Deskripsi dan penjelasan tentang : 1. Peristiwa yang mungkin terjadi terkait dengan indikator 2. Dampak dari terjadinya peristiwa yang mungkin terjadi terkait dengan indikator | E33: ='Kertas Kerja'!J279 -> RENDAH | G33: ='Kertas Kerja'!H279 -> A | H33: ='Kertas Kerja'!I279 -> 1
A34: ='Lap AK'!B41 -> 25 | B34: Publikasi ilmiah dengan tema yang relevan dengan bidang program studi yang dihasilkan DTPS dalam 3 tahun terakhir. Tabel 3.b.4) LKPS | C34: ='Kertas Kerja'!F297 -> Deskripsi dan penjelasan tentang : 1. Capaian terhadap indikator 2. Faktor pendukung dan faktor penghambat 3. Masalah dan akar masalah yang dihadapi 4. Data dan dokumen pendukung | D34: ='Kertas Kerja'!G297 -> Deskripsi dan penjelasan tentang : 1. Peristiwa yang mungkin terjadi terkait dengan indikator 2. Dampak dari terjadinya peristiwa yang mungkin terjadi terkait dengan indikator | E34: ='Kertas Kerja'!J297 -> RENDAH | G34: ='Kertas Kerja'!H297 -> A | H34: ='Kertas Kerja'!I297 -> 1
A35: ='Lap AK'!B42 -> 26 | B35: Artikel karya ilmiah DTPS yang disitasi dalam 3 tahun terakhir. Tabel 3.b.5) LKPS | C35: ='Kertas Kerja'!F322 -> Deskripsi dan penjelasan tentang : 1. Capaian terhadap indikator 2. Faktor pendukung dan faktor penghambat 3. Masalah dan akar masalah yang dihadapi 4. Data dan dokumen pendukung | D35: ='Kertas Kerja'!G322 -> Deskripsi dan penjelasan tentang : 1. Peristiwa yang mungkin terjadi terkait dengan indikator 2. Dampak dari terjadinya peristiwa yang mungkin terjadi terkait dengan indikator | E35: ='Kertas Kerja'!J322 -> RENDAH | G35: ='Kertas Kerja'!H322 -> A | H35: ='Kertas Kerja'!I322 -> 1
A36: ='Lap AK'!B43 | B36: Produk/jasa karya DTPS yang diadopsi oleh industri/masyarakat dalam 3 tahun terakhir. Tabel 3.b.6) LKPS | C36: ='Kertas Kerja'!F329 -> Deskripsi dan penjelasan tentang indikator yang terkait | D36: ='Kertas Kerja'!G329 -> Deskripsi identifikasi risiko tentang indikator yang terkait | E36: ='Kertas Kerja'!J329 -> RENDAH | G36: ='Kertas Kerja'!H329 -> A | H36: ='Kertas Kerja'!I329 -> 1
A37: ='Lap AK'!B44 -> 27 | B37: Luaran penelitian dan PkM yang dihasilkan DTPS dalam 3 tahun terakhir. Tabel 3.b.7) LKPS | C37: ='Kertas Kerja'!F335 -> Deskripsi dan penjelasan tentang : 1. Capaian terhadap indikator 2. Faktor pendukung dan faktor penghambat 3. Masalah dan akar masalah yang dihadapi 4. Data dan dokumen pendukung | D37: ='Kertas Kerja'!G335 -> Deskripsi dan penjelasan tentang : 1. Peristiwa yang mungkin terjadi terkait dengan indikator 2. Dampak dari terjadinya peristiwa yang mungkin terjadi terkait dengan indikator | E37: ='Kertas Kerja'!J335 -> RENDAH | G37: ='Kertas Kerja'!H335 -> A | H37: ='Kertas Kerja'!I335 -> 1
A38: ='Lap AK'!B45 -> 28 | B38: C.4.4.c) Pengembangan Dosen Upaya pengembangan dosen. | C38: ='Kertas Kerja'!F345 -> Deskripsi dan penjelasan tentang : 1. Capaian terhadap indikator 2. Faktor pendukung dan faktor penghambat 3. Masalah dan akar masalah yang dihadapi 4. Data dan dokumen pendukung | D38: ='Kertas Kerja'!G345 -> Deskripsi dan penjelasan tentang : 1. Peristiwa yang mungkin terjadi terkait dengan indikator 2. Dampak dari terjadinya peristiwa yang mungkin terjadi terkait dengan indikator | E38: ='Kertas Kerja'!J345 -> RENDAH | G38: ='Kertas Kerja'!H345 -> A | H38: ='Kertas Kerja'!I345 -> 1
A39: ='Lap AK'!B46 -> 29 | B39: C.4.4.d) Tenaga Kependidikan A. Kualifikasi dan kecukupan tenaga kependidikan berdasarkan jenis pekerjaannya (administrasi, pustakawan, teknisi, dll.) B. Kualifikasi dan kecukupan laboran untuk mendukung proses pembelajaran sesuai dengan kebutuhan program studi. | C39: ='Kertas Kerja'!F354 -> Deskripsi dan penjelasan tentang : 1. Capaian terhadap indikator 2. Faktor pendukung dan faktor penghambat 3. Masalah dan akar masalah yang dihadapi 4. Data dan dokumen pendukung | D39: ='Kertas Kerja'!G354 -> Deskripsi dan penjelasan tentang : 1. Peristiwa yang mungkin terjadi terkait dengan indikator 2. Dampak dari terjadinya peristiwa yang mungkin terjadi terkait dengan indikator | E39: ='Kertas Kerja'!J354 -> RENDAH | G39: ='Kertas Kerja'!H354 -> A | H39: ='Kertas Kerja'!I354 -> 1
A40: ='Lap AK'!B47 -> 30 | B40: C.5. Keuangan, Sarana dan Prasarana C.5.4. Indikator Kinerja Utama C.5.4.a) Keuangan Biaya operasional pendidikan. Tabel 4 LKPS | C40: ='Kertas Kerja'!F392 -> Deskripsi dan penjelasan tentang : 1. Capaian terhadap indikator 2. Faktor pendukung dan faktor penghambat 3. Masalah dan akar masalah yang dihadapi 4. Data dan dokumen pendukung | D40: ='Kertas Kerja'!G392 -> Deskripsi dan penjelasan tentang : 1. Peristiwa yang mungkin terjadi terkait dengan indikator 2. Dampak dari terjadinya peristiwa yang mungkin terjadi terkait dengan indikator | E40: ='Kertas Kerja'!J392 -> RENDAH | G40: ='Kertas Kerja'!H392 -> A | H40: ='Kertas Kerja'!I392 -> 1
A41: ='Lap AK'!B48 -> 31 | B41: Dana penelitian DTPS. Tabel 4 LKPS | C41: ='Kertas Kerja'!F398 -> Deskripsi dan penjelasan tentang : 1. Capaian terhadap indikator 2. Faktor pendukung dan faktor penghambat 3. Masalah dan akar masalah yang dihadapi 4. Data dan dokumen pendukung | D41: ='Kertas Kerja'!G398 -> Deskripsi dan penjelasan tentang : 1. Peristiwa yang mungkin terjadi terkait dengan indikator 2. Dampak dari terjadinya peristiwa yang mungkin terjadi terkait dengan indikator | E41: ='Kertas Kerja'!J398 -> RENDAH | G41: ='Kertas Kerja'!H398 -> A | H41: ='Kertas Kerja'!I398 -> 1
A42: ='Lap AK'!B49 -> 32 | B42: Dana pengabdian kepada masyarakat DTPS. Tabel 4 LKPS | C42: ='Kertas Kerja'!F404 -> Deskripsi dan penjelasan tentang : 1. Capaian terhadap indikator 2. Faktor pendukung dan faktor penghambat 3. Masalah dan akar masalah yang dihadapi 4. Data dan dokumen pendukung | D42: ='Kertas Kerja'!G404 -> Deskripsi dan penjelasan tentang : 1. Peristiwa yang mungkin terjadi terkait dengan indikator 2. Dampak dari terjadinya peristiwa yang mungkin terjadi terkait dengan indikator | E42: ='Kertas Kerja'!J404 -> RENDAH | G42: ='Kertas Kerja'!H404 -> A | H42: ='Kertas Kerja'!I404 -> 1
A43: ='Lap AK'!B50 -> 33 | B43: Realisasi investasi (SDM, sarana dan prasarana) yang mendukung penyelenggaraan tridharma. | C43: ='Kertas Kerja'!F410 -> Deskripsi dan penjelasan tentang : 1. Capaian terhadap indikator 2. Faktor pendukung dan faktor penghambat 3. Masalah dan akar masalah yang dihadapi 4. Data dan dokumen pendukung | D43: ='Kertas Kerja'!G410 -> Deskripsi dan penjelasan tentang : 1. Peristiwa yang mungkin terjadi terkait dengan indikator 2. Dampak dari terjadinya peristiwa yang mungkin terjadi terkait dengan indikator | E43: ='Kertas Kerja'!J410 -> RENDAH | G43: ='Kertas Kerja'!H410 -> A | H43: ='Kertas Kerja'!I410 -> 1
A44: ='Lap AK'!B51 -> 34 | B44: Kecukupan dana untuk menjamin pencapaian capaian pembelajaran. | C44: ='Kertas Kerja'!F419 -> Deskripsi dan penjelasan tentang : 1. Capaian terhadap indikator 2. Faktor pendukung dan faktor penghambat 3. Masalah dan akar masalah yang dihadapi 4. Data dan dokumen pendukung | D44: ='Kertas Kerja'!G419 -> Deskripsi dan penjelasan tentang : 1. Peristiwa yang mungkin terjadi terkait dengan indikator 2. Dampak dari terjadinya peristiwa yang mungkin terjadi terkait dengan indikator | E44: ='Kertas Kerja'!J419 -> RENDAH | G44: ='Kertas Kerja'!H419 -> A | H44: ='Kertas Kerja'!I419 -> 1
A45: ='Lap AK'!B52 -> 35 | B45: C.5.4.b) Sarana dan Prasarana Kecukupan, aksesibilitas dan mutu sarana dan prasarana untuk menjamin pencapaian capaian pembelajaran dan meningkatkan suasana akademik. | C45: ='Kertas Kerja'!F427 -> Deskripsi dan penjelasan tentang : 1. Capaian terhadap indikator 2. Faktor pendukung dan faktor penghambat 3. Masalah dan akar masalah yang dihadapi 4. Data dan dokumen pendukung | D45: ='Kertas Kerja'!G427 -> Deskripsi dan penjelasan tentang : 1. Peristiwa yang mungkin terjadi terkait dengan indikator 2. Dampak dari terjadinya peristiwa yang mungkin terjadi terkait dengan indikator | E45: ='Kertas Kerja'!J427 -> RENDAH | G45: ='Kertas Kerja'!H427 -> A | H45: ='Kertas Kerja'!I427 -> 1
A46: ='Lap AK'!B53 -> 36 | B46: C.6. Pendidikan C.6.4. Indikator Kinerja Utama C.6.4.a) Kurikulum A. Keterlibatan pemangku kepentingan dalam proses evaluasi dan pemutakhiran kurikulum. B. Kesesuaian capaian pembelajaran dengan profil lulusan dan jenjang KKNI/SKKNI. C. Ketepatan struktur kurikulum dalam pembentukan capaian pembelajaran. | C46: ='Kertas Kerja'!F435 -> Deskripsi dan penjelasan tentang : 1. Capaian terhadap indikator 2. Faktor pendukung dan faktor penghambat 3. Masalah dan akar masalah yang dihadapi 4. Data dan dokumen pendukung | D46: ='Kertas Kerja'!G435 -> Deskripsi dan penjelasan tentang : 1. Peristiwa yang mungkin terjadi terkait dengan indikator 2. Dampak dari terjadinya peristiwa yang mungkin terjadi terkait dengan indikator | E46: ='Kertas Kerja'!J435 -> RENDAH | G46: ='Kertas Kerja'!H435 -> A | H46: ='Kertas Kerja'!I435 -> 1
A47: ='Lap AK'!B54 -> 37 | B47: C.6.4.b) Karakteristik Proses Pembelajaran Pemenuhan karakteristik proses pembelajaran, yang terdiri atas sifat: 1) interaktif, 2) holistik, 3) integratif, 4) saintifik, 5) kontekstual, 6) tematik, 7) efektif, 8) kolaboratif, dan 9) berpusat pada mahasiswa. | C47: ='Kertas Kerja'!F455 -> Deskripsi dan penjelasan tentang : 1. Capaian terhadap indikator 2. Faktor pendukung dan faktor penghambat 3. Masalah dan akar masalah yang dihadapi 4. Data dan dokumen pendukung | D47: ='Kertas Kerja'!G455 -> Deskripsi dan penjelasan tentang : 1. Peristiwa yang mungkin terjadi terkait dengan indikator 2. Dampak dari terjadinya peristiwa yang mungkin terjadi terkait dengan indikator | E47: ='Kertas Kerja'!J455 -> RENDAH | G47: ='Kertas Kerja'!H455 -> A | H47: ='Kertas Kerja'!I455 -> 1
A48: ='Lap AK'!B55 -> 38 | B48: C.6.4.c) Rencana Proses Pembelajaran A. Ketersediaan dan kelengkapan dokumen rencana pembelajaran semester (RPS). B. Kedalaman dan keluasan RPS sesuai dengan capaian pembelajaran lulusan. | C48: ='Kertas Kerja'!F463 -> Deskripsi dan penjelasan tentang : 1. Capaian terhadap indikator 2. Faktor pendukung dan faktor penghambat 3. Masalah dan akar masalah yang dihadapi 4. Data dan dokumen pendukung | D48: ='Kertas Kerja'!G463 -> Deskripsi dan penjelasan tentang : 1. Peristiwa yang mungkin terjadi terkait dengan indikator 2. Dampak dari terjadinya peristiwa yang mungkin terjadi terkait dengan indikator | E48: ='Kertas Kerja'!J463 -> RENDAH | G48: ='Kertas Kerja'!H463 -> A | H48: ='Kertas Kerja'!I463 -> 1
A49: ='Lap AK'!B56 -> 39 | B49: C.6.4.d) Pelaksanaan Proses Pembelajaran A. Bentuk interaksi antara dosen, mahasiswa dan sumber belajar. B. Pemantauan kesesuaian proses terhadap rencana pembelajaran. C. Proses pembelajaran yang terkait dengan penelitian harus mengacu SN Dikti Penelitian: 1) hasil penelitian: harus memenuhi pengembangan IPTEKS, meningkatkan kesejahteraan masyarakat, dan daya saing bangsa. 2) isi penelitian: memenuhi kedalaman dan keluasan materi penelitian sesuai capaian pembelajaran. 3) proses penelitian: mencakup perencanaan, pelaksanaan, dan pelaporan. 4) penilaian penelitian memenuhi unsur edukatif, obyektif, akuntabel, dan transparan. D. Proses pembelajaran yang terkait dengan PkM harus mengacu SN Dikti PkM: 1) hasil PkM: harus memenuhi pengembangan IPTEKS, meningkatkan kesejahteraan masyarakat, dan daya saing bangsa. 2) isi PkM: memenuhi kedalaman dan keluasan materi PkM sesuai capaian pembelajaran. 3) proses PkM: mencakup perencanaan, pelaksanaan, dan pelaporan. 4) penilaian PkM memenuhi unsur edukatif, obyektif, akuntabel, dan transparan. E. Kesesuaian metode pembelajaran dengan capaian pembelajaran. Contoh: RBE (research based education), IBE (industry based education), teaching factory/teaching industry, dll. | C49: ='Kertas Kerja'!F477 -> Deskripsi dan penjelasan tentang : 1. Capaian terhadap indikator 2. Faktor pendukung dan faktor penghambat 3. Masalah dan akar masalah yang dihadapi 4. Data dan dokumen pendukung | D49: ='Kertas Kerja'!G477 -> Deskripsi dan penjelasan tentang : 1. Peristiwa yang mungkin terjadi terkait dengan indikator 2. Dampak dari terjadinya peristiwa yang mungkin terjadi terkait dengan indikator | E49: ='Kertas Kerja'!J477 -> RENDAH | G49: ='Kertas Kerja'!H477 -> A | H49: ='Kertas Kerja'!I477 -> 1
A50: ='Lap AK'!B57 | B50: Pembelajaran yang dilaksanakan dalam bentuk praktikum, praktik studio, praktik bengkel, atau praktik lapangan. Tabel 5.a LKPS | C50: ='Kertas Kerja'!F509 -> Deskripsi dan penjelasan tentang indikator yang terkait | D50: ='Kertas Kerja'!G509 -> Deskripsi identifikasi risiko tentang indikator yang terkait | E50: ='Kertas Kerja'!J509 -> RENDAH | G50: ='Kertas Kerja'!H509 -> A | H50: ='Kertas Kerja'!I509 -> 1
A51: ='Lap AK'!B58 -> 40 | B51: C.6.4.e) Monitoring dan Evaluasi Proses Pembelajaran Monitoring dan evaluasi pelaksanaan proses pembelajaran mencakup karakteristik, perencanaan, pelaksanaan, proses pembelajaran dan beban belajar mahasiswa untuk memperoleh capaian pembelajaran lulusan. | C51: ='Kertas Kerja'!F515 -> Deskripsi dan penjelasan tentang : 1. Capaian terhadap indikator 2. Faktor pendukung dan faktor penghambat 3. Masalah dan akar masalah yang dihadapi 4. Data dan dokumen pendukung | D51: ='Kertas Kerja'!G515 -> Deskripsi dan penjelasan tentang : 1. Peristiwa yang mungkin terjadi terkait dengan indikator 2. Dampak dari terjadinya peristiwa yang mungkin terjadi terkait dengan indikator | E51: ='Kertas Kerja'!J515 -> RENDAH | G51: ='Kertas Kerja'!H515 -> A | H51: ='Kertas Kerja'!I515 -> 1
A52: ='Lap AK'!B59 -> 41 | B52: C.6.4.f) Penilaian Pembelajaran A. Mutu pelaksanaan penilaian pembelajaran (proses dan hasil belajar mahasiswa) untuk mengukur ketercapaian capaian pembelajaran berdasarkan prinsip penilaian yang mencakup:1) edukatif, 2) otentik, 3) objektif, 4) akuntabel, dan 5) transparan, yang dilakukan secara terintegrasi. B. Pelaksanaan penilaian terdiri atas teknik dan instrumen penilaian. Teknik penilaian terdiri dari: 1) observasi, 2) partisipasi, 3) unjuk kerja, 4) test tertulis, 5) test lisan, dan 6) angket. Instrumen penilaian terdiri dari: 1) penilaian proses dalam bentuk rubrik, dan/ atau, 2) penilaian hasil dalam bentuk portofolio, atau 3) karya disain. C. Pelaksanaan penilaian memuat unsur-unsur sebagai berikut: 1) mempunyai kontrak rencana penilaian, 2) melaksanakan penilaian sesuai kontrak atau kesepakatan, 3) memberikan umpan balik dan memberi kesempatan untuk mempertanyakan hasil kepada mahasiswa, 4) mempunyai dokumentasi penilaian proses dan hasil belajar mahasiswa, 5) mempunyai prosedur yang mencakup tahap perencanaan, kegiatan pemberian tugas atau soal, observasi kinerja, pengembalian hasil observasi, dan pemberian nilai akhir, 6) pelaporan penilaian berupa kualifikasi keberhasilan mahasiswa dalam menempuh suatu mata kuliah dalam bentuk huruf dan angka, 7) mempunyai bukti-bukti rencana dan telah melakukan proses perbaikan berdasar hasil monev penilaian. | C52: ='Kertas Kerja'!F523 -> Deskripsi dan penjelasan tentang : 1. Capaian terhadap indikator 2. Faktor pendukung dan faktor penghambat 3. Masalah dan akar masalah yang dihadapi 4. Data dan dokumen pendukung | D52: ='Kertas Kerja'!G523 -> Deskripsi dan penjelasan tentang : 1. Peristiwa yang mungkin terjadi terkait dengan indikator 2. Dampak dari terjadinya peristiwa yang mungkin terjadi terkait dengan indikator | E52: ='Kertas Kerja'!J523 -> RENDAH | G52: ='Kertas Kerja'!H523 -> A | H52: ='Kertas Kerja'!I523 -> 1
A53: ='Lap AK'!B60 -> 42 | B53: C.6.4.g) Integrasi kegiatan penelitian dan PkM dalam pembelajaran Integrasi kegiatan penelitian dan PkM dalam pembelajaran oleh DTPS dalam 3 tahun terakhir. Tabel 5.b LKPS | C53: ='Kertas Kerja'!F543 -> Deskripsi dan penjelasan tentang : 1. Capaian terhadap indikator 2. Faktor pendukung dan faktor penghambat 3. Masalah dan akar masalah yang dihadapi 4. Data dan dokumen pendukung | D53: ='Kertas Kerja'!G543 -> Deskripsi dan penjelasan tentang : 1. Peristiwa yang mungkin terjadi terkait dengan indikator 2. Dampak dari terjadinya peristiwa yang mungkin terjadi terkait dengan indikator | E53: ='Kertas Kerja'!J543 -> RENDAH | G53: ='Kertas Kerja'!H543 -> A | H53: ='Kertas Kerja'!I543 -> 1
A54: ='Lap AK'!B61 -> 43 | B54: C.6.4.h) Suasana Akademik Keterlaksanaan dan keberkalaan program dan kegiatan diluar kegiatan pembelajaran terstruktur untuk meningkatkan suasana akademik. Contoh: kegiatan himpunan mahasiswa, kuliah umum/studium generale, seminar ilmiah, bedah buku. | C54: ='Kertas Kerja'!F549 -> Deskripsi dan penjelasan tentang : 1. Capaian terhadap indikator 2. Faktor pendukung dan faktor penghambat 3. Masalah dan akar masalah yang dihadapi 4. Data dan dokumen pendukung | D54: ='Kertas Kerja'!G549 -> Deskripsi dan penjelasan tentang : 1. Peristiwa yang mungkin terjadi terkait dengan indikator 2. Dampak dari terjadinya peristiwa yang mungkin terjadi terkait dengan indikator | E54: ='Kertas Kerja'!J549 -> RENDAH | G54: ='Kertas Kerja'!H549 -> A | H54: ='Kertas Kerja'!I549 -> 1
A55: ='Lap AK'!B62 -> 44 | B55: C.6.4.i) Kepuasan Mahasiswa A. Tingkat kepuasan mahasiswa terhadap proses pendidikan. Tabel 5.c LKPS B. Analisis dan tindak lanjut dari hasil pengukuran kepuasan mahasiswa. | C55: ='Kertas Kerja'!F557 -> Deskripsi dan penjelasan tentang : 1. Capaian terhadap indikator 2. Faktor pendukung dan faktor penghambat 3. Masalah dan akar masalah yang dihadapi 4. Data dan dokumen pendukung | D55: ='Kertas Kerja'!G557 -> Deskripsi dan penjelasan tentang : 1. Peristiwa yang mungkin terjadi terkait dengan indikator 2. Dampak dari terjadinya peristiwa yang mungkin terjadi terkait dengan indikator | E55: ='Kertas Kerja'!J557 -> RENDAH | G55: ='Kertas Kerja'!H557 -> A | H55: ='Kertas Kerja'!I557 -> 1
A56: ='Lap AK'!B63 -> 45 | B56: C.7. Penelitian C.7.4. Indikator Kinerja Utama C.7.4.a) Relevansi Penelitian Relevansi penelitian pada UPPS mencakup unsur-unsur sebagai berikut: 1) memiliki peta jalan yang memayungi tema penelitian dosen dan mahasiswa, 2) dosen dan mahasiswa melaksanakan penelitian sesuai dengan agenda penelitian dosen yang merujuk kepada peta jalan penelitian, 3) melakukan evaluasi kesesuaian penelitian dosen dan mahasiswa dengan peta jalan, dan 4) menggunakan hasil evaluasi untuk perbaikan relevansi penelitian dan pengembangan keilmuan program studi. | C56: ='Kertas Kerja'!F569 -> Deskripsi dan penjelasan tentang : 1. Capaian terhadap indikator 2. Faktor pendukung dan faktor penghambat 3. Masalah dan akar masalah yang dihadapi 4. Data dan dokumen pendukung | D56: ='Kertas Kerja'!G569 -> Deskripsi dan penjelasan tentang : 1. Peristiwa yang mungkin terjadi terkait dengan indikator 2. Dampak dari terjadinya peristiwa yang mungkin terjadi terkait dengan indikator | E56: ='Kertas Kerja'!J569 -> RENDAH | G56: ='Kertas Kerja'!H569 -> A | H56: ='Kertas Kerja'!I569 -> 1
A57: ='Lap AK'!B64 -> 46 | B57: C.7.4.b) Penelitian Dosen dan Mahasiswa Penelitian DTPS yang dalam pelaksanaannya melibatkan mahasiswa program studi dalam 3 tahun terakhir. Tabel 6.a LKPS | C57: ='Kertas Kerja'!F593 -> Deskripsi dan penjelasan tentang : 1. Capaian terhadap indikator 2. Faktor pendukung dan faktor penghambat 3. Masalah dan akar masalah yang dihadapi 4. Data dan dokumen pendukung | D57: ='Kertas Kerja'!G593 -> Deskripsi dan penjelasan tentang : 1. Peristiwa yang mungkin terjadi terkait dengan indikator 2. Dampak dari terjadinya peristiwa yang mungkin terjadi terkait dengan indikator | E57: ='Kertas Kerja'!J593 -> RENDAH | G57: ='Kertas Kerja'!H593 -> A | H57: ='Kertas Kerja'!I593 -> 1
A58: ='Lap AK'!B65 -> 47 | B58: Penelitian DTPS yang menjadi rujukan tema tesis/disertasi mahasiswa program studi dalam 3 tahun terakhir. Tabel 6.b LKPS | C58: ='Kertas Kerja'!F597 -> Deskripsi dan penjelasan tentang : 1. Capaian terhadap indikator 2. Faktor pendukung dan faktor penghambat 3. Masalah dan akar masalah yang dihadapi 4. Data dan dokumen pendukung | D58: ='Kertas Kerja'!G597 -> Deskripsi dan penjelasan tentang : 1. Peristiwa yang mungkin terjadi terkait dengan indikator 2. Dampak dari terjadinya peristiwa yang mungkin terjadi terkait dengan indikator | E58: ='Kertas Kerja'!J597 -> RENDAH | G58: ='Kertas Kerja'!H597 -> A | H58: ='Kertas Kerja'!I597 -> 1
A59: ='Lap AK'!B66 -> 48 | B59: C.8. Pengabdian kepada Masyarakat C.8.4. Indikator Kinerja Utama C.8.4.a) Relevansi PkM Relevansi PkM pada UPPS mencakup unsur-unsur sebagai berikut: 1) memiliki peta jalan yang memayungi tema PkM dosen dan mahasiswa serta hilirisasi/penerapan keilmuan program studi, 2) dosen dan mahasiswa melaksanakan PkM sesuai dengan peta jalan PkM, 3) melakukan evaluasi kesesuaian PkM dosen dan mahasiswa dengan peta jalan, dan 4) menggunakan hasil evaluasi untuk perbaikan relevansi PkM dan pengembangan keilmuan program studi. | C59: ='Kertas Kerja'!F601 -> Deskripsi dan penjelasan tentang : 1. Capaian terhadap indikator 2. Faktor pendukung dan faktor penghambat 3. Masalah dan akar masalah yang dihadapi 4. Data dan dokumen pendukung | D59: ='Kertas Kerja'!G601 -> Deskripsi dan penjelasan tentang : 1. Peristiwa yang mungkin terjadi terkait dengan indikator 2. Dampak dari terjadinya peristiwa yang mungkin terjadi terkait dengan indikator | E59: ='Kertas Kerja'!J601 -> RENDAH | G59: ='Kertas Kerja'!H601 -> A | H59: ='Kertas Kerja'!I601 -> 1
A60: ='Lap AK'!B67 | B60: C.8.4.b) PkM Dosen dan Mahasiswa PkM DTPS yang dalam pelaksanaannya melibatkan mahasiswa program studi dalam 3 tahun terakhir. Tabel 7 LKPS | C60: ='Kertas Kerja'!F609 -> Deskripsi dan penjelasan tentang indikator yang terkait | D60: ='Kertas Kerja'!G609 -> Deskripsi identifikasi risiko tentang indikator yang terkait | E60: ='Kertas Kerja'!J609 -> RENDAH | G60: ='Kertas Kerja'!H609 -> A | H60: ='Kertas Kerja'!I609 -> 1
A61: ='Lap AK'!B68 -> 49 | B61: C.9. Luaran dan Capaian Tridharma C.9.4. Indikator Kinerja Utama C.9.4.a) Luaran Dharma Pendidikan Analisis pemenuhan capaian pembelajaran lulusan (CPL) yang diukur dengan metoda yang sahih dan relevan, mencakup aspek: 1) keserbacakupan, 2) kedalaman, dan 3) kebermanfaatan analisis yang ditunjukkan dengan peningkatan CPL dari waktu ke waktu dalam 3 tahun terakhir. | C61: ='Kertas Kerja'!F613 -> Deskripsi dan penjelasan tentang : 1. Capaian terhadap indikator 2. Faktor pendukung dan faktor penghambat 3. Masalah dan akar masalah yang dihadapi 4. Data dan dokumen pendukung | D61: ='Kertas Kerja'!G613 -> Deskripsi dan penjelasan tentang : 1. Peristiwa yang mungkin terjadi terkait dengan indikator 2. Dampak dari terjadinya peristiwa yang mungkin terjadi terkait dengan indikator | E61: ='Kertas Kerja'!J613 -> RENDAH | G61: ='Kertas Kerja'!H613 -> A | H61: ='Kertas Kerja'!I613 -> 1
A62: ='Lap AK'!B69 -> 50 | B62: IPK lulusan. Tabel 8.a LKPS | C62: ='Kertas Kerja'!F621 -> Deskripsi dan penjelasan tentang : 1. Capaian terhadap indikator 2. Faktor pendukung dan faktor penghambat 3. Masalah dan akar masalah yang dihadapi 4. Data dan dokumen pendukung | D62: ='Kertas Kerja'!G621 -> Deskripsi dan penjelasan tentang : 1. Peristiwa yang mungkin terjadi terkait dengan indikator 2. Dampak dari terjadinya peristiwa yang mungkin terjadi terkait dengan indikator | E62: ='Kertas Kerja'!J621 -> RENDAH | G62: ='Kertas Kerja'!H621 -> A | H62: ='Kertas Kerja'!I621 -> 1
A63: ='Lap AK'!B70 -> 51 | B63: Prestasi mahasiswa di bidang akademik dalam 3 tahun terakhir. Tabel 8.b.1) LKPS | C63: ='Kertas Kerja'!F633 -> Deskripsi dan penjelasan tentang : 1. Capaian terhadap indikator 2. Faktor pendukung dan faktor penghambat 3. Masalah dan akar masalah yang dihadapi 4. Data dan dokumen pendukung | D63: ='Kertas Kerja'!G633 -> Deskripsi dan penjelasan tentang : 1. Peristiwa yang mungkin terjadi terkait dengan indikator 2. Dampak dari terjadinya peristiwa yang mungkin terjadi terkait dengan indikator | E63: ='Kertas Kerja'!J633 -> RENDAH | G63: ='Kertas Kerja'!H633 -> A | H63: ='Kertas Kerja'!I633 -> 1
A64: ='Lap AK'!B71 | B64: Prestasi mahasiswa di bidang nonakademik dalam 3 tahun terakhir. Tabel 8.b.2) LKPS | C64: ='Kertas Kerja'!F646 -> Deskripsi dan penjelasan tentang indikator yang terkait | D64: ='Kertas Kerja'!G646 -> Deskripsi identifikasi risiko tentang indikator yang terkait | E64: ='Kertas Kerja'!J646 -> RENDAH | G64: ='Kertas Kerja'!H646 -> A | H64: ='Kertas Kerja'!I646 -> 1
A65: ='Lap AK'!B72 -> 52 | B65: Masa studi. Tabel 8.c LKPS | C65: ='Kertas Kerja'!F659 -> Deskripsi dan penjelasan tentang : 1. Capaian terhadap indikator 2. Faktor pendukung dan faktor penghambat 3. Masalah dan akar masalah yang dihadapi 4. Data dan dokumen pendukung | D65: ='Kertas Kerja'!G659 -> Deskripsi dan penjelasan tentang : 1. Peristiwa yang mungkin terjadi terkait dengan indikator 2. Dampak dari terjadinya peristiwa yang mungkin terjadi terkait dengan indikator | E65: ='Kertas Kerja'!J659 -> RENDAH | G65: ='Kertas Kerja'!H659 -> A | H65: ='Kertas Kerja'!I659 -> 1
A66: ='Lap AK'!B73 -> 53 | B66: Kelulusan tepat waktu. Tabel 8.c LKPS | C66: ='Kertas Kerja'!F671 -> Deskripsi dan penjelasan tentang : 1. Capaian terhadap indikator 2. Faktor pendukung dan faktor penghambat 3. Masalah dan akar masalah yang dihadapi 4. Data dan dokumen pendukung | D66: ='Kertas Kerja'!G671 -> Deskripsi dan penjelasan tentang : 1. Peristiwa yang mungkin terjadi terkait dengan indikator 2. Dampak dari terjadinya peristiwa yang mungkin terjadi terkait dengan indikator | E66: ='Kertas Kerja'!J671 -> RENDAH | G66: ='Kertas Kerja'!H671 -> A | H66: ='Kertas Kerja'!I671 -> 1
A67: ='Lap AK'!B74 -> 54 | B67: Keberhasilan studi. Tabel 8.c LKPS | C67: ='Kertas Kerja'!F681 -> Deskripsi dan penjelasan tentang : 1. Capaian terhadap indikator 2. Faktor pendukung dan faktor penghambat 3. Masalah dan akar masalah yang dihadapi 4. Data dan dokumen pendukung | D67: ='Kertas Kerja'!G681 -> Deskripsi dan penjelasan tentang : 1. Peristiwa yang mungkin terjadi terkait dengan indikator 2. Dampak dari terjadinya peristiwa yang mungkin terjadi terkait dengan indikator | E67: ='Kertas Kerja'!J681 -> RENDAH | G67: ='Kertas Kerja'!H681 -> A | H67: ='Kertas Kerja'!I681 -> 1
A68: ='Lap AK'!B75 -> 55 | B68: Pelaksanaan tracer study yang mencakup 5 aspek sebagai berikut: 1) pelaksanaan tracer study terkoordinasi di tingkat PT, 2) kegiatan tracer study dilakukan secara reguler setiap tahun dan terdokumentasi, 3) isi kuesioner mencakup seluruh pertanyaan inti tracer study DIKTI, 4) ditargetkan pada seluruh populasi (lulusan TS-4 s.d. TS-2), dan 5) hasilnya disosialisasikan dan digunakan untuk pengembangan kurikulum dan pembelajaran. | C68: ='Kertas Kerja'!F691 -> Deskripsi dan penjelasan tentang : 1. Capaian terhadap indikator 2. Faktor pendukung dan faktor penghambat 3. Masalah dan akar masalah yang dihadapi 4. Data dan dokumen pendukung | D68: ='Kertas Kerja'!G691 -> Deskripsi dan penjelasan tentang : 1. Peristiwa yang mungkin terjadi terkait dengan indikator 2. Dampak dari terjadinya peristiwa yang mungkin terjadi terkait dengan indikator | E68: ='Kertas Kerja'!J691 -> RENDAH | G68: ='Kertas Kerja'!H691 -> A | H68: ='Kertas Kerja'!I691 -> 1
A69: ='Lap AK'!B76 | B69: Waktu tunggu. Tabel 8.d.1) LKPS | C69: ='Kertas Kerja'!F699 -> Deskripsi dan penjelasan tentang indikator yang terkait | D69: ='Kertas Kerja'!G699 -> Deskripsi identifikasi risiko tentang indikator yang terkait | E69: ='Kertas Kerja'!J699 -> RENDAH | G69: ='Kertas Kerja'!H699 -> A | H69: ='Kertas Kerja'!I699 -> 1
A70: ='Lap AK'!B77 -> 56 | B70: Kesesuaian bidang kerja. Tabel 8.d.2) LKPS | C70: ='Kertas Kerja'!F728 -> Deskripsi dan penjelasan tentang : 1. Capaian terhadap indikator 2. Faktor pendukung dan faktor penghambat 3. Masalah dan akar masalah yang dihadapi 4. Data dan dokumen pendukung | D70: ='Kertas Kerja'!G728 -> Deskripsi dan penjelasan tentang : 1. Peristiwa yang mungkin terjadi terkait dengan indikator 2. Dampak dari terjadinya peristiwa yang mungkin terjadi terkait dengan indikator | E70: ='Kertas Kerja'!J728 -> RENDAH | G70: ='Kertas Kerja'!H728 -> A | H70: ='Kertas Kerja'!I728 -> 1
A71: ='Lap AK'!B78 | B71: Tingkat dan ukuran tempat kerja lulusan. Tabel 8.e.1) LKPS | C71: ='Kertas Kerja'!F755 -> Deskripsi dan penjelasan tentang indikator yang terkait | D71: ='Kertas Kerja'!G755 -> Deskripsi identifikasi risiko tentang indikator yang terkait | E71: ='Kertas Kerja'!J755 -> RENDAH | G71: ='Kertas Kerja'!H755 -> A | H71: ='Kertas Kerja'!I755 -> 1
A72: ='Lap AK'!B79 -> 57 | B72: Tingkat kepuasan pengguna lulusan. Tabel 8.e.2) LKPS | C72: ='Kertas Kerja'!F788 -> Deskripsi dan penjelasan tentang : 1. Capaian terhadap indikator 2. Faktor pendukung dan faktor penghambat 3. Masalah dan akar masalah yang dihadapi 4. Data dan dokumen pendukung | D72: ='Kertas Kerja'!G788 -> Deskripsi dan penjelasan tentang : 1. Peristiwa yang mungkin terjadi terkait dengan indikator 2. Dampak dari terjadinya peristiwa yang mungkin terjadi terkait dengan indikator | E72: ='Kertas Kerja'!J788 -> RENDAH | G72: ='Kertas Kerja'!H788 -> A | H72: ='Kertas Kerja'!I788 -> 1
A73: ='Lap AK'!B80 -> 58 | B73: C.9.4.b) Luaran Dharma Penelitian dan PkM Pagelaran/pameran/presentasi/ publikasi ilmiah mahasiswa, yang dihasilkan secara mandiri atau bersama DTPS, dengan judul yang relevan dengan bidang program studi dalam 3 tahun terakhir. Tabel 8.f.1) LKPS | C73: ='Kertas Kerja'!F836 -> Deskripsi dan penjelasan tentang : 1. Capaian terhadap indikator 2. Faktor pendukung dan faktor penghambat 3. Masalah dan akar masalah yang dihadapi 4. Data dan dokumen pendukung | D73: ='Kertas Kerja'!G836 -> Deskripsi dan penjelasan tentang : 1. Peristiwa yang mungkin terjadi terkait dengan indikator 2. Dampak dari terjadinya peristiwa yang mungkin terjadi terkait dengan indikator | E73: ='Kertas Kerja'!J836 -> RENDAH | G73: ='Kertas Kerja'!H836 -> A | H73: ='Kertas Kerja'!I836 -> 1
A74: ='Lap AK'!B81 -> 59 | B74: Artikel karya ilmiah mahasiswa, yang dihasilkan secara mandiri atau bersama DTPS, yang disitasi dalam 3 tahun terakhir. Tabel 8.f.2) LKPS | C74: ='Kertas Kerja'!F861 -> Deskripsi dan penjelasan tentang : 1. Capaian terhadap indikator 2. Faktor pendukung dan faktor penghambat 3. Masalah dan akar masalah yang dihadapi 4. Data dan dokumen pendukung | D74: ='Kertas Kerja'!G861 -> Deskripsi dan penjelasan tentang : 1. Peristiwa yang mungkin terjadi terkait dengan indikator 2. Dampak dari terjadinya peristiwa yang mungkin terjadi terkait dengan indikator | E74: ='Kertas Kerja'!J861 -> RENDAH | G74: ='Kertas Kerja'!H861 -> A | H74: ='Kertas Kerja'!I861 -> 1
A75: ='Lap AK'!B82 | B75: Produk/jasa karya mahasiswa, yang dihasilkan secara mandiri atau bersama DTPS, yang diadopsi oleh industri/ masyarakat dalam 3 tahun terakhir. Tabel 8.f.3) LKPS | C75: ='Kertas Kerja'!F865 -> Deskripsi dan penjelasan tentang indikator yang terkait | D75: ='Kertas Kerja'!G865 -> Deskripsi identifikasi risiko tentang indikator yang terkait | E75: ='Kertas Kerja'!J865 -> RENDAH | G75: ='Kertas Kerja'!H865 -> A | H75: ='Kertas Kerja'!I865 -> 1
A76: ='Lap AK'!B83 -> 60 | B76: Luaran penelitian dan PkM yang dihasilkan mahasiswa, baik secara mandiri atau bersama DTPS dalam 3 tahun terakhir. Tabel 8.f.4) LKPS | C76: ='Kertas Kerja'!F869 -> Deskripsi dan penjelasan tentang : 1. Capaian terhadap indikator 2. Faktor pendukung dan faktor penghambat 3. Masalah dan akar masalah yang dihadapi 4. Data dan dokumen pendukung | D76: ='Kertas Kerja'!G869 -> Deskripsi dan penjelasan tentang : 1. Peristiwa yang mungkin terjadi terkait dengan indikator 2. Dampak dari terjadinya peristiwa yang mungkin terjadi terkait dengan indikator | E76: ='Kertas Kerja'!J869 -> RENDAH | G76: ='Kertas Kerja'!H869 -> A | H76: ='Kertas Kerja'!I869 -> 1
A77: ='Lap AK'!B84 -> 61 | B77: D Analisis dan Penetapan Program Pengembangan D.1 Analisis dan Capaian Kinerja Keserbacakupan (kelengkapan, keluasan, dan kedalaman), ketepatan, ketajaman, dan kesesuaian analisis capaian kinerja serta konsistensi dengan setiap kriteria. | C77: ='Kertas Kerja'!F878 -> Deskripsi dan penjelasan tentang : 1. Capaian terhadap indikator 2. Faktor pendukung dan faktor penghambat 3. Masalah dan akar masalah yang dihadapi 4. Data dan dokumen pendukung | D77: ='Kertas Kerja'!G878 -> Deskripsi dan penjelasan tentang : 1. Peristiwa yang mungkin terjadi terkait dengan indikator 2. Dampak dari terjadinya peristiwa yang mungkin terjadi terkait dengan indikator | E77: ='Kertas Kerja'!J878 -> RENDAH | G77: ='Kertas Kerja'!H878 -> A | H77: ='Kertas Kerja'!I878 -> 1
