Workbook
Name diploma: #REF!
Name diploma: #REF!

Sheet Isian Prodi
A1: ISIAN PROGRAM STUDI
A3: PETUNJUK PENGISIAN: SEL YANG DIISI PRODI HANYA YANG BERWARNA KUNING
A5: Nama Prodi : | C5: Prodi A
A6: Nama UPPS : | C6: Fakultas/Departemen A
A7: Jenis prodi : (1 : Prodi sains teknologi; 2 : Prodi sosial humaniora)
A8: Jumlah kebutuhan lulusan : 1: Tinggi; 2: Rendah.
A10: Tabel 1 Jumlah Kerjasama Tridharma
A11: Tahun Akademik | B11: Tingkat | C11: Pendidikan | D11: Penelitian | E11: Pengabdian kepada Masyarakat
A12: 1 | B12: 2 | C12: 3 | D12: 4 | E12: 5
A13: TS-2 | B13: Internasional
A14: TS-1
A15: TS
A16: Jumlah | C16: =SUM(C13:C15) -> 0 | D16: =SUM(D13:D15) -> 0 | E16: =SUM(E13:E15) -> 0
A17: TS-2 | B17: Nasional
A18: TS-1
A19: TS
A20: Jumlah | C20: =SUM(C17:C19) -> 0 | D20: =SUM(D17:D19) -> 0 | E20: =SUM(E17:E19) -> 0
A21: TS-2 | B21: Lokal/Wilayah
A22: TS-1
A23: TS
A24: Jumlah | C24: =SUM(C21:C23) -> 0 | D24: =SUM(D21:D23) -> 0 | E24: =SUM(E21:E23) -> 0
A26: Tabel 2 Seleksi Mahasiswa Baru
A27: Tahun Akademik | B27: Daya Tampung | C27: Jumlah Calon Mahasiswa | E27: Jumlah Mahasiswa Baru | G27: Jumlah Mahasiswa Aktif
C28: Pendaftar | D28: Lulus Seleksi | E28: Reguler | F28: Transfer*) | G28: Reguler | H28: Transfer*)
A29: 1 | B29: 2 | C29: 3 | D29: 4 | E29: 5 | F29: 6 | G29: 7 | H29: 8
A30: TS-4
A31: TS-3
A32: TS-2
A33: TS-1
A34: TS
A35: Jumlah | B35: =SUM(B30:B34) -> 0 | C35: =SUM(C30:C34) -> 0 | D35: =SUM(D30:D34) -> 0 | E35: =SUM(E30:E34) -> 0 | F35: =SUM(F30:F34) -> 0 | G35: =SUM(G34:H34) -> 0
A37: Tabel 3 Jumlah Mahasiswa Asing
A38: Tahun Akademik | B38: Jumlah Mahasiswa Aktif | C38: Jumlah Mahasiswa Asing
A39: 1 | B39: 2 | C39: 3
A40: TS-4 | B40: =SUM(G30:H30) -> 0
A41: TS-3 | B41: =SUM(G31:H31) -> 0
A42: TS-2 | B42: =SUM(G32:H32) -> 0
A43: TS-1 | B43: =SUM(G33:H33) -> 0
A44: TS | B44: =SUM(G34:H34) -> 0
A45: Jumlah | B45: =G35 -> 0 | C45: =SUM(C40:C44) -> 0
A47: Tabel 4 Jumlah Kegiatan Nonkurikuler Mahasiswa
A48: Tahun Akademik | B48: Jumlah Kegiatan
A49: 1 | B49: 2
A50: TS
A51: TS-1
A52: TS-2
A53: TS-3
A54: Jumlah seluruh kegiatan | B54: =SUM(B50:B53) -> 0
A56: Tabel 5 Jumlah Dosen Tetap Program Studi (TS)
A57: Keterangan | C57: Jumlah
A58: Jumlah dosen tetap yang terlibat dalam penyelenggaraan pendidikan (NDT)
A59: Jumlah dosen pengampu matakuliah inti program studi (NDTPS)
A60: Dosen DTPS berpendidikan S3
A61: Dosen DTPS berjafa GB
A62: Dosen DTPS berjafa LK
A63: Dosen DTPS berjafa L
A64: Dosen DTPS yang memiliki sertifikat kompetensi/ profesi/ industri.
A65: Dosen tidak tetap
A66: Rata-rata EWMP DTPS per semester pada saat TS.
A67: Jumlah Rekognisi DTPS dalam 3 tahun terakhir (dihitung per DTPS, bisa memilih salah satu) | B67: a) menjadi visiting lecturer atau visiting scholar di program studi/perguruan tinggi terakreditasi A/Unggul atau program studi/perguruan tinggi internasional bereputasi.
B68: b) menjadi keynote speaker/invited speaker pada pertemuan ilmiah tingkat nasional/ internasional.
B69: c) menjadi editor atau mitra bestari pada jurnal nasional terakreditasi/jurnal internasional bereputasi di bidang yang sesuai dengan bidang program studi.
B70: d) menjadi staf ahli/ narasumber di lembaga tingkat wilayah/nasional/ internasional pada bidang yang sesuai dengan bidang program studi
B71: e) mendapat penghargaan atas prestasi dan kinerja di tingkat wilayah/nasional/ internasional.
C72: =SUM(C67:C71) -> 0
A74: Tabel 6 Dosen Pembimbing Utama Tugas Akhir (TS)
A75: Keterangan | B75: Jumlah
A76: Dosen pembimbing utama pada saat TS
A77: Mahasiswa bimbingan pada saat TS
A79: Tabel 7 Keuangan, Sarana dan Prasarana
A80: Keterangan | B80: Jumlah
A81: Total dana operasional pendidikan dalam 3 tahun terakhir (dlm juta)
A82: Total perolehan dana penelitian dalam 3 tahun terakhir (dalam juta)
A83: Total perolehan dana PkM dala 3 tahun terakhir (dalam juta)
A85: Tabel 8 Jumlah Penelitian berdasarkan Sumber Pendanaannya
A86: Keterangan | B86: Jumlah Judul | E86: Jumlah
B87: TS-2 | C87: TS-1 | D87: TS
A88: a) Perguruan Tinggi b) Mandiri | E88: =SUM(B88:D88) -> 0
A89: Lembaga Dalam Negeri (di Luar PT) | E89: =SUM(B89:D89) -> 0
A90: Lembaga Luar Negeri | E90: =SUM(B90:D90) -> 0
A92: Tabel 9 Jumlah PkM berdasarkan Sumber Pendanaannya
A93: Keterangan | B93: Jumlah Judul | E93: Jumlah
B94: TS-2 | C94: TS-1 | D94: TS
A95: a) Perguruan Tinggi b) Mandiri | E95: =SUM(B95:D95) -> 0
A96: Lembaga Dalam Negeri (di Luar PT) | E96: =SUM(B96:D96) -> 0
A97: Lembaga Luar Negeri | E97: =SUM(B97:D97) -> 0
A99: Tabel 10 Jumlah Publikasi Ilmiah DTPS
A100: Keterangan | B100: Jumlah Judul | E100: Jumlah
B101: TS-2 | C101: TS-1 | D101: TS
A102: Jurnal Nasional Tidak Terakreditasi | E102: =SUM(B102:D102) -> 0
A103: Jurnal Nasional Terakreditasi | E103: =SUM(B103:D103) -> 0
A104: Jurnal Internasional | E104: =SUM(B104:D104) -> 0
A105: Jurnal Internasional Bereputasi | E105: =SUM(B105:D105) -> 0
A106: Seminar Wilayah/Lokal/ Perguruan Tinggi | E106: =SUM(B106:D106) -> 0
A107: Seminar Nasional | E107: =SUM(B107:D107) -> 0
A108: Seminar Internasional | E108: =SUM(B108:D108) -> 0
A109: Tulisan di Media Massa Wilayah | E109: =SUM(B109:D109) -> 0
A110: Tulisan di Media Massa Nasional | E110: =SUM(B110:D110) -> 0
A111: Tulisan di Media Massa Internasional | E111: =SUM(B111:D111) -> 0
A113: Tabel 11 Jumlah Karya ilmiah DTPS yang disitasi
...

Sheet Kertas Kerja
A1: KERTAS KERJA AUDIT MUTU INTERNAL
A2: PROGRAM SARJANA
A4: PETUNJUK PENGISIAN: SEL YANG DIISI PRODI HANYA YANG BERWARNA KUNING, SEL YANG DIISI AUDITOR MUTU INTERNAL HANYA YANG BERWARNA BIRU
A6: NO. | B6: ELEMEN | C6: INDIKATOR DAN PENILAIAN | E6: DOKUMEN BUKTI | F6: EVALUASI DIRI PROGRAM STUDI | G6: MANAJEMEN RISIKO | K6: SKOR AUDITOR MUTU | L6: DESKRIPSI TEMUAN AUDITOR MUTU INTERNAL | M6: REKOMENDASI AUDITOR MUTU INTERNAL
G7: IDENTIFIKASI RISIKO | H7: TINGKAT KEMUNGKINAN | I7: SKALA DAMPAK | J7: LEVEL RISIKO
A8: 1 | B8: A | C8: Kondisi Eksternal Konsistensi dengan hasil analisis SWOT dan/atau analisis lain serta rencana pengembangan ke depan. | E8: (1) Laporan yang berisi analisis internal dan eksternal Fakultas/Departemen yang lengkap (identifikasi faktor, penentuan posisi strategis, perumusan strategi dan arah pengembangan strategik) bisa menggunakan Analisis SWOT dan/atau analisis lainnya. (2) Rencana stategis fakultas/ departemen yang disahkan dengan SK Rektor. | F8: Deskripsi dan penjelasan tentang indikator yang terkait | G8: Deskripsi identifikasi risiko tentang indikator yang terkait | H8: C | I8: 4 | J8: =IF((IF(OR((H8&"."&I8)=$R$8,(H8&"."&I8)=$S$8,(H8&"."&I8)=$T$8,(H8&"."&I8)=$U$8,(H8&"."&I8)=$V$8,(H8&"."&I8)=$W$8),1,0))=1,"EKSTREM",IF((IF(OR((H8&"."&I8)=$R$9,(H8&"."&I8)=$S$9,(H8&"."&I8)=$T$9,(H8&"."&I8)=$U$9,(H8&"."&I8)=$V$9,(H8&"."&I8)=$W$9,(H8&"."&I8)=$X$9),1,0))=1,"TINGGI",IF((IF(OR((H8&"."&I8)=$R$10,(H8&"."&I8)=$S$10,(H8&"."&I8)=$T$10,(H8&"."&I8)=$U$10,(H8&"."&I8)=$V$10,(H8&"."&I8)=$W$10),1,0))=1,"MODERAT",IF((IF(OR((H8&"."&I8)=$R$11,(H8&"."&I8)=$S$11,(H8&"."&I8)=$T$11,(H8&"."&I8)=$U$11,(H8&"."&I8)=$V$11,(H8&"."&I8)=$W$11),1,0))=1,"RENDAH","-")))) -> TINGGI | K8: 3 | L8: deskripsi test | M8: rekomendasi test | P8: E | Q8: EKSTREM | R8: E.4 | S8: E.5 | T8: D.4 | U8: D.5 | V8: C.5 | W8: B.5
C9: 4 | D9: Unit Pengelola Program Studi (UPPS) mampu: 1) mengidentifikasi kondisi lingkungan dan industri yang relevan secara komprehensif dan strategis, 2) menetapkan posisi relatif program studi terhadap lingkungannya, 3) menggunakan hasil identifikasi dan posisi yang ditetapkan untuk melakukan analisis (SWOT/metoda analisis lain yang relevan) untuk pengembangan program studi, dan 4) merumuskan strategi pengembangan program studi yang berkesesuaian untuk menghasilkan program-program pengembangan alternatif yang tepat. | P9: T | Q9: TINGGI | R9: E.3 | S9: D.3 | T9: C.4 | U9: C.3 | V9: B.4 | W9: A.5 | X9: A.4
C10: 3 | D10: Unit Pengelola Program Studi (UPPS) mampu: 1) mengidentifikasi kondisi lingkungan dan industri yang relevan secara komprehensif, 2) menetapkan posisi relatif program studi terhadap lingkungannya, dan 3) menggunakan hasil identifikasi dan posisi yang ditetapkan untuk melakukan analisis (SWOT/metoda analisis lain yang relevan) untuk pengembangan program studi. | P10: M | Q10: MODERAT | R10: E.1 | S10: E.2 | T10: D.2 | U10: C.2 | V10: B.3 | W10: A.3
C11: 2 | D11: Unit Pengelola Program Studi (UPPS) mampu: 1) mengidentifikasi kondisi lingkungan dan industri yang relevan, dan 2) menetapkan posisi relatif program studi terhadap lingkungannya. | P11: R | Q11: RENDAH | R11: D.1 | S11: C.1 | T11: B.1 | U11: B.2 | V11: A.2 | W11: A.1
C12: 1 | D12: Unit Pengelola Program Studi (UPPS) kurang mampu: 1) mengidentifikasi kondisi lingkungan dan industri yang relevan, dan 2) menetapkan posisi relatif program studi terhadap lingkungannya.
C13: 0 | D13: Unit Pengelola Program Studi (UPPS) tidak mampu: 1) mengidentifikasi kondisi lingkungan dan industri yang relevan, dan 2) menetapkan posisi relatif program studi terhadap lingkungannya.
C14: Skor | J14: =IF(OR(ISBLANK(J8),J8<0,J8>4),0,J8) -> 0 | K14: =IF(OR(ISBLANK(K8),K8<0,K8>4),0,K8) -> 3
A16: 2 | B16: B | C16: Keserbacakupan informasi dalam profil dan konsistensi antara profil dengan data dan informasi yang disampaikan pada masing-masing kriteria, serta menunjukkan iklim yang kondusif untuk pengembangan dan reputasi sebagai rujukan di bidang keilmuannya. | E16: (1)Profil/Katalog fakultas/departemen yang berisi antara lain visi dan misi, dosen, kurikulum, kegiatan kemahasiswaan, kegiatan akademik dan kegiatan pendukung lainnya dalam bentuk softcopy maupun hardcopy. (2)Profil/Katalog program studi yang berisi antara lain visi dan misi, dosen, kurikulum, kegiatan kemahasiswaan, kegiatan akademik dan kegiatan pendukung lainnya dalam bentuk softcopy maupun hardcopy. (3) Bukti kerjasama dengan asosiasi/profesi yang terkait dengan program studi/fakultas/departemen. | F16: Deskripsi dan penjelasan tentang indikator yang terkait | G16: Deskripsi identifikasi risiko tentang indikator yang terkait | H16: E | I16: 1 | J16: =IF((IF(OR((H16&"."&I16)=$R$8,(H16&"."&I16)=$S$8,(H16&"."&I16)=$T$8,(H16&"."&I16)=$U$8,(H16&"."&I16)=$V$8,(H16&"."&I16)=$W$8),1,0))=1,"EKSTREM",IF((IF(OR((H16&"."&I16)=$R$9,(H16&"."&I16)=$S$9,(H16&"."&I16)=$T$9,(H16&"."&I16)=$U$9,(H16&"."&I16)=$V$9,(H16&"."&I16)=$W$9,(H16&"."&I16)=$X$9),1,0))=1,"TINGGI",IF((IF(OR((H16&"."&I16)=$R$10,(H16&"."&I16)=$S$10,(H16&"."&I16)=$T$10,(H16&"."&I16)=$U$10,(H16&"."&I16)=$V$10,(H16&"."&I16)=$W$10),1,0))=1,"MODERAT",IF((IF(OR((H16&"."&I16)=$R$11,(H16&"."&I16)=$S$11,(H16&"."&I16)=$T$11,(H16&"."&I16)=$U$11,(H16&"."&I16)=$V$11,(H16&"."&I16)=$W$11),1,0))=1,"RENDAH","-")))) -> MODERAT | K16: 0 | L16: Deskripsi temuan auditor mutu internal tentang indikator yang terkait | M16: Rekomendasi auditor mutu internal berkaitan dengan hasil temuan
C17: 4 | D17: Profil UPPS: 1) menunjukkan keserbacakupan informasi yang jelas dan konsisten dengan data dan informasi yang disampaikan pada masing-masing kriteria, 2) menggambarkan keselarasan dengan substansi keilmuan program studi. 3) menunjukkan iklim yang kondusif untuk pengembangan keilmuan program studi. 4) menunjukkan reputasi sebagai rujukan di bidang keilmuannya.
C18: 3 | D18: Profil UPPS: 1) menunjukkan keserbacakupan informasi yang jelas dan konsisten dengan data dan informasi yang disampaikan pada masing-masing kriteria, 2) menggambarkan keselarasan dengan substansi keilmuan program studi. 3) menunjukkan iklim yang kondusif untuk pengembangan keilmuan program studi.
C19: 2 | D19: Profil UPPS: 1) menunjukkan keserbacakupan informasi yang jelas dengan data dan informasi yang disampaikan pada masing-masing kriteria, 2) menggambarkan keselarasan dengan substansi keilmuan program studi.
C20: 1 | D20: Profil UPPS: 1) kurang menunjukkan keserbacakupan informasi yang jelas dengan data dan informasi yang disampaikan pada masing-masing kriteria, 2) kurang menggambarkan keselarasan dengan substansi keilmuan program studi.
C21: 0 | D21: Profil UPPS tidak menunjukkan keserbacakupan informasi yang jelas dengan data dan informasi yang disampaikan pada masing-masing kriteria.
C22: Skor | K22: =IF(OR(ISBLANK(K16),K16<0,K16>4),0,K16) -> 0
A24: 3 | B24: C Kriteria C.1 Visi, Misi, Tujuan dan Strategi C.1.4 Indikator Kinerja Utama | C24: Kesesuaian Visi, Misi, Tujuan dan Strategi (VMTS) Unit Pengelola Program Studi (UPPS) terhadap VMTS Perguruan Tinggi (PT) dan visi keilmuan Program Studi (PS) yang dikelolanya. | E24: (1) SK Satgas penyusunan/review VMTS (2) Laporan penyusunan VMTS fakultas/departemen yang memuat latar belakang, tujuan, rasional, mekanisme dan kesesuaian dengan VMTS UKSW (3) SK Pengesahan VMTS fakultas/departemen dan program studi yang menunjukkan keunikan program studi (4) Dokumen perumusan capaian pembelajaran dan peta kurikulum yang menunjukkan kesesuaian dengan keunikan program studi (5) Dokumen SPMI Fakultas dan Universitas (6) Renstra/Road Map/Peta riset dan pengabdian masyarakat yang menunjukkan kesesuaian dengan VMTS program studi | F24: Deskripsi dan penjelasan tentang indikator yang terkait | G24: Deskripsi identifikasi risiko tentang indikator yang terkait | H24: E | I24: 4 | J24: =IF((IF(OR((H24&"."&I24)=$R$8,(H24&"."&I24)=$S$8,(H24&"."&I24)=$T$8,(H24&"."&I24)=$U$8,(H24&"."&I24)=$V$8,(H24&"."&I24)=$W$8),1,0))=1,"EKSTREM",IF((IF(OR((H24&"."&I24)=$R$9,(H24&"."&I24)=$S$9,(H24&"."&I24)=$T$9,(H24&"."&I24)=$U$9,(H24&"."&I24)=$V$9,(H24&"."&I24)=$W$9,(H24&"."&I24)=$X$9),1,0))=1,"TINGGI",IF((IF(OR((H24&"."&I24)=$R$10,(H24&"."&I24)=$S$10,(H24&"."&I24)=$T$10,(H24&"."&I24)=$U$10,(H24&"."&I24)=$V$10,(H24&"."&I24)=$W$10),1,0))=1,"MODERAT",IF((IF(OR((H24&"."&I24)=$R$11,(H24&"."&I24)=$S$11,(H24&"."&I24)=$T$11,(H24&"."&I24)=$U$11,(H24&"."&I24)=$V$11,(H24&"."&I24)=$W$11),1,0))=1,"RENDAH","-")))) -> EKSTREM | K24: 0 | L24: Deskripsi temuan auditor mutu internal tentang indikator yang terkait | M24: Rekomendasi auditor mutu internal berkaitan dengan hasil temuan
C25: 4 | D25: UPPS memiliki: 1) visi yang mencerminkan visi perguruan tinggi dan memayungi visi keilmuan terkait keunikan program studi serta didukung data konsistensi implementasinya, 2) misi, tujuan, dan strategi yang searah dan bersinerji dengan misi, tujuan, dan strategi perguruan tinggi serta mendukung pengembangan program studi dengan data konsistensi implementasinya.
C26: 3 | D26: UPPS memiliki: 1) visi yang mencerminkan visi perguruan tinggi dan memayungi visi keilmuan terkait keunikan program studi, 2) misi, tujuan, dan strategi yang searah dan bersinerji dengan misi, tujuan, dan strategi perguruan tinggi serta mendukung pengembangan program studi.
C27: 2 | D27: UPPS memiliki: 1) visi yang mencerminkan visi perguruan tinggi dan memayungi visi keilmuan terkait program studi, 2) misi, tujuan, dan strategi yang searah dengan misi, tujuan, dan strategi perguruan tinggi serta mendukung pengembangan program studi.
C28: 1 | D28: UPPS memiliki: 1) visi yang mencerminkan visi perguruan tinggi namun tidak memayungi visi keilmuan terkait program studi, 2) misi, tujuan, dan strategi kurang searah dengan misi, tujuan sasaran, dan strategi perguruan tinggi serta kurang mendukung pengembangan program studi.
C29: 0 | D29: UPPS memiliki misi, tujuan, dan strategi yang tidak terkait dengan strategi perguruan tinggi dan pengembangan program studi.
C30: Skor | K30: =IF(OR(ISBLANK(K24),K24<0,K24>4),0,K24) -> 0
A32: 4 | C32: Mekanisme dan keterlibatan pemangku kepentingan dalam penyusunan VMTS UPPS. | E32: (1) Standar VMTS fakultas/departemen (2) Prosedur (SOP) penyusunan dan pengkajian VMTS (3) Laporan penyusunan VMTS yang memuat pelibatan pemangku kepentingan internal dan eksternal (4) Berita acara/dokumentasi/notulen keterlibatan pihak internal (dosen, tendik dan pejabat struktural) dalam rapat dengan agenda penyusunan/review VMTS, serta pihak eksternal (alumni, pengguna, asosiasi, pakar, industri/organisasi) yang sesuai dengan bidang ilmu. | F32: Deskripsi dan penjelasan tentang indikator yang terkait | G32: Deskripsi identifikasi risiko tentang indikator yang terkait | H32: E | I32: 1 | J32: =IF((IF(OR((H32&"."&I32)=$R$8,(H32&"."&I32)=$S$8,(H32&"."&I32)=$T$8,(H32&"."&I32)=$U$8,(H32&"."&I32)=$V$8,(H32&"."&I32)=$W$8),1,0))=1,"EKSTREM",IF((IF(OR((H32&"."&I32)=$R$9,(H32&"."&I32)=$S$9,(H32&"."&I32)=$T$9,(H32&"."&I32)=$U$9,(H32&"."&I32)=$V$9,(H32&"."&I32)=$W$9,(H32&"."&I32)=$X$9),1,0))=1,"TINGGI",IF((IF(OR((H32&"."&I32)=$R$10,(H32&"."&I32)=$S$10,(H32&"."&I32)=$T$10,(H32&"."&I32)=$U$10,(H32&"."&I32)=$V$10,(H32&"."&I32)=$W$10),1,0))=1,"MODERAT",IF((IF(OR((H32&"."&I32)=$R$11,(H32&"."&I32)=$S$11,(H32&"."&I32)=$T$11,(H32&"."&I32)=$U$11,(H32&"."&I32)=$V$11,(H32&"."&I32)=$W$11),1,0))=1,"RENDAH","-")))) -> MODERAT | K32: 0 | L32: Deskripsi temuan auditor mutu internal tentang indikator yang terkait | M32: Rekomendasi auditor mutu internal berkaitan dengan hasil temuan
C33: 4 | D33: Ada mekanisme dalam penyusunan dan penetapan visi, misi, tujuan dan strategi yang terdokumentasi serta ada keterlibatan semua pemangku kepentingan internal (dosen, mahasiswa dan tenaga kependidikan) dan eksternal (lulusan, pengguna lulusan dan pakar/mitra/organisasi profesi/pemerintah).
C34: 3 | D34: Ada mekanisme dalam penyusunan dan penetapan visi, misi, tujuan dan strategi yang terdokumentasi serta ada keterlibatan pemangku kepentingan internal (dosen, mahasiswa dan tenaga kependidikan) dan pemangku kepentingan eksternal (lulusan dan pengguna lulusan).
C35: 2 | D35: Ada mekanisme dalam penyusunan dan penetapan visi, misi, tujuan dan strategi yang terdokumentasi serta ada keterlibatan pemangku kepentingan internal (dosen dan mahasiswa) dan pemangku kepentingan eksternal (lulusan).
C36: 1 | D36: Ada mekanisme dalam penyusunan dan penetapan visi, misi, tujuan dan strategi yang terdokumentasi namun tidak melibatkan pemangku kepentingan.
C37: 0 | D37: Tidak ada mekanisme dalam penyusunan dan penetapan visi, misi, tujuan dan strategi.
C38: Skor | K38: =IF(OR(ISBLANK(K32),K32<0,K32>4),0,K32) -> 0
A40: 5 | C40: Strategi pencapaian tujuan disusun berdasarkan analisis yang sistematis, serta pada pelaksanaannya dilakukan pemantauan dan evaluasi yang ditindaklanjuti. | E40: (1) Laporan yang berisi analisis internal dan eksternal Fakultas/Departemen yang lengkap (identifikasi faktor, penentuan posisi strategis, perumusan strategi dan arah pengembangan strategik) bisa menggunakan Analisis SWOT dan/atau analisis lainnya. (2) Rencana strategis fakultas/departemen yang disahkan dengan SK Rektor. (3) Rencana operasional fakultas/departemen yang disahkan oleh Rektor/Dekan. (4) Laporan Evaluasi Diri (laporan Dies/laporan Raker) tahunan fakultas/departemen. | F40: Deskripsi dan penjelasan tentang indikator yang terkait | G40: Deskripsi identifikasi risiko tentang indikator yang terkait | H40: E | I40: 1 | J40: =IF((IF(OR((H40&"."&I40)=$R$8,(H40&"."&I40)=$S$8,(H40&"."&I40)=$T$8,(H40&"."&I40)=$U$8,(H40&"."&I40)=$V$8,(H40&"."&I40)=$W$8),1,0))=1,"EKSTREM",IF((IF(OR((H40&"."&I40)=$R$9,(H40&"."&I40)=$S$9,(H40&"."&I40)=$T$9,(H40&"."&I40)=$U$9,(H40&"."&I40)=$V$9,(H40&"."&I40)=$W$9,(H40&"."&I40)=$X$9),1,0))=1,"TINGGI",IF((IF(OR((H40&"."&I40)=$R$10,(H40&"."&I40)=$S$10,(H40&"."&I40)=$T$10,(H40&"."&I40)=$U$10,(H40&"."&I40)=$V$10,(H40&"."&I40)=$W$10),1,0))=1,"MODERAT",IF((IF(OR((H40&"."&I40)=$R$11,(H40&"."&I40)=$S$11,(H40&"."&I40)=$T$11,(H40&"."&I40)=$U$11,(H40&"."&I40)=$V$11,(H40&"."&I40)=$W$11),1,0))=1,"RENDAH","-")))) -> MODERAT | K40: 0 | L40: Deskripsi temuan auditor mutu internal tentang indikator yang terkait | M40: Rekomendasi auditor mutu internal berkaitan dengan hasil temuan
C41: 4 | D41: Strategi efektif untuk mencapai tujuan dan disusun berdasarkan analisis yang sistematis dengan menggunakan metoda yang relevan dan terdokumentasi serta pada pelaksanaannya dilakukan pemantauan dan evaluasi dan ditindaklanjuti.
C42: 3 | D42: Strategi efektif untuk mencapai tujuan dan disusun berdasarkan analisis yang sistematis dengan menggunakan metoda yang relevan dan terdokumentasi serta pada pelaksanaannya dilakukan pemantauan dan evaluasi.
C43: 2 | D43: Strategi untuk mencapai tujuan dan disusun berdasarkan analisis yang sistematis dengan menggunakan metoda yang relevan serta terdokumentasi namun belum terbukti efektifitasnya.
C44: 1 | D44: Strategi untuk mencapai tujuan disusun berdasarkan analisis yang kurang sistematis serta tidak menggunakan metoda yang relevan.
C45: 0 | D45: Tidak memiliki strategi untuk mencapai tujuan.
C46: Skor | K46: =IF(OR(ISBLANK(K40),K40<0,K40>4),0,K40) -> 0
A48: 6 | C48: A. Kelengkapan struktur organisasi dan keefektifan penyelenggaraan organisasi. | E48: (1) Struktur organisasi fakultas/departemen yang lengkap dengan SK pengesahan dan tupoksinya (2) Laporan tahunan unit-unit dalam fakultas/departemen, Laporan korbidkem, Laporan Satgas, Laporan Pusat Studi di bawah fakultas/departemen. | F48: Deskripsi dan penjelasan tentang indikator yang terkait | G48: Deskripsi identifikasi risiko tentang indikator yang terkait | H48: E | I48: 1 | J48: =IF((IF(OR((H48&"."&I48)=$R$8,(H48&"."&I48)=$S$8,(H48&"."&I48)=$T$8,(H48&"."&I48)=$U$8,(H48&"."&I48)=$V$8,(H48&"."&I48)=$W$8),1,0))=1,"EKSTREM",IF((IF(OR((H48&"."&I48)=$R$9,(H48&"."&I48)=$S$9,(H48&"."&I48)=$T$9,(H48&"."&I48)=$U$9,(H48&"."&I48)=$V$9,(H48&"."&I48)=$W$9,(H48&"."&I48)=$X$9),1,0))=1,"TINGGI",IF((IF(OR((H48&"."&I48)=$R$10,(H48&"."&I48)=$S$10,(H48&"."&I48)=$T$10,(H48&"."&I48)=$U$10,(H48&"."&I48)=$V$10,(H48&"."&I48)=$W$10),1,0))=1,"MODERAT",IF((IF(OR((H48&"."&I48)=$R$11,(H48&"."&I48)=$S$11,(H48&"."&I48)=$T$11,(H48&"."&I48)=$U$11,(H48&"."&I48)=$V$11,(H48&"."&I48)=$W$11),1,0))=1,"RENDAH","-")))) -> MODERAT | K48: 0 | L48: Deskripsi temuan auditor mutu internal tentang indikator yang terkait | M48: Rekomendasi auditor mutu internal berkaitan dengan hasil temuan
C49: 4 | D49: UPPS memiliki dokumen formal struktur organisasi dan tata kerja yang dilengkapi tugas dan fungsinya, serta telah berjalan secara konsisten dan menjamin tata pamong yang baik serta berjalan efektif dan efisien.
C50: 3 | D50: UPPS memiliki dokumen formal struktur organisasi dan tata kerja yang dilengkapi tugas dan fungsinya, serta telah berjalan secara konsisten dan menjamin tata pamong yang baik.
C51: 2 | D51: UPPS memiliki dokumen formal struktur organisasi dan tata kerja yang dilengkapi tugas dan fungsinya, serta telah berjalan secara konsisten.
C52: 1 | D52: UPPS memiliki dokumen formal struktur organisasi dan tata kerja namun tugas dan fungsi belum berjalan secara konsisten.
C53: 0 | D53: UPPS tidak memiliki dokumen formal struktur organisasi.
C54: B. Perwujudan good governance dan pemenuhan lima pilar sistem tata pamong, yang mencakup: 1) Kredibel 2) Transparan 3) Akuntabel 4) Bertanggung jawab 5) Adil. | E54: (1) Bukti penerapan pilar kredibel pada pengelolaan fakultas/departemen (Statuta, SK Rektor tentang pengangkatan pejabat dibawah Rektor) (2) Bukti penerapan pilar transparan pada pengelolaan fakultas/departemen (semua sistem informasi yang digunakan dan dapat diakses oleh fakultas contoh SIASAT, SIKASA) (3) Bukti penerapan pilar akuntabel pada pengelolaan fakultas/departemen (Laporan BKD, Laporan Yudisium, Laporan Evaluasi Diri Fakultas, Laporan Dies, Laporan AMI, Laporan UPMF Laporan Korbidkem, dll) (4) Bukti penerapan pilar bertanggung jawab pada pengelolaan fakultas/departemen (Laporan Monev UPMF, Laporan DP3, dll) (5) Bukti penerapan pilar adil pada pengelolaan fakultas/departemen (Informasi Beasiswa, Informasi Studi Lanjut, Informasi Hibah, Peraturan Studi Lanjut, Sarpras untuk penyandang disabilitas, Peraturan Admisi Mahasiswa, Peraturan Akademik, Kebijakan Dispensasi, SK Rektor tentang Insentif Publikasi, dll) | K54: 0
C55: 4 | D55: UPPS memiliki praktek baik (best practices) dalam menerapkan tata pamong yang memenuhi 5 kaidah good governance untuk menjamin penyelenggaraan program studi yang bermutu.
C56: 3 | D56: UPPS memiliki praktek baik (best practices) dalam menerapkan tata pamong yang memenuhi 4 kaidah good governance untuk menjamin penyelenggaraan program studi yang bermutu.
C57: 2 | D57: UPPS memiliki praktek baik (best practices) dalam menerapkan tata pamong yang memenuhi 3 kaidah good governance untuk menjamin penyelenggaraan program studi yang bermutu.
C58: 1 | D58: UPPS memiliki praktek baik (best practices) dalam menerapkan tata pamong yang memenuhi 1 s.d. 2 kaidah good governance untuk menjamin penyelenggaraan program studi yang bermutu.
C59: 0 | D59: Tidak ada Skor kurang dari 1.
C60: Skor = (A + (2 x B)) / 3 | K60: =IF(OR(ISBLANK(K48),K48<0,K48>4,ISBLANK(K54),K54<0,K54>4),0,(K48+2*K54)/3) -> 0
A62: 7 | C62: A. Komitmen pimpinan UPPS. | E62: (1) Bukti karakter kepemimpinan operasional pimpinan fakultas/departemen (Bukti koordinasi pimpinan fakultas/departemen dengan unit-unit internal UKSW) (2) Bukti karakter kepemimpinan organisasional pimpinan fakultas/departemen (SK Rektor tentang Struktur Organisasi Fakultas) (3) Bukti karakter kepemimpinan publik pimpinan fakultas/departemen (SK Pengurus Asosiasi/Organisasi di level lokal,nasional dan internasional, Surat tugas dari pimpinan atas keterlibatan di organisasi publik) | F62: Deskripsi dan penjelasan tentang indikator yang terkait | G62: Deskripsi identifikasi risiko tentang indikator yang terkait | H62: E | I62: 1 | J62: =IF((IF(OR((H62&"."&I62)=$R$8,(H62&"."&I62)=$S$8,(H62&"."&I62)=$T$8,(H62&"."&I62)=$U$8,(H62&"."&I62)=$V$8,(H62&"."&I62)=$W$8),1,0))=1,"EKSTREM",IF((IF(OR((H62&"."&I62)=$R$9,(H62&"."&I62)=$S$9,(H62&"."&I62)=$T$9,(H62&"."&I62)=$U$9,(H62&"."&I62)=$V$9,(H62&"."&I62)=$W$9,(H62&"."&I62)=$X$9),1,0))=1,"TINGGI",IF((IF(OR((H62&"."&I62)=$R$10,(H62&"."&I62)=$S$10,(H62&"."&I62)=$T$10,(H62&"."&I62)=$U$10,(H62&"."&I62)=$V$10,(H62&"."&I62)=$W$10),1,0))=1,"MODERAT",IF((IF(OR((H62&"."&I62)=$R$11,(H62&"."&I62)=$S$11,(H62&"."&I62)=$T$11,(H62&"."&I62)=$U$11,(H62&"."&I62)=$V$11,(H62&"."&I62)=$W$11),1,0))=1,"RENDAH","-")))) -> MODERAT | K62: 0 | L62: Deskripsi temuan auditor mutu internal tentang indikator yang terkait | M62: Rekomendasi auditor mutu internal berkaitan dengan hasil temuan
C63: 4 | D63: Terdapat bukti/pengakuan yang sahih bahwa pimpinan UPPS memiliki karakter kepemimpinan operasional, organisasi, dan publik.
C64: 3 | D64: Terdapat bukti/pengakuan yang sahih bahwa pimpinan UPPS memiliki 2 karakter diantara kepemimpinan operasional, organisasi, dan publik.
C65: 2 | D65: Terdapat bukti/pengakuan yang sahih bahwa pimpinan UPPS memiliki salah satu karakter diantara kepemimpinan operasional, organisasi, dan publik.
C66: 1 | D66: Tidak ada skor kurang dari 2.
C67: 0
C68: B. Kapabilitas pimpinan UPPS, mencakup aspek: 1) perencanaan, 2) pengorganisasian, 3) penempatan personel, 4) pelaksanaan, 5) pengendalian dan pengawasan, dan 6) pelaporan yang menjadi dasar tindak lanjut. | E68: (1) Rencana strategis fakultas/departemen yang disahkan oleh Rektor. (2) Rencana operasional fakultas/departemen yang disahkan oleh Rektor/Dekan. (3) SK penempatan dosen (4) SK penempatan tendik (5) Peraturan Kepegawaian (6) Laporan tahunan fakultas/departemen (7) Laporan pelaksanaan kegiatan fakultas/departemen (8) Arsip Notulen Rapat, Seminar, Workshop dan Kegiatan Akademik lainnya. (9) Arsip berita acara (10) Arsip SK dekan (11) Bukti-bukti penyelesaian masalah (12) Bukti-bukti inovasi fakultas/departemen (13) Laporan AMI (14) Laporan UPMF (15) Laporan pelaksanaan RTM fakultas/departemen | K68: 0
C69: 4 | D69: Pimpinan UPPS mampu : 1) melaksanakan 6 fungsi manajemen secara efektif dan efisien, 2) mengantisipasi dan menyelesaikan masalah pada situasi yang tidak terduga, 3) melakukan inovasi untuk menghasilkan nilai tambah.
C70: 3 | D70: Pimpinan UPPS mampu : 1) melaksanakan 6 fungsi manajemen secara efektif dan efisien, 2) mengantisipasi dan menyelesaikan masalah pada situasi yang tidak terduga.
C71: 2 | D71: Pimpinan UPPS mampu melaksanakan 6 fungsi manajemen secara efektif.
C72: 1 | D72: Pimpinan UPPS mampu melaksanakan kurang dari 6 fungsi manajemen.
C73: 0 | D73: Tidak ada Skor kurang dari 1.
C74: Skor = (A + (2 x B)) / 3 | K74: =IF(OR(ISBLANK(K62),K62<0,K62>4,ISBLANK(K68),K68<0,K68>4),0,(K62+2*K68)/3) -> 0
A76: 8 | C76: Mutu, manfaat, kepuasan dan keberlanjutan kerjasama pendidikan, penelitian dan PkM yang relevan dengan program studi. UPPS memiliki bukti yang sahih terkait kerjasama yang ada telah memenuhi 3 aspek berikut: 1) memberikan manfaat bagi program studi dalam pemenuhan proses pembelajaran, penelitian, PkM. 2) memberikan peningkatan kinerja tridharma dan fasilitas pendukung program studi. 3) memberikan kepuasan kepada mitra industri dan mitra kerjasama lainnya, serta menjamin keberlanjutan kerjasama dan hasilnya. | E76: (1)Perjanjian kerjasama dalam bidang pembelajaran, penelitian dan PkM (2)Laporan hasil kerjasama dalam bidang pembelajaran, penelitian dan PkM (3)Dokumen kepuasan mitra kerjasama (4)Laporan monitoring evaluasi kerjasama dalam bidang pembelajaran, penelitian dan PkM | F76: Deskripsi dan penjelasan tentang indikator yang terkait | G76: Deskripsi identifikasi risiko tentang indikator yang terkait | H76: E | I76: 1 | J76: =IF((IF(OR((H76&"."&I76)=$R$8,(H76&"."&I76)=$S$8,(H76&"."&I76)=$T$8,(H76&"."&I76)=$U$8,(H76&"."&I76)=$V$8,(H76&"."&I76)=$W$8),1,0))=1,"EKSTREM",IF((IF(OR((H76&"."&I76)=$R$9,(H76&"."&I76)=$S$9,(H76&"."&I76)=$T$9,(H76&"."&I76)=$U$9,(H76&"."&I76)=$V$9,(H76&"."&I76)=$W$9,(H76&"."&I76)=$X$9),1,0))=1,"TINGGI",IF((IF(OR((H76&"."&I76)=$R$10,(H76&"."&I76)=$S$10,(H76&"."&I76)=$T$10,(H76&"."&I76)=$U$10,(H76&"."&I76)=$V$10,(H76&"."&I76)=$W$10),1,0))=1,"MODERAT",IF((IF(OR((H76&"."&I76)=$R$11,(H76&"."&I76)=$S$11,(H76&"."&I76)=$T$11,(H76&"."&I76)=$U$11,(H76&"."&I76)=$V$11,(H76&"."&I76)=$W$11),1,0))=1,"RENDAH","-")))) -> MODERAT | K76: 0 | L76: Deskripsi temuan auditor mutu internal tentang indikator yang terkait | M76: Rekomendasi auditor mutu internal berkaitan dengan hasil temuan
C77: 4 | D77: UPPS memiliki bukti yang sahih terkait kerjasama yang ada telah memenuhi 3 aspek.
C78: 3 | D78: UPPS memiliki bukti yang sahih terkait kerjasama yang ada telah memenuhi aspek 1 dan 2.
C79: 2 | D79: UPPS memiliki bukti yang sahih terkait kerjasama yang ada telah memenuhi aspek 1.
C80: 1 | D80: UPPS tidak memiliki bukti pelaksanaan kerjasama.
C81: 0 | D81: Tidak ada Skor kurang dari 1.
C82: Skor | K82: =IF(OR(ISBLANK(K76),K76<0,K76>4),0,K76) -> 0
A84: 9 | C84: A. Kerjasama perguruan tinggi di bidang pendidikan, penelitian dan PkM dalam 3 tahun terakhir. | E84: (1)Perjanjian kerjasama atau MoU dalam bidang pembelajaran, penelitian dan PkM (2)Laporan pelaksanaan atau IA dalam bidang pembelajaran, penelitian dan PkM | F84: Deskripsi dan penjelasan tentang indikator yang terkait | G84: Deskripsi identifikasi risiko tentang indikator yang terkait | H84: E | I84: 1 | J84: =IF((IF(OR((H84&"."&I84)=$R$8,(H84&"."&I84)=$S$8,(H84&"."&I84)=$T$8,(H84&"."&I84)=$U$8,(H84&"."&I84)=$V$8,(H84&"."&I84)=$W$8),1,0))=1,"EKSTREM",IF((IF(OR((H84&"."&I84)=$R$9,(H84&"."&I84)=$S$9,(H84&"."&I84)=$T$9,(H84&"."&I84)=$U$9,(H84&"."&I84)=$V$9,(H84&"."&I84)=$W$9,(H84&"."&I84)=$X$9),1,0))=1,"TINGGI",IF((IF(OR((H84&"."&I84)=$R$10,(H84&"."&I84)=$S$10,(H84&"."&I84)=$T$10,(H84&"."&I84)=$U$10,(H84&"."&I84)=$V$10,(H84&"."&I84)=$W$10),1,0))=1,"MODERAT",IF((IF(OR((H84&"."&I84)=$R$11,(H84&"."&I84)=$S$11,(H84&"."&I84)=$T$11,(H84&"."&I84)=$U$11,(H84&"."&I84)=$V$11,(H84&"."&I84)=$W$11),1,0))=1,"RENDAH","-")))) -> MODERAT | L84: Deskripsi temuan auditor mutu internal tentang indikator yang terkait | M84: Rekomendasi auditor mutu internal berkaitan dengan hasil temuan
C85: N1 = Jumlah kerjasama pendidikan. | K85: ='Isian Prodi'!D688+'Isian Prodi'!G686+'Isian Prodi'!C24 -> 0
C86: N2 = Jumlah kerjasama penelitian. | K86: ='Isian Prodi'!D16+'Isian Prodi'!D20+'Isian Prodi'!D24 -> 0
C87: N3 = Jumlah kerjasama pengabdian kepada masyarakat. | K87: ='Isian Prodi'!E16+'Isian Prodi'!E20+'Isian Prodi'!E24 -> 0
C88: NDTPS = Jumlah dosen tetap yang ditugaskan sebagai pengampu mata kuliah dengan bidang keahlian yang sesuai dengan kompetensi inti program studi yang diakreditasi. | K88: ='Isian Prodi'!C59 -> 0
C89: RK = ((a x N1) + (b x N2) + (c x N3)) / NDTPS | K89: =IF(K88>0,(D90*K85+D91*K86+D92*K87)/K88,0) -> 0
C90: a = | D90: 3
C91: b = | D91: 2
C92: c = | D92: 1
C93: bRK = | D93: 4
C94: Skor A | K94: =IF(K89>=D93,4,K89) -> 0
C95: B. Kerjasama tingkat internasional, nasional, wilayah/lokal yang relevan dengan program studi dan dikelola oleh UPPS dalam 3 tahun terakhir.
C96: NI = Jumlah kerjasama tingkat internasional. | K96: ='Isian Prodi'!D688+'Isian Prodi'!D16+'Isian Prodi'!E16 -> 0
C97: NN = Jumlah kerjasama tingkat nasional. | K97: ='Isian Prodi'!G686+'Isian Prodi'!D20+'Isian Prodi'!E20 -> 0
C98: NW = Jumlah kerjasama tingkat wilayah/lokal. | K98: ='Isian Prodi'!C24+'Isian Prodi'!D24+'Isian Prodi'!E24 -> 0
C99: a = | D99: 2
C100: b = | D100: 6
C101: c = | D101: 9
D102: 4: NI ≥ a
D103: 3-4: NI < a DAN NN ≥ b
D104: 2-3: 0 < NI < a DAN 0 < NN < b
D105: 2: NI = 0 DAN NN = 0 DAN NW ≥ c
D106: 0-2: NI = 0 DAN NN = 0 DAN NW < c
C108: Skor B | K108: =IF(K96>=D99,4,IF(AND(K96<D99,K97>=D100),3+K96/D99,IF(OR(AND(K96>0,K96<D99,K97=0),AND(K97>0,K97<D100,K96=0),AND(K96>0,K96<D99,K97>0,K97<D100)),2+2*K96/D99+K97/D100-(K96*K97)/(D99*D100),IF(AND(K96=0,K97=0,K98>=D101),2,2*K98/D101)))) -> 0
C109: Skor = ((2 x A) + B) / 3 | K109: =(2*K94+K108)/3 -> 0
A111: 10 | C111: Pelampauan SN-DIKTI (indikator kinerja tambahan) yang ditetapkan oleh UPPS pada tiap kriteria. | E111: (1)Standar tambahan (2)Indikator kinerja tambahan (3)Laporan monev ketercapaian indikator kinerja tambahan | F111: Deskripsi dan penjelasan tentang indikator yang terkait | G111: Deskripsi identifikasi risiko tentang indikator yang terkait | H111: E | I111: 1 | J111: =IF((IF(OR((H111&"."&I111)=$R$8,(H111&"."&I111)=$S$8,(H111&"."&I111)=$T$8,(H111&"."&I111)=$U$8,(H111&"."&I111)=$V$8,(H111&"."&I111)=$W$8),1,0))=1,"EKSTREM",IF((IF(OR((H111&"."&I111)=$R$9,(H111&"."&I111)=$S$9,(H111&"."&I111)=$T$9,(H111&"."&I111)=$U$9,(H111&"."&I111)=$V$9,(H111&"."&I111)=$W$9,(H111&"."&I111)=$X$9),1,0))=1,"TINGGI",IF((IF(OR((H111&"."&I111)=$R$10,(H111&"."&I111)=$S$10,(H111&"."&I111)=$T$10,(H111&"."&I111)=$U$10,(H111&"."&I111)=$V$10,(H111&"."&I111)=$W$10),1,0))=1,"MODERAT",IF((IF(OR((H111&"."&I111)=$R$11,(H111&"."&I111)=$S$11,(H111&"."&I111)=$T$11,(H111&"."&I111)=$U$11,(H111&"."&I111)=$V$11,(H111&"."&I111)=$W$11),1,0))=1,"RENDAH","-")))) -> MODERAT | K111: 0 | L111: Deskripsi temuan auditor mutu internal tentang indikator yang terkait | M111: Rekomendasi auditor mutu internal berkaitan dengan hasil temuan
C112: 4 | D112: UPPS menetapkan indikator kinerja tambahan berdasarkan standar pendidikan tinggi yang ditetapkan perguruan tinggi. Indikator kinerja tambahan mencakup seluruh kriteria serta menunjukkan daya saing UPPS dan program studi di tingkat inernasional. Data indikator kinerja tambahan telah diukur, dimonitor, dikaji, dan dianalisis untuk perbaikan berkelanjutan.
...

Sheet Lap AK
B1: LAPORAN ASESMEN KECUKUPAN | H1: PENILAIAN ASESMEN KECUKUPAN
B2: AUDIT MUTU INTERNAL | H2: AUDIT MUTU INTERNAL
B3: ='Kertas Kerja'!A2 -> PROGRAM SARJANA | H3: =B3 -> PROGRAM SARJANA
B5: Penilaian Individual | H5: Nilai Asesmen Kecukupan | L5: =SUM(I13:I87) -> 47.477227 | O5: Peringkat | Q5: =IF(L8="TERPENUHI",IF((IF(L5>=361,"UNGGUL",IF(L5>=301,"BAIK SEKALI",IF(L5>=200,"BAIK","TIDAK TERAKREDITASI"))))="UNGGUL",IF(AND(F30>=3.5,F32>=3.5,F76>=3.5,F77>=3.5),"UNGGUL","BAIK SEKALI"),IF((IF(L5>=361,"UNGGUL",IF(L5>=301,"BAIK SEKALI",IF(L5>=200,"BAIK","TIDAK TERAKREDITASI"))))="BAIK SEKALI",IF(AND(F30>=3,F32>=3,F76>=3,F77>=3),"BAIK SEKALI","BAIK"),IF((IF(L5>=361,"UNGGUL",IF(L5>=301,"BAIK SEKALI",IF(L5>=200,"BAIK","TIDAK TERAKREDITASI"))))="BAIK","BAIK","-"))),"-") -> -
B7: Nama Program Studi | D7: ='Isian Prodi'!C5 -> Prodi A
B8: Nama Auditor Mutu Internal: | H8: Syarat Perlu Terakreditasi | L8: =IF(AND(K24="TERPENUHI",K29="TERPENUHI",K53="TERPENUHI"),"TERPENUHI","TIDAK TERPENUHI") -> TIDAK TERPENUHI
H9: Syarat Perlu Peringkat Unggul | L9: =IF(AND(M30="TERPENUHI",M32="TERPENUHI",M76="TERPENUHI",M77="TERPENUHI"),"TERPENUHI","TIDAK TERPENUHI") -> TIDAK TERPENUHI
B10: Tanggal Penilaian: | H10: Syarat Perlu Peringkat Baik Sekali | L10: =IF(AND(O30="TERPENUHI",O32="TERPENUHI",O76="TERPENUHI",O77="TERPENUHI"),"TERPENUHI","TIDAK TERPENUHI") -> TIDAK TERPENUHI
A12: NO. | B12: NO. | C12: KRITERIA/ELEMEN/INDIKATOR | D12: DESKRIPSI TEMUAN AUDITOR MUTU INTERNAL | E12: REKOMENDASI AUDITOR MUTU INTERNAL | F12: SKOR | H12: BOBOT | I12: SKOR x BOBOT | J12: SYARAT PERLU TERAKREDITASI | L12: SYARAT PERLU PERINGKAT UNGGUL | N12: SYARAT PERLU PERINGKAT BAIK SEKALI
A13: 1 | B13: ='Kertas Kerja'!A8 -> 1 | C13: A. Kondisi Eksternal Konsistensi dengan hasil analisis SWOT dan/atau analisis lain serta rencana pengembangan ke depan. | D13: ='Kertas Kerja'!L8 -> deskripsi test | E13: ='Kertas Kerja'!M8 -> rekomendasi test | F13: ='Kertas Kerja'!K14 -> 3 | H13: 1 | I13: =F13*H13 -> 3 | Q13: 1
A14: 2 | B14: =B13+1 -> 2 | C14: B. Profil Unit Pengelola Program Studi Keserbacakupan informasi dalam profil dan konsistensi antara profil dengan data dan informasi yang disampaikan pada masing-masing kriteria, serta menunjukkan iklim yang kondusif untuk pengembangan dan reputasi sebagai rujukan di bidang keilmuannya. | D14: ='Kertas Kerja'!L16 -> Deskripsi temuan auditor mutu internal tentang indikator yang terkait | E14: ='Kertas Kerja'!M16 -> Rekomendasi auditor mutu internal berkaitan dengan hasil temuan | F14: ='Kertas Kerja'!K22 -> 0 | H14: 1 | I14: =F14*H14 -> 0 | Q14: 2
A15: 3 | B15: =B14+1 -> 3 | C15: C. Kriteria C.1. Visi, Misi, Tujuan dan Strategi C.1.4. Indikator Kinerja Utama Kesesuaian Visi, Misi, Tujuan dan Strategi (VMTS) Unit Pengelola Program Studi (UPPS) terhadap VMTS Perguruan Tinggi (PT) dan visi keilmuan Program Studi (PS) yang dikelolanya. | D15: ='Kertas Kerja'!L24 -> Deskripsi temuan auditor mutu internal tentang indikator yang terkait | E15: ='Kertas Kerja'!M24 -> Rekomendasi auditor mutu internal berkaitan dengan hasil temuan | F15: ='Kertas Kerja'!K30 -> 0 | H15: 0.51111111 | I15: =F15*H15 -> 0 | Q15: 3
A16: 4 | B16: =B15+1 -> 4 | C16: Mekanisme dan keterlibatan pemangku kepentingan dalam penyusunan VMTS UPPS. | D16: ='Kertas Kerja'!L32 -> Deskripsi temuan auditor mutu internal tentang indikator yang terkait | E16: ='Kertas Kerja'!M32 -> Rekomendasi auditor mutu internal berkaitan dengan hasil temuan | F16: ='Kertas Kerja'!K38 -> 0 | H16: 1.0222222 | I16: =F16*H16 -> 0 | Q16: 4
A17: 5 | B17: =B16+1 -> 5 | C17: Strategi pencapaian tujuan disusun berdasarkan analisis yang sistematis, serta pada pelaksanaannya dilakukan pemantauan dan evaluasi yang ditindaklanjuti. | D17: ='Kertas Kerja'!L40 -> Deskripsi temuan auditor mutu internal tentang indikator yang terkait | E17: ='Kertas Kerja'!M40 -> Rekomendasi auditor mutu internal berkaitan dengan hasil temuan | F17: ='Kertas Kerja'!K46 -> 0 | H17: 1.5333333 | I17: =F17*H17 -> 0 | Q17: 5
A18: 6 | B18: =B17+1 -> 6 | C18: C.2. Tata Pamong, Tata Kelola dan Kerjasama C.2.4. Indikator Kinerja Utama C.2.4.a) Sistem Tata Pamong A. Kelengkapan struktur organisasi dan keefektifan penyelenggaraan organisasi. B. Perwujudan good governance dan pemenuhan lima pilar sistem tata pamong, yang mencakup: 1) Kredibel, 2) Transparan, 3) Akuntabel, 4) Bertanggung jawab, 5) Adil. | D18: ='Kertas Kerja'!L48 -> Deskripsi temuan auditor mutu internal tentang indikator yang terkait | E18: ='Kertas Kerja'!M48 -> Rekomendasi auditor mutu internal berkaitan dengan hasil temuan | F18: ='Kertas Kerja'!K60 -> 0 | H18: 0.34074074 | I18: =F18*H18 -> 0 | Q18: 6
A19: 7 | B19: =B18+1 -> 7 | C19: C.2.4.b) Kepemimpinan dan Kemampuan Manajerial A. Komitmen pimpinan UPPS. B. Kapabilitas pimpinan UPPS, mencakup aspek: 1) perencanaan, 2) pengorganisasian, 3) penempatan personel, 4) pelaksanaan, 5) pengendalian dan pengawasan, dan 6) pelaporan yang menjadi dasar tindak lanjut. | D19: ='Kertas Kerja'!L62 -> Deskripsi temuan auditor mutu internal tentang indikator yang terkait | E19: ='Kertas Kerja'!M62 -> Rekomendasi auditor mutu internal berkaitan dengan hasil temuan | F19: ='Kertas Kerja'!K74 -> 0 | H19: 0.34074074 | I19: =F19*H19 -> 0 | Q19: 7
A20: 8 | B20: =B19+1 -> 8 | C20: C.2.4.c) Kerjasama Mutu, manfaat, kepuasan dan keberlanjutan kerjasama pendidikan, penelitian dan PkM yang relevan dengan program studi. UPPS memiliki bukti yang sahih terkait kerjasama yang ada telah memenuhi 3 aspek berikut: 1) memberikan manfaat bagi program studi dalam pemenuhan proses pembelajaran, penelitian, PkM. 2) memberikan peningkatan kinerja tridharma dan fasilitas pendukung program studi. 3) memberikan kepuasan kepada mitra industri dan mitra kerjasama lainnya, serta menjamin keberlanjutan kerjasama dan hasilnya. | D20: ='Kertas Kerja'!L76 -> Deskripsi temuan auditor mutu internal tentang indikator yang terkait | E20: ='Kertas Kerja'!M76 -> Rekomendasi auditor mutu internal berkaitan dengan hasil temuan | F20: ='Kertas Kerja'!K82 -> 0 | H20: 0.68148148 | I20: =F20*H20 -> 0 | Q20: 8
A21: 9 | B21: =B20+1 -> 9 | C21: A. Kerjasama pendidikan, penelitian, dan PkM yang relevan dengan program studi dan dikelola oleh UPPS dalam 3 tahun terakhir. B. Kerjasama tingkat internasional, nasional, wilayah/lokal yang relevan dengan program studi dan dikelola oleh UPPS dalam 3 tahun terakhir. Tabel 1 LKPS | D21: ='Kertas Kerja'!L84 -> Deskripsi temuan auditor mutu internal tentang indikator yang terkait | E21: ='Kertas Kerja'!M84 -> Rekomendasi auditor mutu internal berkaitan dengan hasil temuan | F21: ='Kertas Kerja'!K109 -> 0 | H21: 0.34074074 | I21: =F21*H21 -> 0 | Q21: 9
A22: 10 | B22: =B21+1 -> 10 | C22: C.2.5 Indikator Kinerja Tambahan Pelampauan SN-DIKTI (indikator kinerja tambahan) yang ditetapkan oleh UPPS pada tiap kriteria. | D22: ='Kertas Kerja'!L111 -> Deskripsi temuan auditor mutu internal tentang indikator yang terkait | E22: ='Kertas Kerja'!M111 -> Rekomendasi auditor mutu internal berkaitan dengan hasil temuan | F22: ='Kertas Kerja'!K117 -> 0 | H22: 0.68148148 | I22: =F22*H22 -> 0 | Q22: 10
A23: 11 | B23: =B22+1 -> 11 | C23: C.2.6 Evaluasi Capaian Kinerja Analisis keberhasilan dan/atau ketidakberhasilan pencapaian kinerja UPPS yang telah ditetapkan di tiap kriteria memenuhi 2 aspek sebagai berikut: 1) capaian kinerja diukur dengan metoda yang tepat, dan hasilnya dianalisis serta dievaluasi, dan 2) analisis terhadap capaian kinerja mencakup identifikasi akar masalah, faktor pendukung keberhasilan dan faktor penghambat ketercapaian standard, dan deskripsi singkat tindak lanjut yang akan dilakukan. | D23: ='Kertas Kerja'!L119 -> Deskripsi temuan auditor mutu internal tentang indikator yang terkait | E23: ='Kertas Kerja'!M119 -> Rekomendasi auditor mutu internal berkaitan dengan hasil temuan | F23: ='Kertas Kerja'!K125 -> 0 | H23: 1.0222222 | I23: =F23*H23 -> 0 | Q23: 11
A24: 12 | B24: =B23+1 -> 12 | C24: C.2.7. Penjaminan Mutu Keterlaksanaan Sistem Penjaminan Mutu Internal (akademik dan nonakademik) yang dibuktikan dengan keberadaan 5 aspek: 1) dokumen legal pembentukan unsur pelaksana penjaminan mutu, 2) ketersediaan dokumen mutu: kebijakan SPMI, manual SPMI, standar SPMI, dan formulir SPMI, 3) terlaksananya siklus penjaminan mutu (siklus PPEPP), 4) bukti sahih efektivitas pelaksanaan penjaminan mutu, dan 5) memiliki external benchmarking dalam peningkatan mutu. | D24: ='Kertas Kerja'!L127 -> Deskripsi temuan auditor mutu internal tentang indikator yang terkait | E24: ='Kertas Kerja'!M127 -> Rekomendasi auditor mutu internal berkaitan dengan hasil temuan | F24: ='Kertas Kerja'!K133 -> 0 | H24: 1.362963 | I24: =F24*H24 -> 0 | J24: Skor min. = 2,0 | K24: =IF(F24>=2,"TERPENUHI","TIDAK TERPENUHI") -> TIDAK TERPENUHI | Q24: 12
A25: 13 | B25: =B24+1 -> 13 | C25: C.2.8. Kepuasan Pemangku Kepentingan Pengukuran kepuasan layanan manajemen terhadap para pemangku kepentingan: mahasiswa, dosen, tenaga kependidikan, lulusan, pengguna dan mitra yang memenuhi aspek-aspek berikut: 1) menggunakan instrumen kepuasan yang sahih, andal, mudah digunakan, 2) dilaksanakan secara berkala, serta datanya terekam secara komprehensif, 3) dianalisis dengan metode yang tepat serta bermanfaat untuk pengambilan keputusan, 4) tingkat kepuasan dan umpan balik ditindaklanjuti untuk perbaikan dan peningkatan mutu luaran secara berkala dan tersistem, 5) dilakukan review terhadap pelaksanaan pengukuran kepuasan dosen dan mahasiswa, serta 6) hasilnya dipublikasikan dan mudah diakses oleh dosen dan mahasiswa. | D25: ='Kertas Kerja'!L135 -> Deskripsi temuan auditor mutu internal tentang indikator yang terkait | E25: ='Kertas Kerja'!M135 -> Rekomendasi auditor mutu internal berkaitan dengan hasil temuan | F25: ='Kertas Kerja'!K141 -> 0 | H25: 1.362963 | I25: =F25*H25 -> 0 | Q25: 13
A26: 14 | B26: =B25+1 -> 14 | C26: C.3. Mahasiswa C.3.4. Indikator Kinerja Utama C.3.4.a) Kualitas Input Mahasiswa A. Metoda rekrutmen dan keketatan seleksi. Tabel 2.a LKPS | D26: ='Kertas Kerja'!L143 -> Deskripsi temuan auditor mutu internal tentang indikator yang terkait | E26: ='Kertas Kerja'!M143 -> Rekomendasi auditor mutu internal berkaitan dengan hasil temuan | F26: ='Kertas Kerja'!K157 -> 0 | H26: 4.6 | I26: =F26*H26 -> 0 | Q26: 14
A27: 15 | B27: =B26+1 -> 15 | C27: C.3.4.b) Daya Tarik Program Studi A. Peningkatan animo calon mahasiswa. Tabel 2.a LKPS B. Mahasiswa asing Tabel 2.b LKPS | D27: ='Kertas Kerja'!L159 -> Deskripsi temuan auditor mutu internal tentang indikator yang terkait | E27: ='Kertas Kerja'!M159 -> Rekomendasi auditor mutu internal berkaitan dengan hasil temuan | F27: ='Kertas Kerja'!K173 -> 0 | H27: 3.0666667 | I27: =F27*H27 -> 0 | Q27: 15
A28: 16 | B28: =B27+1 -> 16 | C28: C.3.4.c) Layanan Kemahasiswaan A. Ketersediaan layanan kemahasiswaan di bidang: 1) penalaran, minat dan bakat, 2) kesejahteraan (bimbingan dan konseling, layanan beasiswa, dan layanan kesehatan), dan 3) bimbingan karir dan kewirausahaan. B. Akses dan mutu layanan kemahasiswaan. | D28: ='Kertas Kerja'!L175 -> Deskripsi temuan auditor mutu internal tentang indikator yang terkait | E28: ='Kertas Kerja'!M175 -> Rekomendasi auditor mutu internal berkaitan dengan hasil temuan | F28: ='Kertas Kerja'!K187 -> 0 | H28: 1.5333333 | I28: =F28*H28 -> 0 | Q28: 16
A29: 17 | B29: =B28+1 -> 17 | C29: C.4. Sumber Daya Manusia C.4.4. Indikator Kinerja Utama C.4.4.a) Profil Dosen Kecukupan jumlah DTPS. Tabel 3.a.1) LKPS | D29: ='Kertas Kerja'!L189 -> Deskripsi temuan auditor mutu internal tentang indikator yang terkait | E29: ='Kertas Kerja'!M189 -> Rekomendasi auditor mutu internal berkaitan dengan hasil temuan | F29: ='Kertas Kerja'!K197 -> 0 | H29: 0.74343434 | I29: =F29*H29 -> 0 | J29: Skor min. = 2,0 | K29: =IF(F29>=2,"TERPENUHI","TIDAK TERPENUHI") -> TIDAK TERPENUHI | Q29: 17
A30: 18 | B30: =B29+1 -> 18 | C30: Kualifikasi akademik DTPS. Tabel 3.a.1) LKPS | D30: ='Kertas Kerja'!L199 -> Deskripsi temuan auditor mutu internal tentang indikator yang terkait | E30: ='Kertas Kerja'!M199 -> Rekomendasi auditor mutu internal berkaitan dengan hasil temuan | F30: ='Kertas Kerja'!K203 -> 2 | H30: 0.99124579 | I30: =F30*H30 -> 1.9824916 | L30: Skor min. = 3,5 | M30: =IF(F30>=3.5,"TERPENUHI","TIDAK TERPENUHI") -> TIDAK TERPENUHI | N30: Skor min. = 3,0 | O30: =IF(F30>=3,"TERPENUHI","TIDAK TERPENUHI") -> TIDAK TERPENUHI | Q30: 18
A31: 19 | B31: =B30+1 -> 19 | D31: ='[1]Kertas Kerja'!H204 -> 0 | F31: ='[1]Kertas Kerja'!E209 -> 0 | I31: =F31*H31 -> 0 | Q31: 19
A32: 20 | B32: =B30+1 -> 19 | C32: Jabatan akademik DTPS. Tabel 3.a.1) LKPS | D32: ='Kertas Kerja'!L205 -> Deskripsi temuan auditor mutu internal tentang indikator yang terkait | E32: ='Kertas Kerja'!M205 -> Rekomendasi auditor mutu internal berkaitan dengan hasil temuan | F32: ='Kertas Kerja'!K211 -> 2 | H32: 0.4956229 | I32: =F32*H32 -> 0.99124579 | L32: Skor min. = 3,5 | M32: =IF(F32>=3.5,"TERPENUHI","TIDAK TERPENUHI") -> TIDAK TERPENUHI | N32: Skor min. = 3,0 | O32: =IF(F32>=3,"TERPENUHI","TIDAK TERPENUHI") -> TIDAK TERPENUHI | Q32: 20
A33: 21 | B33: =B32+1 -> 20 | C33: Rasio jumlah mahasiswa program studi terhadap jumlah DTPS. Tabel 2.a LKPS Tabel 3.a.1) LKPS | D33: ='Kertas Kerja'!L219 -> Deskripsi temuan auditor mutu internal tentang indikator yang terkait | E33: ='Kertas Kerja'!M219 -> Rekomendasi auditor mutu internal berkaitan dengan hasil temuan | F33: ='Kertas Kerja'!K226 -> 0 | H33: 0.4956229 | I33: =F33*H33 -> 0 | Q33: 21
A34: 22 | B34: =B33+1 -> 21 | C34: Penugasan DTPS sebagai pembimbing utama tugas akhir mahasiswa. Tabel 3.a.2) LKPS | D34: ='Kertas Kerja'!L228 -> Deskripsi temuan auditor mutu internal tentang indikator yang terkait | E34: ='Kertas Kerja'!M228 -> Rekomendasi auditor mutu internal berkaitan dengan hasil temuan | F34: ='Kertas Kerja'!K232 -> 4 | H34: 0.99124579 | I34: =F34*H34 -> 3.9649832 | Q34: 22
A35: 23 | B35: =B34+1 -> 22 | C35: Ekuivalensi Waktu Mengajar Penuh DTPS. Tabel 3.a.3) LKPS | D35: ='Kertas Kerja'!L234 -> Deskripsi temuan auditor mutu internal tentang indikator yang terkait | E35: ='Kertas Kerja'!M234 -> Rekomendasi auditor mutu internal berkaitan dengan hasil temuan | F35: ='Kertas Kerja'!K236 -> 0 | H35: 0.24781145 | I35: =F35*H35 -> 0 | Q35: 23
A36: 24 | B36: =B35+1 -> 23 | C36: Dosen tidak tetap. Tabel 3.a.4) LKPS | D36: ='Kertas Kerja'!L238 -> Deskripsi temuan auditor mutu internal tentang indikator yang terkait | E36: ='Kertas Kerja'!M238 -> Rekomendasi auditor mutu internal berkaitan dengan hasil temuan | F36: ='Kertas Kerja'!K242 -> 4 | H36: 0.4956229 | I36: =F36*H36 -> 1.9824916 | Q36: 24
A37: 25 | B37: =B36+1 -> 24 | D37: ='[1]Kertas Kerja'!H267 -> 0 | F37: ='[1]Kertas Kerja'!E272 -> 0 | I37: =F37*H37 -> 0 | Q37: 25
A38: 26 | B38: =B36+1 -> 24 | C38: C.4.4.b) Kinerja Dosen Pengakuan/rekognisi atas kepakaran/prestasi/kinerja DTPS. Tabel 3.b.1) LKPS | D38: ='Kertas Kerja'!L244 -> Deskripsi temuan auditor mutu internal tentang indikator yang terkait | E38: ='Kertas Kerja'!M244 -> Rekomendasi auditor mutu internal berkaitan dengan hasil temuan | F38: ='Kertas Kerja'!K248 -> 2 | H38: 0.81101928 | I38: =F38*H38 -> 1.6220386 | Q38: 26
A39: 27 | B39: =B38+1 -> 25 | C39: Kegiatan penelitian DTPS yang relevan dengan bidang program studi dalam 3 tahun terakhir. Tabel 3.b.2) LKPS | D39: ='Kertas Kerja'!L250 -> Deskripsi temuan auditor mutu internal tentang indikator yang terkait | E39: ='Kertas Kerja'!M250 -> Rekomendasi auditor mutu internal berkaitan dengan hasil temuan | F39: ='Kertas Kerja'!K266 -> 0 | H39: 0.81101928 | I39: =F39*H39 -> 0 | Q39: 27
A40: 28 | B40: =B39+1 -> 26 | C40: Kegiatan PkM DTPS yang relevan dengan bidang program studi dalam 3 tahun terakhir. Tabel 3.b.3) LKPS | D40: ='Kertas Kerja'!L268 -> Deskripsi temuan auditor mutu internal tentang indikator yang terkait | E40: ='Kertas Kerja'!M268 -> Rekomendasi auditor mutu internal berkaitan dengan hasil temuan | F40: ='Kertas Kerja'!K284 -> 0 | H40: 0.40550964 | I40: =F40*H40 -> 0 | Q40: 28
A41: 29 | B41: =B40+1 -> 27 | C41: Publikasi ilmiah dengan tema yang relevan dengan bidang program studi yang dihasilkan DTPS dalam 3 tahun terakhir. Tabel 3.b.4) LKPS | D41: ='Kertas Kerja'!L286 -> Deskripsi temuan auditor mutu internal tentang indikator yang terkait | E41: ='Kertas Kerja'!M286 -> Rekomendasi auditor mutu internal berkaitan dengan hasil temuan | F41: ='Kertas Kerja'!K309 -> 0 | H41: 0.81101928 | I41: =F41*H41 -> 0 | Q41: 29
A42: 30 | B42: =B41+1 -> 28 | C42: Artikel karya ilmiah DTPS yang disitasi dalam 3 tahun terakhir. Tabel 3.b.5) LKPS | D42: ='Kertas Kerja'!L311 -> Deskripsi temuan auditor mutu internal tentang indikator yang terkait | E42: ='Kertas Kerja'!M311 -> Rekomendasi auditor mutu internal berkaitan dengan hasil temuan | F42: ='Kertas Kerja'!K316 -> 2 | H42: 0.81101928 | I42: =F42*H42 -> 1.6220386 | Q42: 30
A43: 31 | B43: =B42+1 -> 29 | D43: ='[1]Kertas Kerja'!H349 -> 0 | F43: ='[1]Kertas Kerja'!E354 -> 0 | I43: =F43*H43 -> 0 | Q43: 31
A44: 32 | B44: =B42+1 -> 29 | C44: Luaran penelitian dan PkM yang dihasilkan DTPS dalam 3 tahun terakhir. Tabel 3.b.7) LKPS | D44: ='Kertas Kerja'!L318 -> Deskripsi temuan auditor mutu internal tentang indikator yang terkait | E44: ='Kertas Kerja'!M318 -> Rekomendasi auditor mutu internal berkaitan dengan hasil temuan | F44: ='Kertas Kerja'!K326 -> 2 | H44: 0.81101928 | I44: =F44*H44 -> 1.6220386 | Q44: 32
A45: 33 | B45: =B44+1 -> 30 | C45: C.4.4.c) Pengembangan Dosen Upaya pengembangan dosen. | D45: ='Kertas Kerja'!L328 -> Deskripsi temuan auditor mutu internal tentang indikator yang terkait | E45: ='Kertas Kerja'!M328 -> Rekomendasi auditor mutu internal berkaitan dengan hasil temuan | F45: ='Kertas Kerja'!K335 -> 0 | H45: 2.230303 | I45: =F45*H45 -> 0 | Q45: 33
A46: 34 | B46: =B45+1 -> 31 | C46: C.4.4.d) Tenaga Kependidikan A. Kualifikasi dan kecukupan tenaga kependidikan berdasarkan jenis pekerjaannya (administrasi, pustakawan, teknisi, dll.) B. Kualifikasi dan kecukupan laboran untuk mendukung proses pembelajaran sesuai dengan kebutuhan program studi. | D46: ='Kertas Kerja'!L337 -> Deskripsi temuan auditor mutu internal tentang indikator yang terkait | E46: ='Kertas Kerja'!M337 -> Rekomendasi auditor mutu internal berkaitan dengan hasil temuan | F46: ='Kertas Kerja'!K349 -> 0 | H46: 1.1151515 | I46: =F46*H46 -> 0 | Q46: 34
A47: 35 | B47: =B46+1 -> 32 | C47: C.5. Keuangan, Sarana dan Prasarana C.5.4. Indikator Kinerja Utama C.5.4.a) Keuangan Biaya operasional pendidikan. Tabel 4 LKPS | D47: ='Kertas Kerja'!L375 -> Deskripsi temuan auditor mutu internal tentang indikator yang terkait | E47: ='Kertas Kerja'!M375 -> Rekomendasi auditor mutu internal berkaitan dengan hasil temuan | F47: ='Kertas Kerja'!K379 -> 0 | H47: 0.76666667 | I47: =F47*H47 -> 0 | Q47: 35
A48: 36 | B48: =B47+1 -> 33 | C48: Dana penelitian DTPS. Tabel 4 LKPS | D48: ='Kertas Kerja'!L381 -> Deskripsi temuan auditor mutu internal tentang indikator yang terkait | E48: ='Kertas Kerja'!M381 -> Rekomendasi auditor mutu internal berkaitan dengan hasil temuan | F48: ='Kertas Kerja'!K385 -> 0 | H48: 0.76666667 | I48: =F48*H48 -> 0 | Q48: 36
A49: 37 | B49: =B48+1 -> 34 | C49: Dana pengabdian kepada masyarakat DTPS. Tabel 4 LKPS | D49: ='Kertas Kerja'!L387 -> Deskripsi temuan auditor mutu internal tentang indikator yang terkait | E49: ='Kertas Kerja'!M387 -> Rekomendasi auditor mutu internal berkaitan dengan hasil temuan | F49: ='Kertas Kerja'!K391 -> 0 | H49: 0.38333333 | I49: =F49*H49 -> 0 | Q49: 37
A50: 38 | B50: =B49+1 -> 35 | C50: Realisasi investasi (SDM, sarana dan prasarana) yang mendukung penyelenggaraan tridharma. | D50: ='Kertas Kerja'!L393 -> Deskripsi temuan auditor mutu internal tentang indikator yang terkait | E50: ='Kertas Kerja'!M393 -> Rekomendasi auditor mutu internal berkaitan dengan hasil temuan | F50: ='Kertas Kerja'!K400 -> 0 | H50: 0.38333333 | I50: =F50*H50 -> 0 | Q50: 38
A51: 39 | B51: =B50+1 -> 36 | C51: Kecukupan dana untuk menjamin pencapaian capaian pembelajaran. | D51: ='Kertas Kerja'!L402 -> Deskripsi temuan auditor mutu internal tentang indikator yang terkait | E51: ='Kertas Kerja'!M402 -> Rekomendasi auditor mutu internal berkaitan dengan hasil temuan | F51: ='Kertas Kerja'!K408 -> 0 | H51: 0.76666667 | I51: =F51*H51 -> 0 | Q51: 39
A52: 40 | B52: =B51+1 -> 37 | C52: C.5.4.b) Sarana dan Prasarana Kecukupan, aksesibilitas dan mutu sarana dan prasarana untuk menjamin pencapaian capaian pembelajaran dan meningkatkan suasana akademik. | D52: ='Kertas Kerja'!L410 -> Deskripsi temuan auditor mutu internal tentang indikator yang terkait | E52: ='Kertas Kerja'!M410 -> Rekomendasi auditor mutu internal berkaitan dengan hasil temuan | F52: ='Kertas Kerja'!K416 -> 0 | H52: 3.0666667 | I52: =F52*H52 -> 0 | Q52: 40
A53: 41 | B53: =B52+1 -> 38 | C53: C.6. Pendidikan C.6.4. Indikator Kinerja Utama C.6.4.a) Kurikulum A. Keterlibatan pemangku kepentingan dalam proses evaluasi dan pemutakhiran kurikulum. B. Kesesuaian capaian pembelajaran dengan profil lulusan dan jenjang KKNI/SKKNI. C. Ketepatan struktur kurikulum dalam pembentukan capaian pembelajaran. | D53: ='Kertas Kerja'!L458 -> Deskripsi temuan auditor mutu internal tentang indikator yang terkait | E53: ='Kertas Kerja'!M458 -> Rekomendasi auditor mutu internal berkaitan dengan hasil temuan | F53: ='Kertas Kerja'!K476 -> 0 | H53: 2.5090909 | I53: =F53*H53 -> 0 | J53: Skor min. = 2,0 | K53: =IF(F53>=2,"TERPENUHI","TIDAK TERPENUHI") -> TIDAK TERPENUHI | Q53: 41
A54: 42 | B54: =B53+1 -> 39 | C54: C.6.4.b) Karakteristik Proses Pembelajaran Pemenuhan karakteristik proses pembelajaran, yang terdiri atas sifat: 1) interaktif, 2) holistik, 3) integratif, 4) saintifik, 5) kontekstual, 6) tematik, 7) efektif, 8) kolaboratif, dan 9) berpusat pada mahasiswa. | D54: ='Kertas Kerja'!L478 -> Deskripsi temuan auditor mutu internal tentang indikator yang terkait | E54: ='Kertas Kerja'!M478 -> Rekomendasi auditor mutu internal berkaitan dengan hasil temuan | F54: ='Kertas Kerja'!K484 -> 0 | H54: 0.83636364 | I54: =F54*H54 -> 0 | Q54: 42
A55: 43 | B55: =B54+1 -> 40 | C55: C.6.4.c) Rencana Proses Pembelajaran A. Ketersediaan dan kelengkapan dokumen rencana pembelajaran semester (RPS). B. Kedalaman dan keluasan RPS sesuai dengan capaian pembelajaran lulusan. | D55: ='Kertas Kerja'!L486 -> Deskripsi temuan auditor mutu internal tentang indikator yang terkait | E55: ='Kertas Kerja'!M486 -> Rekomendasi auditor mutu internal berkaitan dengan hasil temuan | F55: ='Kertas Kerja'!K498 -> 0 | H55: 1.6727273 | I55: =F55*H55 -> 0 | Q55: 43
A56: 44 | B56: =B55+1 -> 41 | C56: C.6.4.d) Pelaksanaan Proses Pembelajaran A. Bentuk interaksi antara dosen, mahasiswa dan sumber belajar. B. Pemantauan kesesuaian proses terhadap rencana pembelajaran. C. Proses pembelajaran yang terkait dengan penelitian harus mengacu SN Dikti Penelitian: 1) hasil penelitian: harus memenuhi pengembangan IPTEKS, meningkatkan kesejahteraan masyarakat, dan daya saing bangsa. 2) isi penelitian: memenuhi kedalaman dan keluasan materi penelitian sesuai capaian pembelajaran. 3) proses penelitian: mencakup perencanaan, pelaksanaan, dan pelaporan. 4) penilaian penelitian memenuhi unsur edukatif, obyektif, akuntabel, dan transparan. D. Proses pembelajaran yang terkait dengan PkM harus mengacu SN Dikti PkM: 1) hasil PkM: harus memenuhi pengembangan IPTEKS, meningkatkan kesejahteraan masyarakat, dan daya saing bangsa. 2) isi PkM: memenuhi kedalaman dan keluasan materi PkM sesuai capaian pembelajaran. 3) proses PkM: mencakup perencanaan, pelaksanaan, dan pelaporan. 4) penilaian PkM memenuhi unsur edukatif, obyektif, akuntabel, dan transparan. E. Kesesuaian metode pembelajaran dengan capaian pembelajaran. Contoh: RBE (research based education), IBE (industry based education), teaching factory/teaching industry, dll. | D56: ='Kertas Kerja'!L500 -> Deskripsi temuan auditor mutu internal tentang indikator yang terkait | E56: ='Kertas Kerja'!M500 -> Rekomendasi auditor mutu internal berkaitan dengan hasil temuan | F56: ='Kertas Kerja'!K530 -> 0 | H56: 1.1151515 | I56: =F56*H56 -> 0 | Q56: 44
A57: 45 | B57: =B56+1 -> 42 | C57: Pembelajaran yang dilaksanakan dalam bentuk praktikum, praktik studio, praktik bengkel, atau praktik lapangan. Tabel 5.a LKPS | D57: ='Kertas Kerja'!L532 -> Deskripsi temuan auditor mutu internal tentang indikator yang terkait | E57: ='Kertas Kerja'!M532 -> Rekomendasi auditor mutu internal berkaitan dengan hasil temuan | F57: ='Kertas Kerja'!K536 -> 0 | H57: 0.55757576 | I57: =F57*H57 -> 0 | Q57: 45
A58: 46 | B58: =B57+1 -> 43 | C58: C.6.4.e) Monitoring dan Evaluasi Proses Pembelajaran Monitoring dan evaluasi pelaksanaan proses pembelajaran mencakup karakteristik, perencanaan, pelaksanaan, proses pembelajaran dan beban belajar mahasiswa untuk memperoleh capaian pembelajaran lulusan. | D58: ='Kertas Kerja'!L538 -> Deskripsi temuan auditor mutu internal tentang indikator yang terkait | E58: ='Kertas Kerja'!M538 -> Rekomendasi auditor mutu internal berkaitan dengan hasil temuan | F58: ='Kertas Kerja'!K544 -> 0 | H58: 2.5090909 | I58: =F58*H58 -> 0 | Q58: 46
A59: 47 | B59: =B58+1 -> 44 | C59: C.6.4.f) Penilaian Pembelajaran A. Mutu pelaksanaan penilaian pembelajaran (proses dan hasil belajar mahasiswa) untuk mengukur ketercapaian capaian pembelajaran berdasarkan prinsip penilaian yang mencakup:1) edukatif, 2) otentik, 3) objektif, 4) akuntabel, dan 5) transparan, yang dilakukan secara terintegrasi. B. Pelaksanaan penilaian terdiri atas teknik dan instrumen penilaian. Teknik penilaian terdiri dari: 1) observasi, 2) partisipasi, 3) unjuk kerja, 4) test tertulis, 5) test lisan, dan 6) angket. Instrumen penilaian terdiri dari: 1) penilaian proses dalam bentuk rubrik, dan/ atau, 2) penilaian hasil dalam bentuk portofolio, atau 3) karya disain. C. Pelaksanaan penilaian memuat unsur-unsur sebagai berikut: 1) mempunyai kontrak rencana penilaian, 2) melaksanakan penilaian sesuai kontrak atau kesepakatan, 3) memberikan umpan balik dan memberi kesempatan untuk mempertanyakan hasil kepada mahasiswa, 4) mempunyai dokumentasi penilaian proses dan hasil belajar mahasiswa, 5) mempunyai prosedur yang mencakup tahap perencanaan, kegiatan pemberian tugas atau soal, observasi kinerja, pengembalian hasil observasi, dan pemberian nilai akhir, 6) pelaporan penilaian berupa kualifikasi keberhasilan mahasiswa dalam menempuh suatu mata kuliah dalam bentuk huruf dan angka, 7) mempunyai bukti-bukti rencana dan telah melakukan proses perbaikan berdasar hasil monev penilaian. | D59: ='Kertas Kerja'!L546 -> Deskripsi temuan auditor mutu internal tentang indikator yang terkait | E59: ='Kertas Kerja'!M546 -> Rekomendasi auditor mutu internal berkaitan dengan hasil temuan | F59: ='Kertas Kerja'!K564 -> 0 | H59: 1.6727273 | I59: =F59*H59 -> 0 | Q59: 47
A60: 48 | B60: =B59+1 -> 45 | C60: C.6.4.g) Integrasi kegiatan penelitian dan PkM dalam pembelajaran Integrasi kegiatan penelitian dan PkM dalam pembelajaran oleh DTPS dalam 3 tahun terakhir. Tabel 5.b LKPS | D60: ='Kertas Kerja'!L566 -> Deskripsi temuan auditor mutu internal tentang indikator yang terkait | E60: ='Kertas Kerja'!M566 -> Rekomendasi auditor mutu internal berkaitan dengan hasil temuan | F60: ='Kertas Kerja'!K568 -> 2 | H60: 1.6727273 | I60: =F60*H60 -> 3.3454545 | Q60: 48
A61: 49 | B61: =B60+1 -> 46 | C61: C.6.4.h) Suasana Akademik Keterlaksanaan dan keberkalaan program dan kegiatan diluar kegiatan pembelajaran terstruktur untuk meningkatkan suasana akademik. Contoh: kegiatan himpunan mahasiswa, kuliah umum/studium generale, seminar ilmiah, bedah buku. | D61: ='Kertas Kerja'!L570 -> Deskripsi temuan auditor mutu internal tentang indikator yang terkait | E61: ='Kertas Kerja'!M570 -> Rekomendasi auditor mutu internal berkaitan dengan hasil temuan | F61: ='Kertas Kerja'!K576 -> 0 | H61: 2.5090909 | I61: =F61*H61 -> 0 | Q61: 49
A62: 50 | B62: =B61+1 -> 47 | C62: C.6.4.i) Kepuasan Mahasiswa A. Tingkat kepuasan mahasiswa terhadap proses pendidikan. Tabel 5.c LKPS B. Analisis dan tindak lanjut dari hasil pengukuran kepuasan mahasiswa. | D62: ='Kertas Kerja'!L578 -> Deskripsi temuan auditor mutu internal tentang indikator yang terkait | E62: ='Kertas Kerja'!M578 -> Rekomendasi auditor mutu internal berkaitan dengan hasil temuan | F62: ='Kertas Kerja'!K588 -> 0 | H62: 3.3454545 | I62: =F62*H62 -> 0 | Q62: 50
A63: 51 | B63: =B62+1 -> 48 | C63: C.7. Penelitian C.7.4. Indikator Kinerja Utama C.7.4.a) Relevansi Penelitian Relevansi penelitian pada UPPS mencakup unsur-unsur sebagai berikut: 1) memiliki peta jalan yang memayungi tema penelitian dosen dan mahasiswa, 2) dosen dan mahasiswa melaksanakan penelitian sesuai dengan agenda penelitian dosen yang merujuk kepada peta jalan penelitian, 3) melakukan evaluasi kesesuaian penelitian dosen dan mahasiswa dengan peta jalan, dan 4) menggunakan hasil evaluasi untuk perbaikan relevansi penelitian dan pengembangan keilmuan program studi. | D63: ='Kertas Kerja'!L590 -> Deskripsi temuan auditor mutu internal tentang indikator yang terkait | E63: ='Kertas Kerja'!M590 -> Rekomendasi auditor mutu internal berkaitan dengan hasil temuan | F63: ='Kertas Kerja'!K596 -> 0 | H63: 1.5333333 | I63: =F63*H63 -> 0 | Q63: 51
A64: 52 | B64: =B63+1 -> 49 | C64: C.7.4.b) Penelitian Dosen dan Mahasiswa Penelitian DTPS yang dalam pelaksanaannya melibatkan mahasiswa program studi dalam 3 tahun terakhir. Tabel 6.a LKPS | D64: ='Kertas Kerja'!L614 -> Deskripsi temuan auditor mutu internal tentang indikator yang terkait | E64: ='Kertas Kerja'!M614 -> Rekomendasi auditor mutu internal berkaitan dengan hasil temuan | F64: ='Kertas Kerja'!K616 -> 2 | H64: 3.0666667 | I64: =F64*H64 -> 6.1333333 | Q64: 52
A65: 53 | B65: =B64+1 -> 50 | D65: ='[1]Kertas Kerja'!H626 -> 0 | F65: ='[1]Kertas Kerja'!E631 -> 0 | I65: =F65*H65 -> 0 | Q65: 53
A66: 54 | B66: =B64+1 -> 50 | C66: C.8. Pengabdian kepada Masyarakat C.8.4. Indikator Kinerja Utama C.8.4.a) Relevansi PkM Relevansi PkM pada UPPS mencakup unsur-unsur sebagai berikut: 1) memiliki peta jalan yang memayungi tema PkM dosen dan mahasiswa serta hilirisasi/penerapan keilmuan program studi, 2) dosen dan mahasiswa melaksanakan PkM sesuai dengan peta jalan PkM, 3) melakukan evaluasi kesesuaian PkM dosen dan mahasiswa dengan peta jalan, dan 4) menggunakan hasil evaluasi untuk perbaikan relevansi PkM dan pengembangan keilmuan program studi. | D66: ='Kertas Kerja'!L642 -> Deskripsi temuan auditor mutu internal tentang indikator yang terkait | E66: ='Kertas Kerja'!M642 -> Rekomendasi auditor mutu internal berkaitan dengan hasil temuan | F66: ='Kertas Kerja'!K648 -> 0 | H66: 0.51111111 | I66: =F66*H66 -> 0 | Q66: 54
A67: 55 | B67: =B66+1 -> 51 | C67: C.8.4.b) PkM Dosen dan Mahasiswa PkM DTPS yang dalam pelaksanaannya melibatkan mahasiswa program studi dalam 3 tahun terakhir. Tabel 7 LKPS | D67: ='Kertas Kerja'!L658 -> Deskripsi temuan auditor mutu internal tentang indikator yang terkait | E67: ='Kertas Kerja'!M658 -> Rekomendasi auditor mutu internal berkaitan dengan hasil temuan | F67: ='Kertas Kerja'!K660 -> 2 | H67: 1.0222222 | I67: =F67*H67 -> 2.0444444 | Q67: 55
A68: 56 | B68: =B67+1 -> 52 | C68: C.9. Luaran dan Capaian Tridharma C.9.4. Indikator Kinerja Utama C.9.4.a) Luaran Dharma Pendidikan Analisis pemenuhan capaian pembelajaran lulusan (CPL) yang diukur dengan metoda yang sahih dan relevan, mencakup aspek: 1) keserbacakupan, 2) kedalaman, dan 3) kebermanfaatan analisis yang ditunjukkan dengan peningkatan CPL dari waktu ke waktu dalam 3 tahun terakhir. | D68: ='Kertas Kerja'!L662 -> Deskripsi temuan auditor mutu internal tentang indikator yang terkait | E68: ='Kertas Kerja'!M662 -> Rekomendasi auditor mutu internal berkaitan dengan hasil temuan | F68: ='Kertas Kerja'!K668 -> 0 | H68: 1.9166667 | I68: =F68*H68 -> 0 | Q68: 56
A69: 57 | B69: =B68+1 -> 53 | C69: IPK lulusan. Tabel 8.a LKPS | D69: ='Kertas Kerja'!L670 -> Deskripsi temuan auditor mutu internal tentang indikator yang terkait | E69: ='Kertas Kerja'!M670 -> Rekomendasi auditor mutu internal berkaitan dengan hasil temuan | F69: ='Kertas Kerja'!K680 -> 2 | H69: 1.9166667 | I69: =F69*H69 -> 3.8333333 | Q69: 57
A70: 58 | B70: =B69+1 -> 54 | C70: Prestasi mahasiswa di bidang akademik dalam 3 tahun terakhir. Tabel 8.b.1) LKPS | D70: ='Kertas Kerja'!L682 -> Deskripsi temuan auditor mutu internal tentang indikator yang terkait | E70: ='Kertas Kerja'!M682 -> Rekomendasi auditor mutu internal berkaitan dengan hasil temuan | F70: ='Kertas Kerja'!K693 -> 0 | H70: 2.875 | I70: =F70*H70 -> 0 | Q70: 58
A71: 59 | B71: =B70+1 -> 55 | C71: Prestasi mahasiswa di bidang nonakademik dalam 3 tahun terakhir. Tabel 8.b.2) LKPS | D71: ='Kertas Kerja'!L695 -> Deskripsi temuan auditor mutu internal tentang indikator yang terkait | E71: ='Kertas Kerja'!M695 -> Rekomendasi auditor mutu internal berkaitan dengan hasil temuan | F71: ='Kertas Kerja'!K706 -> 0 | H71: 0.95833333 | I71: =F71*H71 -> 0 | Q71: 59
A72: 60 | B72: =B71+1 -> 56 | C72: Masa studi. Tabel 8.c LKPS | D72: ='Kertas Kerja'!L708 -> Deskripsi temuan auditor mutu internal tentang indikator yang terkait | E72: ='Kertas Kerja'!M708 -> Rekomendasi auditor mutu internal berkaitan dengan hasil temuan | F72: ='Kertas Kerja'!K720 -> 0 | H72: 1.9166667 | I72: =F72*H72 -> 0 | Q72: 60
A73: 61 | B73: =B72+1 -> 57 | C73: Kelulusan tepat waktu. Tabel 8.c LKPS | D73: ='Kertas Kerja'!L722 -> Deskripsi temuan auditor mutu internal tentang indikator yang terkait | E73: ='Kertas Kerja'!M722 -> Rekomendasi auditor mutu internal berkaitan dengan hasil temuan | F73: ='Kertas Kerja'!K732 -> 1 | H73: 1.9166667 | I73: =F73*H73 -> 1.9166667 | Q73: 61
A74: 62 | B74: =B73+1 -> 58 | C74: Keberhasilan studi. Tabel 8.c LKPS | D74: ='Kertas Kerja'!L734 -> Deskripsi temuan auditor mutu internal tentang indikator yang terkait | E74: ='Kertas Kerja'!M734 -> Rekomendasi auditor mutu internal berkaitan dengan hasil temuan | F74: ='Kertas Kerja'!K743 -> 0 | H74: 1.9166667 | I74: =F74*H74 -> 0 | Q74: 62
A75: 63 | B75: =B74+1 -> 59 | C75: Pelaksanaan tracer study yang mencakup 5 aspek sebagai berikut: 1) pelaksanaan tracer study terkoordinasi di tingkat PT, 2) kegiatan tracer study dilakukan secara reguler setiap tahun dan terdokumentasi, 3) isi kuesioner mencakup seluruh pertanyaan inti tracer study DIKTI, 4) ditargetkan pada seluruh populasi (lulusan TS-4 s.d. TS-2), dan 5) hasilnya disosialisasikan dan digunakan untuk pengembangan kurikulum dan pembelajaran. | D75: ='Kertas Kerja'!L745 -> Deskripsi temuan auditor mutu internal tentang indikator yang terkait | E75: ='Kertas Kerja'!M745 -> Rekomendasi auditor mutu internal berkaitan dengan hasil temuan | F75: ='Kertas Kerja'!K751 -> 0 | H75: 2.875 | I75: =F75*H75 -> 0 | Q75: 63
A76: 64 | B76: =B75+1 -> 60 | C76: Waktu tunggu. Tabel 8.d.1) LKPS | D76: ='Kertas Kerja'!L753 -> Deskripsi temuan auditor mutu internal tentang indikator yang terkait | E76: ='Kertas Kerja'!M753 -> Rekomendasi auditor mutu internal berkaitan dengan hasil temuan | F76: ='Kertas Kerja'!K780 -> 4 | H76: 2.875 | I76: =F76*H76 -> 11.5 | L76: Skor min. = 3,5 | M76: =IF(F76>=3.5,"TERPENUHI","TIDAK TERPENUHI") -> TERPENUHI | N76: Skor min. = 3,0 | O76: =IF(F76>=3,"TERPENUHI","TIDAK TERPENUHI") -> TERPENUHI | Q76: 64
A77: 65 | B77: =B76+1 -> 61 | C77: Kesesuaian bidang kerja. Tabel 8.d.2) LKPS | D77: ='Kertas Kerja'!L782 -> Deskripsi temuan auditor mutu internal tentang indikator yang terkait | E77: ='Kertas Kerja'!M782 -> Rekomendasi auditor mutu internal berkaitan dengan hasil temuan | F77: ='Kertas Kerja'!K807 -> 0 | H77: 1.9166667 | I77: =F77*H77 -> 0 | L77: Skor min. = 3,5 | M77: =IF(F77>=3.5,"TERPENUHI","TIDAK TERPENUHI") -> TIDAK TERPENUHI | N77: Skor min. = 3,0 | O77: =IF(F77>=3,"TERPENUHI","TIDAK TERPENUHI") -> TIDAK TERPENUHI | Q77: 65
A78: 66 | B78: =B77+1 -> 62 | C78: Tingkat dan ukuran tempat kerja lulusan. Tabel 8.e.1) LKPS | D78: ='Kertas Kerja'!L809 -> Deskripsi temuan auditor mutu internal tentang indikator yang terkait | E78: ='Kertas Kerja'!M809 -> Rekomendasi auditor mutu internal berkaitan dengan hasil temuan | F78: ='Kertas Kerja'!K840 -> 0 | H78: 1.9166667 | I78: =F78*H78 -> 0 | Q78: 66
A79: 67 | B79: =B78+1 -> 63 | C79: Tingkat kepuasan pengguna lulusan. Tabel 8.e.2) LKPS | D79: ='Kertas Kerja'!L842 -> Deskripsi temuan auditor mutu internal tentang indikator yang terkait | E79: ='Kertas Kerja'!M842 -> Rekomendasi auditor mutu internal berkaitan dengan hasil temuan | F79: ='Kertas Kerja'!K888 -> 0 | H79: 3.8333333 | I79: =F79*H79 -> 0 | Q79: 67
A80: 68 | B80: =B79+1 -> 64 | C80: C.9.4.b) Luaran Dharma Penelitian dan PkM Publikasi ilmiah mahasiswa, yang dihasilkan secara mandiri atau bersama DTPS, dengan judul yang relevan dengan bidang program studi dalam 3 tahun terakhir. Tabel 8.f.1) LKPS | D80: ='Kertas Kerja'!L890 -> Deskripsi temuan auditor mutu internal tentang indikator yang terkait | E80: ='Kertas Kerja'!M890 -> Rekomendasi auditor mutu internal berkaitan dengan hasil temuan | F80: ='Kertas Kerja'!K913 -> 0 | H80: 2.875 | I80: =F80*H80 -> 0 | Q80: 68
A81: 69 | B81: =B80+1 -> 65 | D81: ='[1]Kertas Kerja'!H919 -> 0 | F81: ='[1]Kertas Kerja'!E922 -> 0 | I81: =F81*H81 -> 0 | Q81: 69
A82: 70 | B82: =B81+1 -> 66 | D82: ='[1]Kertas Kerja'!H924 -> 0 | F82: ='[1]Kertas Kerja'!E927 -> 0 | I82: =F82*H82 -> 0 | Q82: 70
A83: 71 | B83: =B80+1 -> 65 | C83: Luaran penelitian dan PkM yang dihasilkan mahasiswa, baik secara mandiri atau bersama DTPS dalam 3 tahun terakhir. Tabel 8.f.4) LKPS | D83: ='Kertas Kerja'!L915 -> Deskripsi temuan auditor mutu internal tentang indikator yang terkait | E83: ='Kertas Kerja'!M915 -> Rekomendasi auditor mutu internal berkaitan dengan hasil temuan | F83: ='Kertas Kerja'!K922 -> 2 | H83: 0.95833333 | I83: =F83*H83 -> 1.9166667 | Q83: 71
A84: 72 | B84: =B83+1 -> 66 | C84: D Analisis dan Penetapan Program Pengembangan D.1 Analisis dan Capaian Kinerja Keserbacakupan (kelengkapan, keluasan, dan kedalaman), ketepatan, ketajaman, dan kesesuaian analisis capaian kinerja serta konsistensi dengan setiap kriteria. | D84: ='Kertas Kerja'!L924 -> Deskripsi temuan auditor mutu internal tentang indikator yang terkait | E84: ='Kertas Kerja'!M924 -> Rekomendasi auditor mutu internal berkaitan dengan hasil temuan | F84: ='Kertas Kerja'!K930 -> 0 | H84: 1.5 | I84: =F84*H84 -> 0 | Q84: 72
A85: 73 | B85: =B84+1 -> 67 | C85: D.2 Analisis SWOT atau Analisis Lain yang Relevan Ketepatan analisis SWOT atau analisis yang relevan di dalam mengembangkan strategi. | D85: ='Kertas Kerja'!L932 -> Deskripsi temuan auditor mutu internal tentang indikator yang terkait | E85: ='Kertas Kerja'!M932 -> Rekomendasi auditor mutu internal berkaitan dengan hasil temuan | F85: ='Kertas Kerja'!K938 -> 0 | H85: 2 | I85: =F85*H85 -> 0 | Q85: 73
A86: 74 | B86: =B85+1 -> 68 | C86: D.3 Program Pengembangan Ketepatan di dalam menetapkan prioritas program pengembangan. | D86: ='Kertas Kerja'!L940 -> Deskripsi temuan auditor mutu internal tentang indikator yang terkait | E86: ='Kertas Kerja'!M940 -> Rekomendasi auditor mutu internal berkaitan dengan hasil temuan | F86: ='Kertas Kerja'!K946 -> 0 | H86: 1.5 | I86: =F86*H86 -> 0 | Q86: 74
A87: 75 | B87: =B86+1 -> 69 | C87: D.4 Program Keberlanjutan UPPS memiliki kebijakan, ketersediaan sumberdaya, kemampuan melaksanakan, dan kerealistikan program. | D87: ='Kertas Kerja'!L948 -> Deskripsi temuan auditor mutu internal tentang indikator yang terkait | E87: ='Kertas Kerja'!M948 -> Rekomendasi auditor mutu internal berkaitan dengan hasil temuan | F87: ='Kertas Kerja'!K954 -> 0 | H87: 1 | I87: =F87*H87 -> 0 | Q87: 75
D89: =TEXT(D10,"dd mmmm yyyy") -> 00 January 1900
B93: ttd | E93: ttd
B97: ="( "&D8&" )" -> ( ) | E97: ="( "&D9&" )" -> ( )

Sheet Lap ED
A1: LAPORAN EVALUASI DIRI
A2: ='Isian Prodi'!C5 -> Prodi A
A5: NO. | B5: KRITERIA/ELEMEN/INDIKATOR | C5: EVALUASI DIRI PROGRAM STUDI | D5: IDENTIFIKASI RISIKO | E5: LEVEL RISIKO
A6: 1 | B6: A. Kondisi Eksternal Konsistensi dengan hasil analisis SWOT dan/atau analisis lain serta rencana pengembangan ke depan. | C6: ='Kertas Kerja'!F8 -> Deskripsi dan penjelasan tentang indikator yang terkait | D6: ='Kertas Kerja'!G8 -> Deskripsi identifikasi risiko tentang indikator yang terkait | E6: ='Kertas Kerja'!J8 -> TINGGI | G6: ='Kertas Kerja'!H8 -> C | H6: ='Kertas Kerja'!I8 -> 4
A7: =A6+1 -> 2 | B7: B. Profil Unit Pengelola Program Studi Keserbacakupan informasi dalam profil dan konsistensi antara profil dengan data dan informasi yang disampaikan pada masing-masing kriteria, serta menunjukkan iklim yang kondusif untuk pengembangan dan reputasi sebagai rujukan di bidang keilmuannya. | C7: ='Kertas Kerja'!F16 -> Deskripsi dan penjelasan tentang indikator yang terkait | D7: ='Kertas Kerja'!G16 -> Deskripsi identifikasi risiko tentang indikator yang terkait | E7: ='Kertas Kerja'!J16 -> MODERAT | G7: ='Kertas Kerja'!H16 -> E | H7: ='Kertas Kerja'!I16 -> 1
A8: =A7+1 -> 3 | B8: C. Kriteria C.1. Visi, Misi, Tujuan dan Strategi C.1.4. Indikator Kinerja Utama Kesesuaian Visi, Misi, Tujuan dan Strategi (VMTS) Unit Pengelola Program Studi (UPPS) terhadap VMTS Perguruan Tinggi (PT) dan visi keilmuan Program Studi (PS) yang dikelolanya. | C8: ='Kertas Kerja'!F24 -> Deskripsi dan penjelasan tentang indikator yang terkait | D8: ='Kertas Kerja'!G24 -> Deskripsi identifikasi risiko tentang indikator yang terkait | E8: ='Kertas Kerja'!J24 -> EKSTREM | G8: ='Kertas Kerja'!H24 -> E | H8: ='Kertas Kerja'!I24 -> 4
A9: =A8+1 -> 4 | B9: Mekanisme dan keterlibatan pemangku kepentingan dalam penyusunan VMTS UPPS. | C9: ='Kertas Kerja'!F32 -> Deskripsi dan penjelasan tentang indikator yang terkait | D9: ='Kertas Kerja'!G32 -> Deskripsi identifikasi risiko tentang indikator yang terkait | E9: ='Kertas Kerja'!J32 -> MODERAT | G9: ='Kertas Kerja'!H32 -> E | H9: ='Kertas Kerja'!I32 -> 1
A10: =A9+1 -> 5 | B10: Strategi pencapaian tujuan disusun berdasarkan analisis yang sistematis, serta pada pelaksanaannya dilakukan pemantauan dan evaluasi yang ditindaklanjuti. | C10: ='Kertas Kerja'!F40 -> Deskripsi dan penjelasan tentang indikator yang terkait | D10: ='Kertas Kerja'!G40 -> Deskripsi identifikasi risiko tentang indikator yang terkait | E10: ='Kertas Kerja'!J40 -> MODERAT | G10: ='Kertas Kerja'!H40 -> E | H10: ='Kertas Kerja'!I40 -> 1
A11: =A10+1 -> 6 | B11: C.2. Tata Pamong, Tata Kelola dan Kerjasama C.2.4. Indikator Kinerja Utama C.2.4.a) Sistem Tata Pamong A. Kelengkapan struktur organisasi dan keefektifan penyelenggaraan organisasi. B. Perwujudan good governance dan pemenuhan lima pilar sistem tata pamong, yang mencakup: 1) Kredibel, 2) Transparan, 3) Akuntabel, 4) Bertanggung jawab, 5) Adil. | C11: ='Kertas Kerja'!F48 -> Deskripsi dan penjelasan tentang indikator yang terkait | D11: ='Kertas Kerja'!G48 -> Deskripsi identifikasi risiko tentang indikator yang terkait | E11: ='Kertas Kerja'!J48 -> MODERAT | G11: ='Kertas Kerja'!H48 -> E | H11: ='Kertas Kerja'!I48 -> 1
A12: =A11+1 -> 7 | B12: C.2.4.b) Kepemimpinan dan Kemampuan Manajerial A. Komitmen pimpinan UPPS. B. Kapabilitas pimpinan UPPS, mencakup aspek: 1) perencanaan, 2) pengorganisasian, 3) penempatan personel, 4) pelaksanaan, 5) pengendalian dan pengawasan, dan 6) pelaporan yang menjadi dasar tindak lanjut. | C12: ='Kertas Kerja'!F62 -> Deskripsi dan penjelasan tentang indikator yang terkait | D12: ='Kertas Kerja'!G62 -> Deskripsi identifikasi risiko tentang indikator yang terkait | E12: ='Kertas Kerja'!J62 -> MODERAT | G12: ='Kertas Kerja'!H62 -> E | H12: ='Kertas Kerja'!I62 -> 1
A13: =A12+1 -> 8 | B13: C.2.4.c) Kerjasama Mutu, manfaat, kepuasan dan keberlanjutan kerjasama pendidikan, penelitian dan PkM yang relevan dengan program studi. UPPS memiliki bukti yang sahih terkait kerjasama yang ada telah memenuhi 3 aspek berikut: 1) memberikan manfaat bagi program studi dalam pemenuhan proses pembelajaran, penelitian, PkM. 2) memberikan peningkatan kinerja tridharma dan fasilitas pendukung program studi. 3) memberikan kepuasan kepada mitra industri dan mitra kerjasama lainnya, serta menjamin keberlanjutan kerjasama dan hasilnya. | C13: ='Kertas Kerja'!F76 -> Deskripsi dan penjelasan tentang indikator yang terkait | D13: ='Kertas Kerja'!G76 -> Deskripsi identifikasi risiko tentang indikator yang terkait | E13: ='Kertas Kerja'!J76 -> MODERAT | G13: ='Kertas Kerja'!H76 -> E | H13: ='Kertas Kerja'!I76 -> 1
A14: =A13+1 -> 9 | B14: A. Kerjasama pendidikan, penelitian, dan PkM yang relevan dengan program studi dan dikelola oleh UPPS dalam 3 tahun terakhir. B. Kerjasama tingkat internasional, nasional, wilayah/lokal yang relevan dengan program studi dan dikelola oleh UPPS dalam 3 tahun terakhir. Tabel 1 LKPS | C14: ='Kertas Kerja'!F84 -> Deskripsi dan penjelasan tentang indikator yang terkait | D14: ='Kertas Kerja'!G84 -> Deskripsi identifikasi risiko tentang indikator yang terkait | E14: ='Kertas Kerja'!J84 -> MODERAT | G14: ='Kertas Kerja'!H84 -> E | H14: ='Kertas Kerja'!I84 -> 1
A15: =A14+1 -> 10 | B15: C.2.5 Indikator Kinerja Tambahan Pelampauan SN-DIKTI (indikator kinerja tambahan) yang ditetapkan oleh UPPS pada tiap kriteria. | C15: ='Kertas Kerja'!F111 -> Deskripsi dan penjelasan tentang indikator yang terkait | D15: ='Kertas Kerja'!G111 -> Deskripsi identifikasi risiko tentang indikator yang terkait | E15: ='Kertas Kerja'!J111 -> MODERAT | G15: ='Kertas Kerja'!H111 -> E | H15: ='Kertas Kerja'!I111 -> 1
A16: =A15+1 -> 11 | B16: C.2.6 Evaluasi Capaian Kinerja Analisis keberhasilan dan/atau ketidakberhasilan pencapaian kinerja UPPS yang telah ditetapkan di tiap kriteria memenuhi 2 aspek sebagai berikut: 1) capaian kinerja diukur dengan metoda yang tepat, dan hasilnya dianalisis serta dievaluasi, dan 2) analisis terhadap capaian kinerja mencakup identifikasi akar masalah, faktor pendukung keberhasilan dan faktor penghambat ketercapaian standard, dan deskripsi singkat tindak lanjut yang akan dilakukan. | C16: ='Kertas Kerja'!F119 -> Deskripsi dan penjelasan tentang indikator yang terkait | D16: ='Kertas Kerja'!G119 -> Deskripsi identifikasi risiko tentang indikator yang terkait | E16: ='Kertas Kerja'!J119 -> MODERAT | G16: ='Kertas Kerja'!H119 -> E | H16: ='Kertas Kerja'!I119 -> 1
A17: =A16+1 -> 12 | B17: C.2.7. Penjaminan Mutu Keterlaksanaan Sistem Penjaminan Mutu Internal (akademik dan nonakademik) yang dibuktikan dengan keberadaan 5 aspek: 1) dokumen legal pembentukan unsur pelaksana penjaminan mutu, 2) ketersediaan dokumen mutu: kebijakan SPMI, manual SPMI, standar SPMI, dan formulir SPMI, 3) terlaksananya siklus penjaminan mutu (siklus PPEPP), 4) bukti sahih efektivitas pelaksanaan penjaminan mutu, dan 5) memiliki external benchmarking dalam peningkatan mutu. | C17: ='Kertas Kerja'!F127 -> Deskripsi dan penjelasan tentang indikator yang terkait | D17: ='Kertas Kerja'!G127 -> Deskripsi identifikasi risiko tentang indikator yang terkait | E17: ='Kertas Kerja'!J127 -> MODERAT | G17: ='Kertas Kerja'!H127 -> E | H17: ='Kertas Kerja'!I127 -> 1
A18: =A17+1 -> 13 | B18: C.2.8. Kepuasan Pemangku Kepentingan Pengukuran kepuasan layanan manajemen terhadap para pemangku kepentingan: mahasiswa, dosen, tenaga kependidikan, lulusan, pengguna dan mitra yang memenuhi aspek-aspek berikut: 1) menggunakan instrumen kepuasan yang sahih, andal, mudah digunakan, 2) dilaksanakan secara berkala, serta datanya terekam secara komprehensif, 3) dianalisis dengan metode yang tepat serta bermanfaat untuk pengambilan keputusan, 4) tingkat kepuasan dan umpan balik ditindaklanjuti untuk perbaikan dan peningkatan mutu luaran secara berkala dan tersistem, 5) dilakukan review terhadap pelaksanaan pengukuran kepuasan dosen dan mahasiswa, serta 6) hasilnya dipublikasikan dan mudah diakses oleh dosen dan mahasiswa. | C18: ='Kertas Kerja'!F135 -> Deskripsi dan penjelasan tentang indikator yang terkait | D18: ='Kertas Kerja'!G135 -> Deskripsi identifikasi risiko tentang indikator yang terkait | E18: ='Kertas Kerja'!J135 -> MODERAT | G18: ='Kertas Kerja'!H135 -> E | H18: ='Kertas Kerja'!I135 -> 1
A19: =A18+1 -> 14 | B19: C.3. Mahasiswa C.3.4. Indikator Kinerja Utama C.3.4.a) Kualitas Input Mahasiswa A. Metoda rekrutmen dan keketatan seleksi. Tabel 2.a LKPS | C19: ='Kertas Kerja'!F143 -> Deskripsi dan penjelasan tentang indikator yang terkait | D19: ='Kertas Kerja'!G143 -> Deskripsi identifikasi risiko tentang indikator yang terkait | E19: ='Kertas Kerja'!J143 -> MODERAT | G19: ='Kertas Kerja'!H143 -> E | H19: ='Kertas Kerja'!I143 -> 1
A20: =A19+1 -> 15 | B20: C.3.4.b) Daya Tarik Program Studi A. Peningkatan animo calon mahasiswa. Tabel 2.a LKPS B. Mahasiswa asing Tabel 2.b LKPS | C20: ='Kertas Kerja'!F159 -> Deskripsi dan penjelasan tentang indikator yang terkait | D20: ='Kertas Kerja'!G159 -> Deskripsi identifikasi risiko tentang indikator yang terkait | E20: ='Kertas Kerja'!J159 -> MODERAT | G20: ='Kertas Kerja'!H159 -> E | H20: ='Kertas Kerja'!I159 -> 1
A21: =A20+1 -> 16 | B21: C.3.4.c) Layanan Kemahasiswaan A. Ketersediaan layanan kemahasiswaan di bidang: 1) penalaran, minat dan bakat, 2) kesejahteraan (bimbingan dan konseling, layanan beasiswa, dan layanan kesehatan), dan 3) bimbingan karir dan kewirausahaan. B. Akses dan mutu layanan kemahasiswaan. | C21: ='Kertas Kerja'!F175 -> Deskripsi dan penjelasan tentang indikator yang terkait | D21: ='Kertas Kerja'!G175 -> Deskripsi identifikasi risiko tentang indikator yang terkait | E21: ='Kertas Kerja'!J175 -> MODERAT | G21: ='Kertas Kerja'!H175 -> E | H21: ='Kertas Kerja'!I175 -> 1
A22: =A21+1 -> 17 | B22: C.4. Sumber Daya Manusia C.4.4. Indikator Kinerja Utama C.4.4.a) Profil Dosen Kecukupan jumlah DTPS. Tabel 3.a.1) LKPS | C22: ='Kertas Kerja'!F189 -> Deskripsi dan penjelasan tentang indikator yang terkait | D22: ='Kertas Kerja'!G189 -> Deskripsi identifikasi risiko tentang indikator yang terkait | E22: ='Kertas Kerja'!J189 -> TINGGI | G22: ='Kertas Kerja'!H189 -> C | H22: ='Kertas Kerja'!I189 -> 3
A23: =A22+1 -> 18 | B23: Kualifikasi akademik DTPS. Tabel 3.a.1) LKPS | C23: ='Kertas Kerja'!F199 -> Deskripsi dan penjelasan tentang indikator yang terkait | D23: ='Kertas Kerja'!G199 -> Deskripsi identifikasi risiko tentang indikator yang terkait | E23: ='Kertas Kerja'!J199 -> RENDAH | G23: ='Kertas Kerja'!H199 -> A | H23: ='Kertas Kerja'!I199 -> 1
A25: =A23+1 -> 19 | B25: Jabatan akademik DTPS. Tabel 3.a.1) LKPS | C25: ='Kertas Kerja'!F205 -> Deskripsi dan penjelasan tentang indikator yang terkait | D25: ='Kertas Kerja'!G205 -> Deskripsi identifikasi risiko tentang indikator yang terkait | E25: ='Kertas Kerja'!J205 -> RENDAH | G25: ='Kertas Kerja'!H205 -> A | H25: ='Kertas Kerja'!I205 -> 1
A26: =A25+1 -> 20 | B26: Rasio jumlah mahasiswa program studi terhadap jumlah DTPS. Tabel 2.a LKPS Tabel 3.a.1) LKPS | C26: ='Kertas Kerja'!F219 -> Deskripsi dan penjelasan tentang indikator yang terkait | D26: ='Kertas Kerja'!G219 -> Deskripsi identifikasi risiko tentang indikator yang terkait | E26: ='Kertas Kerja'!J219 -> RENDAH | G26: ='Kertas Kerja'!H219 -> A | H26: ='Kertas Kerja'!I219 -> 1
A27: =A26+1 -> 21 | B27: Penugasan DTPS sebagai pembimbing utama tugas akhir mahasiswa. Tabel 3.a.2) LKPS | C27: ='Kertas Kerja'!F228 -> Deskripsi dan penjelasan tentang indikator yang terkait | D27: ='Kertas Kerja'!G228 -> Deskripsi identifikasi risiko tentang indikator yang terkait | E27: ='Kertas Kerja'!J228 -> RENDAH | G27: ='Kertas Kerja'!H228 -> A | H27: ='Kertas Kerja'!I228 -> 1
A28: =A27+1 -> 22 | B28: Ekuivalensi Waktu Mengajar Penuh DTPS. Tabel 3.a.3) LKPS | C28: ='Kertas Kerja'!F234 -> Deskripsi dan penjelasan tentang indikator yang terkait | D28: ='Kertas Kerja'!G234 -> Deskripsi identifikasi risiko tentang indikator yang terkait | E28: ='Kertas Kerja'!J234 -> RENDAH | G28: ='Kertas Kerja'!H234 -> A | H28: ='Kertas Kerja'!I234 -> 1
A29: =A28+1 -> 23 | B29: Dosen tidak tetap. Tabel 3.a.4) LKPS | C29: ='Kertas Kerja'!F238 -> Deskripsi dan penjelasan tentang indikator yang terkait | D29: ='Kertas Kerja'!G238 -> Deskripsi identifikasi risiko tentang indikator yang terkait | E29: ='Kertas Kerja'!J238 -> RENDAH | G29: ='Kertas Kerja'!H238 -> C | H29: ='Kertas Kerja'!I238 -> 1
A31: =A29+1 -> 24 | B31: C.4.4.b) Kinerja Dosen Pengakuan/rekognisi atas kepakaran/prestasi/kinerja DTPS. Tabel 3.b.1) LKPS | C31: ='Kertas Kerja'!F244 -> Deskripsi dan penjelasan tentang indikator yang terkait | D31: ='Kertas Kerja'!G244 -> Deskripsi identifikasi risiko tentang indikator yang terkait | E31: ='Kertas Kerja'!J244 -> RENDAH | G31: ='Kertas Kerja'!H244 -> C | H31: ='Kertas Kerja'!I244 -> 1
A32: =A31+1 -> 25 | B32: Kegiatan penelitian DTPS yang relevan dengan bidang program studi dalam 3 tahun terakhir. Tabel 3.b.2) LKPS | C32: ='Kertas Kerja'!F250 -> Deskripsi dan penjelasan tentang indikator yang terkait | D32: ='Kertas Kerja'!G250 -> Deskripsi identifikasi risiko tentang indikator yang terkait | E32: ='Kertas Kerja'!J250 -> RENDAH | G32: ='Kertas Kerja'!H250 -> C | H32: ='Kertas Kerja'!I250 -> 1
A33: =A32+1 -> 26 | B33: Kegiatan PkM DTPS yang relevan dengan bidang program studi dalam 3 tahun terakhir. Tabel 3.b.3) LKPS | C33: ='Kertas Kerja'!F268 -> Deskripsi dan penjelasan tentang indikator yang terkait | D33: ='Kertas Kerja'!G268 -> Deskripsi identifikasi risiko tentang indikator yang terkait | E33: ='Kertas Kerja'!J268 -> RENDAH | G33: ='Kertas Kerja'!H268 -> C | H33: ='Kertas Kerja'!I268 -> 1
A34: =A33+1 -> 27 | B34: Publikasi ilmiah dengan tema yang relevan dengan bidang program studi yang dihasilkan DTPS dalam 3 tahun terakhir. Tabel 3.b.4) LKPS | C34: ='Kertas Kerja'!F286 -> Deskripsi dan penjelasan tentang indikator yang terkait | D34: ='Kertas Kerja'!G286 -> Deskripsi identifikasi risiko tentang indikator yang terkait | E34: ='Kertas Kerja'!J286 -> RENDAH | G34: ='Kertas Kerja'!H286 -> C | H34: ='Kertas Kerja'!I286 -> 1
A35: =A34+1 -> 28 | B35: Artikel karya ilmiah DTPS yang disitasi dalam 3 tahun terakhir. Tabel 3.b.5) LKPS | C35: ='Kertas Kerja'!F311 -> Deskripsi dan penjelasan tentang indikator yang terkait | D35: ='Kertas Kerja'!G311 -> Deskripsi identifikasi risiko tentang indikator yang terkait | E35: ='Kertas Kerja'!J311 -> RENDAH | G35: ='Kertas Kerja'!H311 -> C | H35: ='Kertas Kerja'!I311 -> 1
A37: =A35+1 -> 29 | B37: Luaran penelitian dan PkM yang dihasilkan DTPS dalam 3 tahun terakhir. Tabel 3.b.7) LKPS | C37: ='Kertas Kerja'!F318 -> Deskripsi dan penjelasan tentang indikator yang terkait | D37: ='Kertas Kerja'!G318 -> Deskripsi identifikasi risiko tentang indikator yang terkait | E37: ='Kertas Kerja'!J318 -> RENDAH | G37: ='Kertas Kerja'!H318 -> C | H37: ='Kertas Kerja'!I318 -> 1
A38: =A37+1 -> 30 | B38: C.4.4.c) Pengembangan Dosen Upaya pengembangan dosen. | C38: ='Kertas Kerja'!F328 -> Deskripsi dan penjelasan tentang indikator yang terkait | D38: ='Kertas Kerja'!G328 -> Deskripsi identifikasi risiko tentang indikator yang terkait | E38: ='Kertas Kerja'!J328 -> RENDAH | G38: ='Kertas Kerja'!H328 -> C | H38: ='Kertas Kerja'!I328 -> 1
A39: =A38+1 -> 31 | B39: C.4.4.d) Tenaga Kependidikan A. Kualifikasi dan kecukupan tenaga kependidikan berdasarkan jenis pekerjaannya (administrasi, pustakawan, teknisi, dll.) B. Kualifikasi dan kecukupan laboran untuk mendukung proses pembelajaran sesuai dengan kebutuhan program studi. | C39: ='Kertas Kerja'!F337 -> Deskripsi dan penjelasan tentang indikator yang terkait | D39: ='Kertas Kerja'!G337 -> Deskripsi identifikasi risiko tentang indikator yang terkait | E39: ='Kertas Kerja'!J337 -> RENDAH | G39: ='Kertas Kerja'!H337 -> C | H39: ='Kertas Kerja'!I337 -> 1
A40: =A39+1 -> 32 | B40: C.5. Keuangan, Sarana dan Prasarana C.5.4. Indikator Kinerja Utama C.5.4.a) Keuangan Biaya operasional pendidikan. Tabel 4 LKPS | C40: ='Kertas Kerja'!F375 -> Deskripsi dan penjelasan tentang indikator yang terkait | D40: ='Kertas Kerja'!G375 -> Deskripsi identifikasi risiko tentang indikator yang terkait | E40: ='Kertas Kerja'!J375 -> RENDAH | G40: ='Kertas Kerja'!H375 -> C | H40: ='Kertas Kerja'!I375 -> 1
A41: =A40+1 -> 33 | B41: Dana penelitian DTPS. Tabel 4 LKPS | C41: ='Kertas Kerja'!F381 -> Deskripsi dan penjelasan tentang indikator yang terkait | D41: ='Kertas Kerja'!G381 -> Deskripsi identifikasi risiko tentang indikator yang terkait | E41: ='Kertas Kerja'!J381 -> RENDAH | G41: ='Kertas Kerja'!H381 -> C | H41: ='Kertas Kerja'!I381 -> 1
A42: =A41+1 -> 34 | B42: Dana pengabdian kepada masyarakat DTPS. Tabel 4 LKPS | C42: ='Kertas Kerja'!F387 -> Deskripsi dan penjelasan tentang indikator yang terkait | D42: ='Kertas Kerja'!G387 -> Deskripsi identifikasi risiko tentang indikator yang terkait | E42: ='Kertas Kerja'!J387 -> RENDAH | G42: ='Kertas Kerja'!H387 -> C | H42: ='Kertas Kerja'!I387 -> 1
A43: =A42+1 -> 35 | B43: Realisasi investasi (SDM, sarana dan prasarana) yang mendukung penyelenggaraan tridharma. | C43: ='Kertas Kerja'!F393 -> Deskripsi dan penjelasan tentang indikator yang terkait | D43: ='Kertas Kerja'!G393 -> Deskripsi identifikasi risiko tentang indikator yang terkait | E43: ='Kertas Kerja'!J393 -> RENDAH | G43: ='Kertas Kerja'!H393 -> C | H43: ='Kertas Kerja'!I393 -> 1
A44: =A43+1 -> 36 | B44: Kecukupan dana untuk menjamin pencapaian capaian pembelajaran. | C44: ='Kertas Kerja'!F402 -> Deskripsi dan penjelasan tentang indikator yang terkait | D44: ='Kertas Kerja'!G402 -> Deskripsi identifikasi risiko tentang indikator yang terkait | E44: ='Kertas Kerja'!J402 -> RENDAH | G44: ='Kertas Kerja'!H402 -> C | H44: ='Kertas Kerja'!I402 -> 1
A45: =A44+1 -> 37 | B45: C.5.4.b) Sarana dan Prasarana Kecukupan, aksesibilitas dan mutu sarana dan prasarana untuk menjamin pencapaian capaian pembelajaran dan meningkatkan suasana akademik. | C45: ='Kertas Kerja'!F410 -> Deskripsi dan penjelasan tentang indikator yang terkait | D45: ='Kertas Kerja'!G410 -> Deskripsi identifikasi risiko tentang indikator yang terkait | E45: ='Kertas Kerja'!J410 -> RENDAH | G45: ='Kertas Kerja'!H410 -> C | H45: ='Kertas Kerja'!I410 -> 1
A46: =A45+1 -> 38 | B46: C.6. Pendidikan C.6.4. Indikator Kinerja Utama C.6.4.a) Kurikulum A. Keterlibatan pemangku kepentingan dalam proses evaluasi dan pemutakhiran kurikulum. B. Kesesuaian capaian pembelajaran dengan profil lulusan dan jenjang KKNI/SKKNI. C. Ketepatan struktur kurikulum dalam pembentukan capaian pembelajaran. | C46: ='Kertas Kerja'!F458 -> Deskripsi dan penjelasan tentang indikator yang terkait | D46: ='Kertas Kerja'!G458 -> Deskripsi identifikasi risiko tentang indikator yang terkait | E46: ='Kertas Kerja'!J458 -> RENDAH | G46: ='Kertas Kerja'!H458 -> C | H46: ='Kertas Kerja'!I458 -> 1
A47: =A46+1 -> 39 | B47: C.6.4.b) Karakteristik Proses Pembelajaran Pemenuhan karakteristik proses pembelajaran, yang terdiri atas sifat: 1) interaktif, 2) holistik, 3) integratif, 4) saintifik, 5) kontekstual, 6) tematik, 7) efektif, 8) kolaboratif, dan 9) berpusat pada mahasiswa. | C47: ='Kertas Kerja'!F478 -> Deskripsi dan penjelasan tentang indikator yang terkait | D47: ='Kertas Kerja'!G478 -> Deskripsi identifikasi risiko tentang indikator yang terkait | E47: ='Kertas Kerja'!J478 -> RENDAH | G47: ='Kertas Kerja'!H478 -> C | H47: ='Kertas Kerja'!I478 -> 1
A48: =A47+1 -> 40 | B48: C.6.4.c) Rencana Proses Pembelajaran A. Ketersediaan dan kelengkapan dokumen rencana pembelajaran semester (RPS). B. Kedalaman dan keluasan RPS sesuai dengan capaian pembelajaran lulusan. | C48: ='Kertas Kerja'!F486 -> Deskripsi dan penjelasan tentang indikator yang terkait | D48: ='Kertas Kerja'!G486 -> Deskripsi identifikasi risiko tentang indikator yang terkait | E48: ='Kertas Kerja'!J486 -> RENDAH | G48: ='Kertas Kerja'!H486 -> C | H48: ='Kertas Kerja'!I486 -> 1
A49: =A48+1 -> 41 | B49: C.6.4.d) Pelaksanaan Proses Pembelajaran A. Bentuk interaksi antara dosen, mahasiswa dan sumber belajar. B. Pemantauan kesesuaian proses terhadap rencana pembelajaran. C. Proses pembelajaran yang terkait dengan penelitian harus mengacu SN Dikti Penelitian: 1) hasil penelitian: harus memenuhi pengembangan IPTEKS, meningkatkan kesejahteraan masyarakat, dan daya saing bangsa. 2) isi penelitian: memenuhi kedalaman dan keluasan materi penelitian sesuai capaian pembelajaran. 3) proses penelitian: mencakup perencanaan, pelaksanaan, dan pelaporan. 4) penilaian penelitian memenuhi unsur edukatif, obyektif, akuntabel, dan transparan. D. Proses pembelajaran yang terkait dengan PkM harus mengacu SN Dikti PkM: 1) hasil PkM: harus memenuhi pengembangan IPTEKS, meningkatkan kesejahteraan masyarakat, dan daya saing bangsa. 2) isi PkM: memenuhi kedalaman dan keluasan materi PkM sesuai capaian pembelajaran. 3) proses PkM: mencakup perencanaan, pelaksanaan, dan pelaporan. 4) penilaian PkM memenuhi unsur edukatif, obyektif, akuntabel, dan transparan. E. Kesesuaian metode pembelajaran dengan capaian pembelajaran. Contoh: RBE (research based education), IBE (industry based education), teaching factory/teaching industry, dll. | C49: ='Kertas Kerja'!F500 -> Deskripsi dan penjelasan tentang indikator yang terkait | D49: ='Kertas Kerja'!G500 -> Deskripsi identifikasi risiko tentang indikator yang terkait | E49: ='Kertas Kerja'!J500 -> RENDAH | G49: ='Kertas Kerja'!H500 -> C | H49: ='Kertas Kerja'!I500 -> 1
A50: =A49+1 -> 42 | B50: Pembelajaran yang dilaksanakan dalam bentuk praktikum, praktik studio, praktik bengkel, atau praktik lapangan. Tabel 5.a LKPS | C50: ='Kertas Kerja'!F532 -> Deskripsi dan penjelasan tentang indikator yang terkait | D50: ='Kertas Kerja'!G532 -> Deskripsi identifikasi risiko tentang indikator yang terkait | E50: ='Kertas Kerja'!J532 -> RENDAH | G50: ='Kertas Kerja'!H532 -> C | H50: ='Kertas Kerja'!I532 -> 1
A51: =A50+1 -> 43 | B51: C.6.4.e) Monitoring dan Evaluasi Proses Pembelajaran Monitoring dan evaluasi pelaksanaan proses pembelajaran mencakup karakteristik, perencanaan, pelaksanaan, proses pembelajaran dan beban belajar mahasiswa untuk memperoleh capaian pembelajaran lulusan. | C51: ='Kertas Kerja'!F538 -> Deskripsi dan penjelasan tentang indikator yang terkait | D51: ='Kertas Kerja'!G538 -> Deskripsi identifikasi risiko tentang indikator yang terkait | E51: ='Kertas Kerja'!J538 -> RENDAH | G51: ='Kertas Kerja'!H538 -> C | H51: ='Kertas Kerja'!I538 -> 1
A52: =A51+1 -> 44 | B52: C.6.4.f) Penilaian Pembelajaran A. Mutu pelaksanaan penilaian pembelajaran (proses dan hasil belajar mahasiswa) untuk mengukur ketercapaian capaian pembelajaran berdasarkan prinsip penilaian yang mencakup:1) edukatif, 2) otentik, 3) objektif, 4) akuntabel, dan 5) transparan, yang dilakukan secara terintegrasi. B. Pelaksanaan penilaian terdiri atas teknik dan instrumen penilaian. Teknik penilaian terdiri dari: 1) observasi, 2) partisipasi, 3) unjuk kerja, 4) test tertulis, 5) test lisan, dan 6) angket. Instrumen penilaian terdiri dari: 1) penilaian proses dalam bentuk rubrik, dan/ atau, 2) penilaian hasil dalam bentuk portofolio, atau 3) karya disain. C. Pelaksanaan penilaian memuat unsur-unsur sebagai berikut: 1) mempunyai kontrak rencana penilaian, 2) melaksanakan penilaian sesuai kontrak atau kesepakatan, 3) memberikan umpan balik dan memberi kesempatan untuk mempertanyakan hasil kepada mahasiswa, 4) mempunyai dokumentasi penilaian proses dan hasil belajar mahasiswa, 5) mempunyai prosedur yang mencakup tahap perencanaan, kegiatan pemberian tugas atau soal, observasi kinerja, pengembalian hasil observasi, dan pemberian nilai akhir, 6) pelaporan penilaian berupa kualifikasi keberhasilan mahasiswa dalam menempuh suatu mata kuliah dalam bentuk huruf dan angka, 7) mempunyai bukti-bukti rencana dan telah melakukan proses perbaikan berdasar hasil monev penilaian. | C52: ='Kertas Kerja'!F546 -> Deskripsi dan penjelasan tentang indikator yang terkait | D52: ='Kertas Kerja'!G546 -> Deskripsi identifikasi risiko tentang indikator yang terkait | E52: ='Kertas Kerja'!J546 -> RENDAH | G52: ='Kertas Kerja'!H546&", "&'Kertas Kerja'!H552&", "&'Kertas Kerja'!H558 -> C, , | H52: ='Kertas Kerja'!I546&", "&'Kertas Kerja'!I552&", "&'Kertas Kerja'!I558 -> 1, ,
A53: =A52+1 -> 45 | B53: C.6.4.g) Integrasi kegiatan penelitian dan PkM dalam pembelajaran Integrasi kegiatan penelitian dan PkM dalam pembelajaran oleh DTPS dalam 3 tahun terakhir. Tabel 5.b LKPS | C53: ='Kertas Kerja'!F566 -> Deskripsi dan penjelasan tentang indikator yang terkait | D53: ='Kertas Kerja'!G566 -> Deskripsi identifikasi risiko tentang indikator yang terkait | E53: ='Kertas Kerja'!J566 -> RENDAH | G53: ='Kertas Kerja'!H566 -> C | H53: ='Kertas Kerja'!I566 -> 1
A54: =A53+1 -> 46 | B54: C.6.4.h) Suasana Akademik Keterlaksanaan dan keberkalaan program dan kegiatan diluar kegiatan pembelajaran terstruktur untuk meningkatkan suasana akademik. Contoh: kegiatan himpunan mahasiswa, kuliah umum/studium generale, seminar ilmiah, bedah buku. | C54: ='Kertas Kerja'!F570 -> Deskripsi dan penjelasan tentang indikator yang terkait | D54: ='Kertas Kerja'!G570 -> Deskripsi identifikasi risiko tentang indikator yang terkait | E54: ='Kertas Kerja'!J570 -> RENDAH | G54: ='Kertas Kerja'!H570 -> C | H54: ='Kertas Kerja'!I570 -> 1
A55: =A54+1 -> 47 | B55: C.6.4.i) Kepuasan Mahasiswa A. Tingkat kepuasan mahasiswa terhadap proses pendidikan. Tabel 5.c LKPS B. Analisis dan tindak lanjut dari hasil pengukuran kepuasan mahasiswa. | C55: ='Kertas Kerja'!F578 -> Deskripsi dan penjelasan tentang indikator yang terkait | D55: ='Kertas Kerja'!G578 -> Deskripsi identifikasi risiko tentang indikator yang terkait | E55: ='Kertas Kerja'!J578 -> RENDAH | G55: ='Kertas Kerja'!H578&", "&'Kertas Kerja'!H581 -> C, | H55: ='Kertas Kerja'!I578&", "&'Kertas Kerja'!I581 -> 1,
A56: =A55+1 -> 48 | B56: C.7. Penelitian C.7.4. Indikator Kinerja Utama C.7.4.a) Relevansi Penelitian Relevansi penelitian pada UPPS mencakup unsur-unsur sebagai berikut: 1) memiliki peta jalan yang memayungi tema penelitian dosen dan mahasiswa, 2) dosen dan mahasiswa melaksanakan penelitian sesuai dengan agenda penelitian dosen yang merujuk kepada peta jalan penelitian, 3) melakukan evaluasi kesesuaian penelitian dosen dan mahasiswa dengan peta jalan, dan 4) menggunakan hasil evaluasi untuk perbaikan relevansi penelitian dan pengembangan keilmuan program studi. | C56: ='Kertas Kerja'!F590 -> Deskripsi dan penjelasan tentang indikator yang terkait | D56: ='Kertas Kerja'!G590 -> Deskripsi identifikasi risiko tentang indikator yang terkait | E56: ='Kertas Kerja'!J590 -> RENDAH | G56: ='Kertas Kerja'!H590 -> C | H56: ='Kertas Kerja'!I590 -> 1
A57: =A56+1 -> 49 | B57: C.7.4.b) Penelitian Dosen dan Mahasiswa Penelitian DTPS yang dalam pelaksanaannya melibatkan mahasiswa program studi dalam 3 tahun terakhir. Tabel 6.a LKPS | C57: ='Kertas Kerja'!F614 -> Deskripsi dan penjelasan tentang indikator yang terkait | D57: ='Kertas Kerja'!G614 -> Deskripsi identifikasi risiko tentang indikator yang terkait | E57: ='Kertas Kerja'!J614 -> RENDAH | G57: ='Kertas Kerja'!H614 -> C | H57: ='Kertas Kerja'!I614 -> 1
A59: =A57+1 -> 50 | B59: C.8. Pengabdian kepada Masyarakat C.8.4. Indikator Kinerja Utama C.8.4.a) Relevansi PkM Relevansi PkM pada UPPS mencakup unsur-unsur sebagai berikut: 1) memiliki peta jalan yang memayungi tema PkM dosen dan mahasiswa serta hilirisasi/penerapan keilmuan program studi, 2) dosen dan mahasiswa melaksanakan PkM sesuai dengan peta jalan PkM, 3) melakukan evaluasi kesesuaian PkM dosen dan mahasiswa dengan peta jalan, dan 4) menggunakan hasil evaluasi untuk perbaikan relevansi PkM dan pengembangan keilmuan program studi. | C59: ='Kertas Kerja'!F642 -> Deskripsi dan penjelasan tentang indikator yang terkait | D59: ='Kertas Kerja'!G642 -> Deskripsi identifikasi risiko tentang indikator yang terkait | E59: ='Kertas Kerja'!J642 -> RENDAH | G59: ='Kertas Kerja'!H642 -> C | H59: ='Kertas Kerja'!I642 -> 1
A60: =A59+1 -> 51 | B60: C.8.4.b) PkM Dosen dan Mahasiswa PkM DTPS yang dalam pelaksanaannya melibatkan mahasiswa program studi dalam 3 tahun terakhir. Tabel 7 LKPS | C60: ='Kertas Kerja'!F658 -> Deskripsi dan penjelasan tentang indikator yang terkait | D60: ='Kertas Kerja'!G658 -> Deskripsi identifikasi risiko tentang indikator yang terkait | E60: ='Kertas Kerja'!J658 -> RENDAH | G60: ='Kertas Kerja'!H658 -> C | H60: ='Kertas Kerja'!I658 -> 1
A61: =A60+1 -> 52 | B61: C.9. Luaran dan Capaian Tridharma C.9.4. Indikator Kinerja Utama C.9.4.a) Luaran Dharma Pendidikan Analisis pemenuhan capaian pembelajaran lulusan (CPL) yang diukur dengan metoda yang sahih dan relevan, mencakup aspek: 1) keserbacakupan, 2) kedalaman, dan 3) kebermanfaatan analisis yang ditunjukkan dengan peningkatan CPL dari waktu ke waktu dalam 3 tahun terakhir. | C61: ='Kertas Kerja'!F662 -> Deskripsi dan penjelasan tentang indikator yang terkait | D61: ='Kertas Kerja'!G662 -> Deskripsi identifikasi risiko tentang indikator yang terkait | E61: ='Kertas Kerja'!J662 -> RENDAH | G61: ='Kertas Kerja'!H662 -> C | H61: ='Kertas Kerja'!I662 -> 1
A62: =A61+1 -> 53 | B62: IPK lulusan. Tabel 8.a LKPS | C62: ='Kertas Kerja'!F670 -> Deskripsi dan penjelasan tentang indikator yang terkait | D62: ='Kertas Kerja'!G670 -> Deskripsi identifikasi risiko tentang indikator yang terkait | E62: ='Kertas Kerja'!J670 -> RENDAH | G62: ='Kertas Kerja'!H670 -> C | H62: ='Kertas Kerja'!I670 -> 1
A63: =A62+1 -> 54 | B63: Prestasi mahasiswa di bidang akademik dalam 3 tahun terakhir. Tabel 8.b.1) LKPS | C63: ='Kertas Kerja'!F682 -> Deskripsi dan penjelasan tentang indikator yang terkait | D63: ='Kertas Kerja'!G682 -> Deskripsi identifikasi risiko tentang indikator yang terkait | E63: ='Kertas Kerja'!J682 -> RENDAH | G63: ='Kertas Kerja'!H682 -> C | H63: ='Kertas Kerja'!I682 -> 1
A64: =A63+1 -> 55 | B64: Prestasi mahasiswa di bidang nonakademik dalam 3 tahun terakhir. Tabel 8.b.2) LKPS | C64: ='Kertas Kerja'!F695 -> Deskripsi dan penjelasan tentang indikator yang terkait | D64: ='Kertas Kerja'!G695 -> Deskripsi identifikasi risiko tentang indikator yang terkait | E64: ='Kertas Kerja'!J695 -> RENDAH | G64: ='Kertas Kerja'!H695 -> C | H64: ='Kertas Kerja'!I695 -> 1
A65: =A64+1 -> 56 | B65: Masa studi. Tabel 8.c LKPS | C65: ='Kertas Kerja'!F708 -> Deskripsi dan penjelasan tentang indikator yang terkait | D65: ='Kertas Kerja'!G708 -> Deskripsi identifikasi risiko tentang indikator yang terkait | E65: ='Kertas Kerja'!J708 -> RENDAH | G65: ='Kertas Kerja'!H708 -> C | H65: ='Kertas Kerja'!I708 -> 1
A66: =A65+1 -> 57 | B66: Kelulusan tepat waktu. Tabel 8.c LKPS | C66: ='Kertas Kerja'!F722 -> Deskripsi dan penjelasan tentang indikator yang terkait | D66: ='Kertas Kerja'!G722 -> Deskripsi identifikasi risiko tentang indikator yang terkait | E66: ='Kertas Kerja'!J722 -> RENDAH | G66: ='Kertas Kerja'!H722 -> C | H66: ='Kertas Kerja'!I722 -> 1
A67: =A66+1 -> 58 | B67: Keberhasilan studi. Tabel 8.c LKPS | C67: ='Kertas Kerja'!F734 -> Deskripsi dan penjelasan tentang indikator yang terkait | D67: ='Kertas Kerja'!G734 -> Deskripsi identifikasi risiko tentang indikator yang terkait | E67: ='Kertas Kerja'!J734 -> TINGGI | G67: ='Kertas Kerja'!H734 -> B | H67: ='Kertas Kerja'!I734 -> 4
A68: =A67+1 -> 59 | B68: Pelaksanaan tracer study yang mencakup 5 aspek sebagai berikut: 1) pelaksanaan tracer study terkoordinasi di tingkat PT, 2) kegiatan tracer study dilakukan secara reguler setiap tahun dan terdokumentasi, 3) isi kuesioner mencakup seluruh pertanyaan inti tracer study DIKTI, 4) ditargetkan pada seluruh populasi (lulusan TS-4 s.d. TS-2), dan 5) hasilnya disosialisasikan dan digunakan untuk pengembangan kurikulum dan pembelajaran. | C68: ='Kertas Kerja'!F745 -> Deskripsi dan penjelasan tentang indikator yang terkait | D68: ='Kertas Kerja'!G745 -> Deskripsi identifikasi risiko tentang indikator yang terkait | E68: ='Kertas Kerja'!J745 -> TINGGI | G68: ='Kertas Kerja'!H745 -> B | H68: ='Kertas Kerja'!I745 -> 4
A69: =A68+1 -> 60 | B69: Waktu tunggu. Tabel 8.d.1) LKPS | C69: ='Kertas Kerja'!F753 -> Deskripsi dan penjelasan tentang indikator yang terkait | D69: ='Kertas Kerja'!G753 -> Deskripsi identifikasi risiko tentang indikator yang terkait | E69: ='Kertas Kerja'!J753 -> TINGGI | G69: ='Kertas Kerja'!H753 -> B | H69: ='Kertas Kerja'!I753 -> 4
A70: =A69+1 -> 61 | B70: Kesesuaian bidang kerja. Tabel 8.d.2) LKPS | C70: ='Kertas Kerja'!F782 -> Deskripsi dan penjelasan tentang indikator yang terkait | D70: ='Kertas Kerja'!G782 -> Deskripsi identifikasi risiko tentang indikator yang terkait | E70: ='Kertas Kerja'!J782 -> TINGGI | G70: ='Kertas Kerja'!H782 -> B | H70: ='Kertas Kerja'!I782 -> 4
A71: =A70+1 -> 62 | B71: Tingkat dan ukuran tempat kerja lulusan. Tabel 8.e.1) LKPS | C71: ='Kertas Kerja'!F809 -> Deskripsi dan penjelasan tentang indikator yang terkait | D71: ='Kertas Kerja'!G809 -> Deskripsi identifikasi risiko tentang indikator yang terkait | E71: ='Kertas Kerja'!J809 -> TINGGI | G71: ='Kertas Kerja'!H809 -> B | H71: ='Kertas Kerja'!I809 -> 4
A72: =A71+1 -> 63 | B72: Tingkat kepuasan pengguna lulusan. Tabel 8.e.2) LKPS | C72: ='Kertas Kerja'!F842 -> Deskripsi dan penjelasan tentang indikator yang terkait | D72: ='Kertas Kerja'!G842 -> Deskripsi identifikasi risiko tentang indikator yang terkait | E72: ='Kertas Kerja'!J842 -> TINGGI | G72: ='Kertas Kerja'!H842 -> B | H72: ='Kertas Kerja'!I842 -> 4
A73: =A72+1 -> 64 | B73: C.9.4.b) Luaran Dharma Penelitian dan PkM Publikasi ilmiah mahasiswa, yang dihasilkan secara mandiri atau bersama DTPS, dengan judul yang relevan dengan bidang program studi dalam 3 tahun terakhir. Tabel 8.f.1) LKPS | C73: ='Kertas Kerja'!F890 -> Deskripsi dan penjelasan tentang indikator yang terkait | D73: ='Kertas Kerja'!G890 -> Deskripsi identifikasi risiko tentang indikator yang terkait | E73: ='Kertas Kerja'!J890 -> TINGGI | G73: ='Kertas Kerja'!H890 -> B | H73: ='Kertas Kerja'!I890 -> 4
A76: =A73+1 -> 65 | B76: Luaran penelitian dan PkM yang dihasilkan mahasiswa, baik secara mandiri atau bersama DTPS dalam 3 tahun terakhir. Tabel 8.f.4) LKPS | C76: ='Kertas Kerja'!F915 -> Deskripsi dan penjelasan tentang indikator yang terkait | D76: ='Kertas Kerja'!G915 -> Deskripsi identifikasi risiko tentang indikator yang terkait | E76: ='Kertas Kerja'!J915 -> TINGGI | G76: ='Kertas Kerja'!H915 -> B | H76: ='Kertas Kerja'!I915 -> 4
A77: =A76+1 -> 66 | B77: D Analisis dan Penetapan Program Pengembangan D.1 Analisis dan Capaian Kinerja Keserbacakupan (kelengkapan, keluasan, dan kedalaman), ketepatan, ketajaman, dan kesesuaian analisis capaian kinerja serta konsistensi dengan setiap kriteria. | C77: ='Kertas Kerja'!F924 -> Deskripsi dan penjelasan tentang indikator yang terkait | D77: ='Kertas Kerja'!G924 -> Deskripsi identifikasi risiko tentang indikator yang terkait | E77: ='Kertas Kerja'!J924 -> TINGGI | G77: ='Kertas Kerja'!H924 -> B | H77: ='Kertas Kerja'!I924 -> 4
A78: =A77+1 -> 67 | B78: D.2 Analisis SWOT atau Analisis Lain yang Relevan Ketepatan analisis SWOT atau analisis yang relevan di dalam mengembangkan strategi. | C78: ='Kertas Kerja'!F932 -> Deskripsi dan penjelasan tentang indikator yang terkait | D78: ='Kertas Kerja'!G932 -> Deskripsi identifikasi risiko tentang indikator yang terkait | E78: ='Kertas Kerja'!J932 -> TINGGI | G78: ='Kertas Kerja'!H932 -> B | H78: ='Kertas Kerja'!I932 -> 4
A79: =A78+1 -> 68 | B79: D.3 Program Pengembangan Ketepatan di dalam menetapkan prioritas program pengembangan. | C79: ='Kertas Kerja'!F940 -> Deskripsi dan penjelasan tentang indikator yang terkait | D79: ='Kertas Kerja'!G940 -> Deskripsi identifikasi risiko tentang indikator yang terkait | E79: ='Kertas Kerja'!J940 -> TINGGI | G79: ='Kertas Kerja'!H940 -> B | H79: ='Kertas Kerja'!I940 -> 4
A80: =A79+1 -> 69 | B80: D.4 Program Keberlanjutan UPPS memiliki kebijakan, ketersediaan sumberdaya, kemampuan melaksanakan, dan kerealistikan program. | C80: ='Kertas Kerja'!F948 -> Deskripsi dan penjelasan tentang indikator yang terkait | D80: ='Kertas Kerja'!G948 -> Deskripsi identifikasi risiko tentang indikator yang terkait | E80: ='Kertas Kerja'!J948 -> TINGGI | G80: ='Kertas Kerja'!H948 -> B | H80: ='Kertas Kerja'!I948 -> 4

Sheet Peta Risiko
A1: PETA RISIKO
A2: ='Isian Prodi'!C5 -> Prodi A
B4: TINGKAT KEMUNGKINAN | C4: Sangat Besar | D4: E | E4: =C15&" "&C16&" "&C17&" "&C18&" "&C19&" "&C20&" "&C21&" "&C22&" "&C23&" "&C24&" "&C25&" "&C26&" "&C27&" "&C28&" "&C29&" "&C30&" "&C31&" "&C32&" "&C33&" "&C34&" "&C35&" "&C36&" "&C37&" "&C38&" "&C39&" "&C40&" "&C41&" "&C42&" "&C43&" "&C44&" "&C45&" "&C46&" "&C47&" "&C48&" "&C49&" "&C50&" "&C51&" "&C52&" "&C53&" "&C54&" "&C55&" "&C56&" "&C57&" "&C58&" "&C59&" "&C60&" "&C61&" "&C62&" "&C63&" "&C64&" "&C65&" "&C66&" "&C67&" "&C68&" "&C69&" "&C70&" "&C71&" "&C72&" "&C73&" "&C74&" "&C75&" "&C76&" "&C77&" "&C78&" "&C79&" "&C80&" "&C81&" "&C82&" "&C83 -> 2 4 5 6 7 8 9 10 11 12 13 14 15 16 | F4: =D15&" "&D16&" "&D17&" "&D18&" "&D19&" "&D20&" "&D21&" "&D22&" "&D23&" "&D24&" "&D25&" "&D26&" "&D27&" "&D28&" "&D29&" "&D30&" "&D31&" "&D32&" "&D33&" "&D34&" "&D35&" "&D36&" "&D37&" "&D38&" "&D39&" "&D40&" "&D41&" "&D42&" "&D43&" "&D44&" "&D45&" "&D46&" "&D47&" "&D48&" "&D49&" "&D50&" "&D51&" "&D52&" "&D53&" "&D54&" "&D55&" "&D56&" "&D57&" "&D58&" "&D59&" "&D60&" "&D61&" "&D62&" "&D63&" "&D64&" "&D65&" "&D66&" "&D67&" "&D68&" "&D69&" "&D70&" "&D71&" "&D72&" "&D73&" "&D74&" "&D75&" "&D76&" "&D77&" "&D78&" "&D79&" "&D80&" "&D81&" "&D82&" "&D83 | G4: =E15&" "&E16&" "&E17&" "&E18&" "&E19&" "&E20&" "&E21&" "&E22&" "&E23&" "&E24&" "&E25&" "&E26&" "&E27&" "&E28&" "&E29&" "&E30&" "&E31&" "&E32&" "&E33&" "&E34&" "&E35&" "&E36&" "&E37&" "&E38&" "&E39&" "&E40&" "&E41&" "&E42&" "&E43&" "&E44&" "&E45&" "&E46&" "&E47&" "&E48&" "&E49&" "&E50&" "&E51&" "&E52&" "&E53&" "&E54&" "&E55&" "&E56&" "&E57&" "&E58&" "&E59&" "&E60&" "&E61&" "&E62&" "&E63&" "&E64&" "&E65&" "&E66&" "&E67&" "&E68&" "&E69&" "&E70&" "&E71&" "&E72&" "&E73&" "&E74&" "&E75&" "&E76&" "&E77&" "&E78&" "&E79&" "&E80&" "&E81&" "&E82&" "&E83 | H4: =F15&" "&F16&" "&F17&" "&F18&" "&F19&" "&F20&" "&F21&" "&F22&" "&F23&" "&F24&" "&F25&" "&F26&" "&F27&" "&F28&" "&F29&" "&F30&" "&F31&" "&F32&" "&F33&" "&F34&" "&F35&" "&F36&" "&F37&" "&F38&" "&F39&" "&F40&" "&F41&" "&F42&" "&F43&" "&F44&" "&F45&" "&F46&" "&F47&" "&F48&" "&F49&" "&F50&" "&F51&" "&F52&" "&F53&" "&F54&" "&F55&" "&F56&" "&F57&" "&F58&" "&F59&" "&F60&" "&F61&" "&F62&" "&F63&" "&F64&" "&F65&" "&F66&" "&F67&" "&F68&" "&F69&" "&F70&" "&F71&" "&F72&" "&F73&" "&F74&" "&F75&" "&F76&" "&F77&" "&F78&" "&F79&" "&F80&" "&F81&" "&F82&" "&F83 -> 3 | I4: =G15&" "&G16&" "&G17&" "&G18&" "&G19&" "&G20&" "&G21&" "&G22&" "&G23&" "&G24&" "&G25&" "&G26&" "&G27&" "&G28&" "&G29&" "&G30&" "&G31&" "&G32&" "&G33&" "&G34&" "&G35&" "&G36&" "&G37&" "&G38&" "&G39&" "&G40&" "&G41&" "&G42&" "&G43&" "&G44&" "&G45&" "&G46&" "&G47&" "&G48&" "&G49&" "&G50&" "&G51&" "&G52&" "&G53&" "&G54&" "&G55&" "&G56&" "&G57&" "&G58&" "&G59&" "&G60&" "&G61&" "&G62&" "&G63&" "&G64&" "&G65&" "&G66&" "&G67&" "&G68&" "&G69&" "&G70&" "&G71&" "&G72&" "&G73&" "&G74&" "&G75&" "&G76&" "&G77&" "&G78&" "&G79&" "&G80&" "&G81&" "&G82&" "&G83
C5: Besar | D5: D | E5: =H15&" "&H16&" "&H17&" "&H18&" "&H19&" "&H20&" "&H21&" "&H22&" "&H23&" "&H24&" "&H25&" "&H26&" "&H27&" "&H28&" "&H29&" "&H30&" "&H31&" "&H32&" "&H33&" "&H34&" "&H35&" "&H36&" "&H37&" "&H38&" "&H39&" "&H40&" "&H41&" "&H42&" "&H43&" "&H44&" "&H45&" "&H46&" "&H47&" "&H48&" "&H49&" "&H50&" "&H51&" "&H52&" "&H53&" "&H54&" "&H55&" "&H56&" "&H57&" "&H58&" "&H59&" "&H60&" "&H61&" "&H62&" "&H63&" "&H64&" "&H65&" "&H66&" "&H67&" "&H68&" "&H69&" "&H70&" "&H71&" "&H72&" "&H73&" "&H74&" "&H75&" "&H76&" "&H77&" "&H78&" "&H79&" "&H80&" "&H81&" "&H82&" "&H83 | F5: =I15&" "&I16&" "&I17&" "&I18&" "&I19&" "&I20&" "&I21&" "&I22&" "&I23&" "&I24&" "&I25&" "&I26&" "&I27&" "&I28&" "&I29&" "&I30&" "&I31&" "&I32&" "&I33&" "&I34&" "&I35&" "&I36&" "&I37&" "&I38&" "&I39&" "&I40&" "&I41&" "&I42&" "&I43&" "&I44&" "&I45&" "&I46&" "&I47&" "&I48&" "&I49&" "&I50&" "&I51&" "&I52&" "&I53&" "&I54&" "&I55&" "&I56&" "&I57&" "&I58&" "&I59&" "&I60&" "&I61&" "&I62&" "&I63&" "&I64&" "&I65&" "&I66&" "&I67&" "&I68&" "&I69&" "&I70&" "&I71&" "&I72&" "&I73&" "&I74&" "&I75&" "&I76&" "&I77&" "&I78&" "&I79&" "&I80&" "&I81&" "&I82&" "&I83 | G5: =J15&" "&J16&" "&J17&" "&J18&" "&J19&" "&J20&" "&J21&" "&J22&" "&J23&" "&J24&" "&J25&" "&J26&" "&J27&" "&J28&" "&J29&" "&J30&" "&J31&" "&J32&" "&J33&" "&J34&" "&J35&" "&J36&" "&J37&" "&J38&" "&J39&" "&J40&" "&J41&" "&J42&" "&J43&" "&J44&" "&J45&" "&J46&" "&J47&" "&J48&" "&J49&" "&J50&" "&J51&" "&J52&" "&J53&" "&J54&" "&J55&" "&J56&" "&J57&" "&J58&" "&J59&" "&J60&" "&J61&" "&J62&" "&J63&" "&J64&" "&J65&" "&J66&" "&J67&" "&J68&" "&J69&" "&J70&" "&J71&" "&J72&" "&J73&" "&J74&" "&J75&" "&J76&" "&J77&" "&J78&" "&J79&" "&J80&" "&J81&" "&J82&" "&J83 | H5: =K15&" "&K16&" "&K17&" "&K18&" "&K19&" "&K20&" "&K21&" "&K22&" "&K23&" "&K24&" "&K25&" "&K26&" "&K27&" "&K28&" "&K29&" "&K30&" "&K31&" "&K32&" "&K33&" "&K34&" "&K35&" "&K36&" "&K37&" "&K38&" "&K39&" "&K40&" "&K41&" "&K42&" "&K43&" "&K44&" "&K45&" "&K46&" "&K47&" "&K48&" "&K49&" "&K50&" "&K51&" "&K52&" "&K53&" "&K54&" "&K55&" "&K56&" "&K57&" "&K58&" "&K59&" "&K60&" "&K61&" "&K62&" "&K63&" "&K64&" "&K65&" "&K66&" "&K67&" "&K68&" "&K69&" "&K70&" "&K71&" "&K72&" "&K73&" "&K74&" "&K75&" "&K76&" "&K77&" "&K78&" "&K79&" "&K80&" "&K81&" "&K82&" "&K83 | I5: =L15&" "&L16&" "&L17&" "&L18&" "&L19&" "&L20&" "&L21&" "&L22&" "&L23&" "&L24&" "&L25&" "&L26&" "&L27&" "&L28&" "&L29&" "&L30&" "&L31&" "&L32&" "&L33&" "&L34&" "&L35&" "&L36&" "&L37&" "&L38&" "&L39&" "&L40&" "&L41&" "&L42&" "&L43&" "&L44&" "&L45&" "&L46&" "&L47&" "&L48&" "&L49&" "&L50&" "&L51&" "&L52&" "&L53&" "&L54&" "&L55&" "&L56&" "&L57&" "&L58&" "&L59&" "&L60&" "&L61&" "&L62&" "&L63&" "&L64&" "&L65&" "&L66&" "&L67&" "&L68&" "&L69&" "&L70&" "&L71&" "&L72&" "&L73&" "&L74&" "&L75&" "&L76&" "&L77&" "&L78&" "&L79&" "&L80&" "&L81&" "&L82&" "&L83
C6: Sedang | D6: C | E6: =M15&" "&M16&" "&M17&" "&M18&" "&M19&" "&M20&" "&M21&" "&M22&" "&M23&" "&M24&" "&M25&" "&M26&" "&M27&" "&M28&" "&M29&" "&M30&" "&M31&" "&M32&" "&M33&" "&M34&" "&M35&" "&M36&" "&M37&" "&M38&" "&M39&" "&M40&" "&M41&" "&M42&" "&M43&" "&M44&" "&M45&" "&M46&" "&M47&" "&M48&" "&M49&" "&M50&" "&M51&" "&M52&" "&M53&" "&M54&" "&M55&" "&M56&" "&M57&" "&M58&" "&M59&" "&M60&" "&M61&" "&M62&" "&M63&" "&M64&" "&M65&" "&M66&" "&M67&" "&M68&" "&M69&" "&M70&" "&M71&" "&M72&" "&M73&" "&M74&" "&M75&" "&M76&" "&M77&" "&M78&" "&M79&" "&M80&" "&M81&" "&M82&" "&M83 -> 23 24 25 26 27 28 29 30 31 32 33 34 35 36 37 38 39 40 41 42 43 45 46 48 49 50 51 52 53 54 55 56 57 | F6: =N15&" "&N16&" "&N17&" "&N18&" "&N19&" "&N20&" "&N21&" "&N22&" "&N23&" "&N24&" "&N25&" "&N26&" "&N27&" "&N28&" "&N29&" "&N30&" "&N31&" "&N32&" "&N33&" "&N34&" "&N35&" "&N36&" "&N37&" "&N38&" "&N39&" "&N40&" "&N41&" "&N42&" "&N43&" "&N44&" "&N45&" "&N46&" "&N47&" "&N48&" "&N49&" "&N50&" "&N51&" "&N52&" "&N53&" "&N54&" "&N55&" "&N56&" "&N57&" "&N58&" "&N59&" "&N60&" "&N61&" "&N62&" "&N63&" "&N64&" "&N65&" "&N66&" "&N67&" "&N68&" "&N69&" "&N70&" "&N71&" "&N72&" "&N73&" "&N74&" "&N75&" "&N76&" "&N77&" "&N78&" "&N79&" "&N80&" "&N81&" "&N82&" "&N83 | G6: =O15&" "&O16&" "&O17&" "&O18&" "&O19&" "&O20&" "&O21&" "&O22&" "&O23&" "&O24&" "&O25&" "&O26&" "&O27&" "&O28&" "&O29&" "&O30&" "&O31&" "&O32&" "&O33&" "&O34&" "&O35&" "&O36&" "&O37&" "&O38&" "&O39&" "&O40&" "&O41&" "&O42&" "&O43&" "&O44&" "&O45&" "&O46&" "&O47&" "&O48&" "&O49&" "&O50&" "&O51&" "&O52&" "&O53&" "&O54&" "&O55&" "&O56&" "&O57&" "&O58&" "&O59&" "&O60&" "&O61&" "&O62&" "&O63&" "&O64&" "&O65&" "&O66&" "&O67&" "&O68&" "&O69&" "&O70&" "&O71&" "&O72&" "&O73&" "&O74&" "&O75&" "&O76&" "&O77&" "&O78&" "&O79&" "&O80&" "&O81&" "&O82&" "&O83 -> 17 | H6: =P15&" "&P16&" "&P17&" "&P18&" "&P19&" "&P20&" "&P21&" "&P22&" "&P23&" "&P24&" "&P25&" "&P26&" "&P27&" "&P28&" "&P29&" "&P30&" "&P31&" "&P32&" "&P33&" "&P34&" "&P35&" "&P36&" "&P37&" "&P38&" "&P39&" "&P40&" "&P41&" "&P42&" "&P43&" "&P44&" "&P45&" "&P46&" "&P47&" "&P48&" "&P49&" "&P50&" "&P51&" "&P52&" "&P53&" "&P54&" "&P55&" "&P56&" "&P57&" "&P58&" "&P59&" "&P60&" "&P61&" "&P62&" "&P63&" "&P64&" "&P65&" "&P66&" "&P67&" "&P68&" "&P69&" "&P70&" "&P71&" "&P72&" "&P73&" "&P74&" "&P75&" "&P76&" "&P77&" "&P78&" "&P79&" "&P80&" "&P81&" "&P82&" "&P83 -> 1 | I6: =Q15&" "&Q16&" "&Q17&" "&Q18&" "&Q19&" "&Q20&" "&Q21&" "&Q22&" "&Q23&" "&Q24&" "&Q25&" "&Q26&" "&Q27&" "&Q28&" "&Q29&" "&Q30&" "&Q31&" "&Q32&" "&Q33&" "&Q34&" "&Q35&" "&Q36&" "&Q37&" "&Q38&" "&Q39&" "&Q40&" "&Q41&" "&Q42&" "&Q43&" "&Q44&" "&Q45&" "&Q46&" "&Q47&" "&Q48&" "&Q49&" "&Q50&" "&Q51&" "&Q52&" "&Q53&" "&Q54&" "&Q55&" "&Q56&" "&Q57&" "&Q58&" "&Q59&" "&Q60&" "&Q61&" "&Q62&" "&Q63&" "&Q64&" "&Q65&" "&Q66&" "&Q67&" "&Q68&" "&Q69&" "&Q70&" "&Q71&" "&Q72&" "&Q73&" "&Q74&" "&Q75&" "&Q76&" "&Q77&" "&Q78&" "&Q79&" "&Q80&" "&Q81&" "&Q82&" "&Q83
C7: Kecil | D7: B | E7: =R15&" "&R16&" "&R17&" "&R18&" "&R19&" "&R20&" "&R21&" "&R22&" "&R23&" "&R24&" "&R25&" "&R26&" "&R27&" "&R28&" "&R29&" "&R30&" "&R31&" "&R32&" "&R33&" "&R34&" "&R35&" "&R36&" "&R37&" "&R38&" "&R39&" "&R40&" "&R41&" "&R42&" "&R43&" "&R44&" "&R45&" "&R46&" "&R47&" "&R48&" "&R49&" "&R50&" "&R51&" "&R52&" "&R53&" "&R54&" "&R55&" "&R56&" "&R57&" "&R58&" "&R59&" "&R60&" "&R61&" "&R62&" "&R63&" "&R64&" "&R65&" "&R66&" "&R67&" "&R68&" "&R69&" "&R70&" "&R71&" "&R72&" "&R73&" "&R74&" "&R75&" "&R76&" "&R77&" "&R78&" "&R79&" "&R80&" "&R81&" "&R82&" "&R83 | F7: =S15&" "&S16&" "&S17&" "&S18&" "&S19&" "&S20&" "&S21&" "&S22&" "&S23&" "&S24&" "&S25&" "&S26&" "&S27&" "&S28&" "&S29&" "&S30&" "&S31&" "&S32&" "&S33&" "&S34&" "&S35&" "&S36&" "&S37&" "&S38&" "&S39&" "&S40&" "&S41&" "&S42&" "&S43&" "&S44&" "&S45&" "&S46&" "&S47&" "&S48&" "&S49&" "&S50&" "&S51&" "&S52&" "&S53&" "&S54&" "&S55&" "&S56&" "&S57&" "&S58&" "&S59&" "&S60&" "&S61&" "&S62&" "&S63&" "&S64&" "&S65&" "&S66&" "&S67&" "&S68&" "&S69&" "&S70&" "&S71&" "&S72&" "&S73&" "&S74&" "&S75&" "&S76&" "&S77&" "&S78&" "&S79&" "&S80&" "&S81&" "&S82&" "&S83 | G7: =T15&" "&T16&" "&T17&" "&T18&" "&T19&" "&T20&" "&T21&" "&T22&" "&T23&" "&T24&" "&T25&" "&T26&" "&T27&" "&T28&" "&T29&" "&T30&" "&T31&" "&T32&" "&T33&" "&T34&" "&T35&" "&T36&" "&T37&" "&T38&" "&T39&" "&T40&" "&T41&" "&T42&" "&T43&" "&T44&" "&T45&" "&T46&" "&T47&" "&T48&" "&T49&" "&T50&" "&T51&" "&T52&" "&T53&" "&T54&" "&T55&" "&T56&" "&T57&" "&T58&" "&T59&" "&T60&" "&T61&" "&T62&" "&T63&" "&T64&" "&T65&" "&T66&" "&T67&" "&T68&" "&T69&" "&T70&" "&T71&" "&T72&" "&T73&" "&T74&" "&T75&" "&T76&" "&T77&" "&T78&" "&T79&" "&T80&" "&T81&" "&T82&" "&T83 | H7: =U15&" "&U16&" "&U17&" "&U18&" "&U19&" "&U20&" "&U21&" "&U22&" "&U23&" "&U24&" "&U25&" "&U26&" "&U27&" "&U28&" "&U29&" "&U30&" "&U31&" "&U32&" "&U33&" "&U34&" "&U35&" "&U36&" "&U37&" "&U38&" "&U39&" "&U40&" "&U41&" "&U42&" "&U43&" "&U44&" "&U45&" "&U46&" "&U47&" "&U48&" "&U49&" "&U50&" "&U51&" "&U52&" "&U53&" "&U54&" "&U55&" "&U56&" "&U57&" "&U58&" "&U59&" "&U60&" "&U61&" "&U62&" "&U63&" "&U64&" "&U65&" "&U66&" "&U67&" "&U68&" "&U69&" "&U70&" "&U71&" "&U72&" "&U73&" "&U74&" "&U75&" "&U76&" "&U77&" "&U78&" "&U79&" "&U80&" "&U81&" "&U82&" "&U83 -> 58 59 60 61 62 63 64 65 66 67 68 69 | I7: =V15&" "&V16&" "&V17&" "&V18&" "&V19&" "&V20&" "&V21&" "&V22&" "&V23&" "&V24&" "&V25&" "&V26&" "&V27&" "&V28&" "&V29&" "&V30&" "&V31&" "&V32&" "&V33&" "&V34&" "&V35&" "&V36&" "&V37&" "&V38&" "&V39&" "&V40&" "&V41&" "&V42&" "&V43&" "&V44&" "&V45&" "&V46&" "&V47&" "&V48&" "&V49&" "&V50&" "&V51&" "&V52&" "&V53&" "&V54&" "&V55&" "&V56&" "&V57&" "&V58&" "&V59&" "&V60&" "&V61&" "&V62&" "&V63&" "&V64&" "&V65&" "&V66&" "&V67&" "&V68&" "&V69&" "&V70&" "&V71&" "&V72&" "&V73&" "&V74&" "&V75&" "&V76&" "&V77&" "&V78&" "&V79&" "&V80&" "&V81&" "&V82&" "&V83
C8: Sangat Kecil | D8: A | E8: =W15&" "&W16&" "&W17&" "&W18&" "&W19&" "&W20&" "&W21&" "&W22&" "&W23&" "&W24&" "&W25&" "&W26&" "&W27&" "&W28&" "&W29&" "&W30&" "&W31&" "&W32&" "&W33&" "&W34&" "&W35&" "&W36&" "&W37&" "&W38&" "&W39&" "&W40&" "&W41&" "&W42&" "&W43&" "&W44&" "&W45&" "&W46&" "&W47&" "&W48&" "&W49&" "&W50&" "&W51&" "&W52&" "&W53&" "&W54&" "&W55&" "&W56&" "&W57&" "&W58&" "&W59&" "&W60&" "&W61&" "&W62&" "&W63&" "&W64&" "&W65&" "&W66&" "&W67&" "&W68&" "&W69&" "&W70&" "&W71&" "&W72&" "&W73&" "&W74&" "&W75&" "&W76&" "&W77&" "&W78&" "&W79&" "&W80&" "&W81&" "&W82&" "&W83 -> 18 19 20 21 22 | F8: =X15&" "&X16&" "&X17&" "&X18&" "&X19&" "&X20&" "&X21&" "&X22&" "&X23&" "&X24&" "&X25&" "&X26&" "&X27&" "&X28&" "&X29&" "&X30&" "&X31&" "&X32&" "&X33&" "&X34&" "&X35&" "&X36&" "&X37&" "&X38&" "&X39&" "&X40&" "&X41&" "&X42&" "&X43&" "&X44&" "&X45&" "&X46&" "&X47&" "&X48&" "&X49&" "&X50&" "&X51&" "&X52&" "&X53&" "&X54&" "&X55&" "&X56&" "&X57&" "&X58&" "&X59&" "&X60&" "&X61&" "&X62&" "&X63&" "&X64&" "&X65&" "&X66&" "&X67&" "&X68&" "&X69&" "&X70&" "&X71&" "&X72&" "&X73&" "&X74&" "&X75&" "&X76&" "&X77&" "&X78&" "&X79&" "&X80&" "&X81&" "&X82&" "&X83 | G8: =Y15&" "&Y16&" "&Y17&" "&Y18&" "&Y19&" "&Y20&" "&Y21&" "&Y22&" "&Y23&" "&Y24&" "&Y25&" "&Y26&" "&Y27&" "&Y28&" "&Y29&" "&Y30&" "&Y31&" "&Y32&" "&Y33&" "&Y34&" "&Y35&" "&Y36&" "&Y37&" "&Y38&" "&Y39&" "&Y40&" "&Y41&" "&Y42&" "&Y43&" "&Y44&" "&Y45&" "&Y46&" "&Y47&" "&Y48&" "&Y49&" "&Y50&" "&Y51&" "&Y52&" "&Y53&" "&Y54&" "&Y55&" "&Y56&" "&Y57&" "&Y58&" "&Y59&" "&Y60&" "&Y61&" "&Y62&" "&Y63&" "&Y64&" "&Y65&" "&Y66&" "&Y67&" "&Y68&" "&Y69&" "&Y70&" "&Y71&" "&Y72&" "&Y73&" "&Y74&" "&Y75&" "&Y76&" "&Y77&" "&Y78&" "&Y79&" "&Y80&" "&Y81&" "&Y82&" "&Y83 | H8: =Z15&" "&Z16&" "&Z17&" "&Z18&" "&Z19&" "&Z20&" "&Z21&" "&Z22&" "&Z23&" "&Z24&" "&Z25&" "&Z26&" "&Z27&" "&Z28&" "&Z29&" "&Z30&" "&Z31&" "&Z32&" "&Z33&" "&Z34&" "&Z35&" "&Z36&" "&Z37&" "&Z38&" "&Z39&" "&Z40&" "&Z41&" "&Z42&" "&Z43&" "&Z44&" "&Z45&" "&Z46&" "&Z47&" "&Z48&" "&Z49&" "&Z50&" "&Z51&" "&Z52&" "&Z53&" "&Z54&" "&Z55&" "&Z56&" "&Z57&" "&Z58&" "&Z59&" "&Z60&" "&Z61&" "&Z62&" "&Z63&" "&Z64&" "&Z65&" "&Z66&" "&Z67&" "&Z68&" "&Z69&" "&Z70&" "&Z71&" "&Z72&" "&Z73&" "&Z74&" "&Z75&" "&Z76&" "&Z77&" "&Z78&" "&Z79&" "&Z80&" "&Z81&" "&Z82&" "&Z83 | I8: =AA15&" "&AA16&" "&AA17&" "&AA18&" "&AA19&" "&AA20&" "&AA21&" "&AA22&" "&AA23&" "&AA24&" "&AA25&" "&AA26&" "&AA27&" "&AA28&" "&AA29&" "&AA30&" "&AA31&" "&AA32&" "&AA33&" "&AA34&" "&AA35&" "&AA36&" "&AA37&" "&AA38&" "&AA39&" "&AA40&" "&AA41&" "&AA42&" "&AA43&" "&AA44&" "&AA45&" "&AA46&" "&AA47&" "&AA48&" "&AA49&" "&AA50&" "&AA51&" "&AA52&" "&AA53&" "&AA54&" "&AA55&" "&AA56&" "&AA57&" "&AA58&" "&AA59&" "&AA60&" "&AA61&" "&AA62&" "&AA63&" "&AA64&" "&AA65&" "&AA66&" "&AA67&" "&AA68&" "&AA69&" "&AA70&" "&AA71&" "&AA72&" "&AA73&" "&AA74&" "&AA75&" "&AA76&" "&AA77&" "&AA78&" "&AA79&" "&AA80&" "&AA81&" "&AA82&" "&AA83
E9: 1 | F9: 2 | G9: 3 | H9: 4 | I9: 5
E10: Tidak Signifikan | F10: Minor | G10: Medium | H10: Signifikan | I10: Malapetaka
E11: SKALA DAMPAK
F13: RENDAH | G13: MODERAT | H13: TINGGI | I13: EKSTREM
C14: E1 | D14: E2 | E14: E3 | F14: E4 | G14: E5 | H14: D1 | I14: D2 | J14: D3 | K14: D4 | L14: D5 | M14: C1 | N14: C2 | O14: C3 | P14: C4 | Q14: C5 | R14: B1 | S14: B2 | T14: B3 | U14: B4 | V14: B5 | W14: A1 | X14: A2 | Y14: A3 | Z14: A4 | AA14: A5
B15: 1 | C15: =IF(AND('Lap ED'!G6='Peta Risiko'!$D$4,'Lap ED'!H6='Peta Risiko'!$E$9),'Lap ED'!A6,"") | D15: =IF(AND('Lap ED'!G6='Peta Risiko'!$D$4,'Lap ED'!H6='Peta Risiko'!$F$9),'Lap ED'!A6,"") | E15: =IF(AND('Lap ED'!G6='Peta Risiko'!$D$4,'Lap ED'!H6='Peta Risiko'!$G$9),'Lap ED'!A6,"") | F15: =IF(AND('Lap ED'!G6='Peta Risiko'!$D$4,'Lap ED'!H6='Peta Risiko'!$H$9),'Lap ED'!A6,"") | G15: =IF(AND('Lap ED'!G6='Peta Risiko'!$D$4,'Lap ED'!H6='Peta Risiko'!$I$9),'Lap ED'!A6,"") | H15: =IF(AND('Lap ED'!G6='Peta Risiko'!$D$5,'Lap ED'!H6='Peta Risiko'!$E$9),'Lap ED'!A6,"") | I15: =IF(AND('Lap ED'!G6='Peta Risiko'!$D$5,'Lap ED'!H6='Peta Risiko'!$F$9),'Lap ED'!A6,"") | J15: =IF(AND('Lap ED'!G6='Peta Risiko'!$D$5,'Lap ED'!H6='Peta Risiko'!$G$9),'Lap ED'!A6,"") | K15: =IF(AND('Lap ED'!G6='Peta Risiko'!$D$5,'Lap ED'!H6='Peta Risiko'!$H$9),'Lap ED'!A6,"") | L15: =IF(AND('Lap ED'!G6='Peta Risiko'!$D$5,'Lap ED'!H6='Peta Risiko'!$I$9),'Lap ED'!A6,"") | M15: =IF(AND('Lap ED'!G6='Peta Risiko'!$D$6,'Lap ED'!H6='Peta Risiko'!$E$9),'Lap ED'!A6,"") | N15: =IF(AND('Lap ED'!G6='Peta Risiko'!$D$6,'Lap ED'!H6='Peta Risiko'!$F$9),'Lap ED'!A6,"") | O15: =IF(AND('Lap ED'!G6='Peta Risiko'!$D$6,'Lap ED'!H6='Peta Risiko'!$G$9),'Lap ED'!A6,"") | P15: =IF(AND('Lap ED'!G6='Peta Risiko'!$D$6,'Lap ED'!H6='Peta Risiko'!$H$9),'Lap ED'!A6,"") -> 1 | Q15: =IF(AND('Lap ED'!G6='Peta Risiko'!$D$6,'Lap ED'!H6='Peta Risiko'!$I$9),'Lap ED'!A6,"") | R15: =IF(AND('Lap ED'!G6='Peta Risiko'!$D$7,'Lap ED'!H6='Peta Risiko'!$E$9),'Lap ED'!A6,"") | S15: =IF(AND('Lap ED'!G6='Peta Risiko'!$D$7,'Lap ED'!H6='Peta Risiko'!$F$9),'Lap ED'!A6,"") | T15: =IF(AND('Lap ED'!G6='Peta Risiko'!$D$7,'Lap ED'!H6='Peta Risiko'!$G$9),'Lap ED'!A6,"") | U15: =IF(AND('Lap ED'!G6='Peta Risiko'!$D$7,'Lap ED'!H6='Peta Risiko'!$H$9),'Lap ED'!A6,"") | V15: =IF(AND('Lap ED'!G6='Peta Risiko'!$D$7,'Lap ED'!H6='Peta Risiko'!$I$9),'Lap ED'!A6,"") | W15: =IF(AND('Lap ED'!G6='Peta Risiko'!$D$8,'Lap ED'!H6='Peta Risiko'!$E$9),'Lap ED'!A6,"") | X15: =IF(AND('Lap ED'!G6='Peta Risiko'!$D$8,'Lap ED'!H6='Peta Risiko'!$F$9),'Lap ED'!A6,"") | Y15: =IF(AND('Lap ED'!G6='Peta Risiko'!$D$8,'Lap ED'!H6='Peta Risiko'!$G$9),'Lap ED'!A6,"") | Z15: =IF(AND('Lap ED'!G6='Peta Risiko'!$D$8,'Lap ED'!H6='Peta Risiko'!$H$9),'Lap ED'!A6,"") | AA15: =IF(AND('Lap ED'!G6='Peta Risiko'!$D$8,'Lap ED'!H6='Peta Risiko'!$I$9),'Lap ED'!A6,"")
B16: 2 | C16: =IF(AND('Lap ED'!G7='Peta Risiko'!$D$4,'Lap ED'!H7='Peta Risiko'!$E$9),'Lap ED'!A7,"") -> 2 | D16: =IF(AND('Lap ED'!G7='Peta Risiko'!$D$4,'Lap ED'!H7='Peta Risiko'!$F$9),'Lap ED'!A7,"") | E16: =IF(AND('Lap ED'!G7='Peta Risiko'!$D$4,'Lap ED'!H7='Peta Risiko'!$G$9),'Lap ED'!A7,"") | F16: =IF(AND('Lap ED'!G7='Peta Risiko'!$D$4,'Lap ED'!H7='Peta Risiko'!$H$9),'Lap ED'!A7,"") | G16: =IF(AND('Lap ED'!G7='Peta Risiko'!$D$4,'Lap ED'!H7='Peta Risiko'!$I$9),'Lap ED'!A7,"") | H16: =IF(AND('Lap ED'!G7='Peta Risiko'!$D$5,'Lap ED'!H7='Peta Risiko'!$E$9),'Lap ED'!A7,"") | I16: =IF(AND('Lap ED'!G7='Peta Risiko'!$D$5,'Lap ED'!H7='Peta Risiko'!$F$9),'Lap ED'!A7,"") | J16: =IF(AND('Lap ED'!G7='Peta Risiko'!$D$5,'Lap ED'!H7='Peta Risiko'!$G$9),'Lap ED'!A7,"") | K16: =IF(AND('Lap ED'!G7='Peta Risiko'!$D$5,'Lap ED'!H7='Peta Risiko'!$H$9),'Lap ED'!A7,"") | L16: =IF(AND('Lap ED'!G7='Peta Risiko'!$D$5,'Lap ED'!H7='Peta Risiko'!$I$9),'Lap ED'!A7,"") | M16: =IF(AND('Lap ED'!G7='Peta Risiko'!$D$6,'Lap ED'!H7='Peta Risiko'!$E$9),'Lap ED'!A7,"") | N16: =IF(AND('Lap ED'!G7='Peta Risiko'!$D$6,'Lap ED'!H7='Peta Risiko'!$F$9),'Lap ED'!A7,"") | O16: =IF(AND('Lap ED'!G7='Peta Risiko'!$D$6,'Lap ED'!H7='Peta Risiko'!$G$9),'Lap ED'!A7,"") | P16: =IF(AND('Lap ED'!G7='Peta Risiko'!$D$6,'Lap ED'!H7='Peta Risiko'!$H$9),'Lap ED'!A7,"") | Q16: =IF(AND('Lap ED'!G7='Peta Risiko'!$D$6,'Lap ED'!H7='Peta Risiko'!$I$9),'Lap ED'!A7,"") | R16: =IF(AND('Lap ED'!G7='Peta Risiko'!$D$7,'Lap ED'!H7='Peta Risiko'!$E$9),'Lap ED'!A7,"") | S16: =IF(AND('Lap ED'!G7='Peta Risiko'!$D$7,'Lap ED'!H7='Peta Risiko'!$F$9),'Lap ED'!A7,"") | T16: =IF(AND('Lap ED'!G7='Peta Risiko'!$D$7,'Lap ED'!H7='Peta Risiko'!$G$9),'Lap ED'!A7,"") | U16: =IF(AND('Lap ED'!G7='Peta Risiko'!$D$7,'Lap ED'!H7='Peta Risiko'!$H$9),'Lap ED'!A7,"") | V16: =IF(AND('Lap ED'!G7='Peta Risiko'!$D$7,'Lap ED'!H7='Peta Risiko'!$I$9),'Lap ED'!A7,"") | W16: =IF(AND('Lap ED'!G7='Peta Risiko'!$D$8,'Lap ED'!H7='Peta Risiko'!$E$9),'Lap ED'!A7,"") | X16: =IF(AND('Lap ED'!G7='Peta Risiko'!$D$8,'Lap ED'!H7='Peta Risiko'!$F$9),'Lap ED'!A7,"") | Y16: =IF(AND('Lap ED'!G7='Peta Risiko'!$D$8,'Lap ED'!H7='Peta Risiko'!$G$9),'Lap ED'!A7,"") | Z16: =IF(AND('Lap ED'!G7='Peta Risiko'!$D$8,'Lap ED'!H7='Peta Risiko'!$H$9),'Lap ED'!A7,"") | AA16: =IF(AND('Lap ED'!G7='Peta Risiko'!$D$8,'Lap ED'!H7='Peta Risiko'!$I$9),'Lap ED'!A7,"")
B17: 3 | C17: =IF(AND('Lap ED'!G8='Peta Risiko'!$D$4,'Lap ED'!H8='Peta Risiko'!$E$9),'Lap ED'!A8,"") | D17: =IF(AND('Lap ED'!G8='Peta Risiko'!$D$4,'Lap ED'!H8='Peta Risiko'!$F$9),'Lap ED'!A8,"") | E17: =IF(AND('Lap ED'!G8='Peta Risiko'!$D$4,'Lap ED'!H8='Peta Risiko'!$G$9),'Lap ED'!A8,"") | F17: =IF(AND('Lap ED'!G8='Peta Risiko'!$D$4,'Lap ED'!H8='Peta Risiko'!$H$9),'Lap ED'!A8,"") -> 3 | G17: =IF(AND('Lap ED'!G8='Peta Risiko'!$D$4,'Lap ED'!H8='Peta Risiko'!$I$9),'Lap ED'!A8,"") | H17: =IF(AND('Lap ED'!G8='Peta Risiko'!$D$5,'Lap ED'!H8='Peta Risiko'!$E$9),'Lap ED'!A8,"") | I17: =IF(AND('Lap ED'!G8='Peta Risiko'!$D$5,'Lap ED'!H8='Peta Risiko'!$F$9),'Lap ED'!A8,"") | J17: =IF(AND('Lap ED'!G8='Peta Risiko'!$D$5,'Lap ED'!H8='Peta Risiko'!$G$9),'Lap ED'!A8,"") | K17: =IF(AND('Lap ED'!G8='Peta Risiko'!$D$5,'Lap ED'!H8='Peta Risiko'!$H$9),'Lap ED'!A8,"") | L17: =IF(AND('Lap ED'!G8='Peta Risiko'!$D$5,'Lap ED'!H8='Peta Risiko'!$I$9),'Lap ED'!A8,"") | M17: =IF(AND('Lap ED'!G8='Peta Risiko'!$D$6,'Lap ED'!H8='Peta Risiko'!$E$9),'Lap ED'!A8,"") | N17: =IF(AND('Lap ED'!G8='Peta Risiko'!$D$6,'Lap ED'!H8='Peta Risiko'!$F$9),'Lap ED'!A8,"") | O17: =IF(AND('Lap ED'!G8='Peta Risiko'!$D$6,'Lap ED'!H8='Peta Risiko'!$G$9),'Lap ED'!A8,"") | P17: =IF(AND('Lap ED'!G8='Peta Risiko'!$D$6,'Lap ED'!H8='Peta Risiko'!$H$9),'Lap ED'!A8,"") | Q17: =IF(AND('Lap ED'!G8='Peta Risiko'!$D$6,'Lap ED'!H8='Peta Risiko'!$I$9),'Lap ED'!A8,"") | R17: =IF(AND('Lap ED'!G8='Peta Risiko'!$D$7,'Lap ED'!H8='Peta Risiko'!$E$9),'Lap ED'!A8,"") | S17: =IF(AND('Lap ED'!G8='Peta Risiko'!$D$7,'Lap ED'!H8='Peta Risiko'!$F$9),'Lap ED'!A8,"") | T17: =IF(AND('Lap ED'!G8='Peta Risiko'!$D$7,'Lap ED'!H8='Peta Risiko'!$G$9),'Lap ED'!A8,"") | U17: =IF(AND('Lap ED'!G8='Peta Risiko'!$D$7,'Lap ED'!H8='Peta Risiko'!$H$9),'Lap ED'!A8,"") | V17: =IF(AND('Lap ED'!G8='Peta Risiko'!$D$7,'Lap ED'!H8='Peta Risiko'!$I$9),'Lap ED'!A8,"") | W17: =IF(AND('Lap ED'!G8='Peta Risiko'!$D$8,'Lap ED'!H8='Peta Risiko'!$E$9),'Lap ED'!A8,"") | X17: =IF(AND('Lap ED'!G8='Peta Risiko'!$D$8,'Lap ED'!H8='Peta Risiko'!$F$9),'Lap ED'!A8,"") | Y17: =IF(AND('Lap ED'!G8='Peta Risiko'!$D$8,'Lap ED'!H8='Peta Risiko'!$G$9),'Lap ED'!A8,"") | Z17: =IF(AND('Lap ED'!G8='Peta Risiko'!$D$8,'Lap ED'!H8='Peta Risiko'!$H$9),'Lap ED'!A8,"") | AA17: =IF(AND('Lap ED'!G8='Peta Risiko'!$D$8,'Lap ED'!H8='Peta Risiko'!$I$9),'Lap ED'!A8,"")
B18: 4 | C18: =IF(AND('Lap ED'!G9='Peta Risiko'!$D$4,'Lap ED'!H9='Peta Risiko'!$E$9),'Lap ED'!A9,"") -> 4 | D18: =IF(AND('Lap ED'!G9='Peta Risiko'!$D$4,'Lap ED'!H9='Peta Risiko'!$F$9),'Lap ED'!A9,"") | E18: =IF(AND('Lap ED'!G9='Peta Risiko'!$D$4,'Lap ED'!H9='Peta Risiko'!$G$9),'Lap ED'!A9,"") | F18: =IF(AND('Lap ED'!G9='Peta Risiko'!$D$4,'Lap ED'!H9='Peta Risiko'!$H$9),'Lap ED'!A9,"") | G18: =IF(AND('Lap ED'!G9='Peta Risiko'!$D$4,'Lap ED'!H9='Peta Risiko'!$I$9),'Lap ED'!A9,"") | H18: =IF(AND('Lap ED'!G9='Peta Risiko'!$D$5,'Lap ED'!H9='Peta Risiko'!$E$9),'Lap ED'!A9,"") | I18: =IF(AND('Lap ED'!G9='Peta Risiko'!$D$5,'Lap ED'!H9='Peta Risiko'!$F$9),'Lap ED'!A9,"") | J18: =IF(AND('Lap ED'!G9='Peta Risiko'!$D$5,'Lap ED'!H9='Peta Risiko'!$G$9),'Lap ED'!A9,"") | K18: =IF(AND('Lap ED'!G9='Peta Risiko'!$D$5,'Lap ED'!H9='Peta Risiko'!$H$9),'Lap ED'!A9,"") | L18: =IF(AND('Lap ED'!G9='Peta Risiko'!$D$5,'Lap ED'!H9='Peta Risiko'!$I$9),'Lap ED'!A9,"") | M18: =IF(AND('Lap ED'!G9='Peta Risiko'!$D$6,'Lap ED'!H9='Peta Risiko'!$E$9),'Lap ED'!A9,"") | N18: =IF(AND('Lap ED'!G9='Peta Risiko'!$D$6,'Lap ED'!H9='Peta Risiko'!$F$9),'Lap ED'!A9,"") | O18: =IF(AND('Lap ED'!G9='Peta Risiko'!$D$6,'Lap ED'!H9='Peta Risiko'!$G$9),'Lap ED'!A9,"") | P18: =IF(AND('Lap ED'!G9='Peta Risiko'!$D$6,'Lap ED'!H9='Peta Risiko'!$H$9),'Lap ED'!A9,"") | Q18: =IF(AND('Lap ED'!G9='Peta Risiko'!$D$6,'Lap ED'!H9='Peta Risiko'!$I$9),'Lap ED'!A9,"") | R18: =IF(AND('Lap ED'!G9='Peta Risiko'!$D$7,'Lap ED'!H9='Peta Risiko'!$E$9),'Lap ED'!A9,"") | S18: =IF(AND('Lap ED'!G9='Peta Risiko'!$D$7,'Lap ED'!H9='Peta Risiko'!$F$9),'Lap ED'!A9,"") | T18: =IF(AND('Lap ED'!G9='Peta Risiko'!$D$7,'Lap ED'!H9='Peta Risiko'!$G$9),'Lap ED'!A9,"") | U18: =IF(AND('Lap ED'!G9='Peta Risiko'!$D$7,'Lap ED'!H9='Peta Risiko'!$H$9),'Lap ED'!A9,"") | V18: =IF(AND('Lap ED'!G9='Peta Risiko'!$D$7,'Lap ED'!H9='Peta Risiko'!$I$9),'Lap ED'!A9,"") | W18: =IF(AND('Lap ED'!G9='Peta Risiko'!$D$8,'Lap ED'!H9='Peta Risiko'!$E$9),'Lap ED'!A9,"") | X18: =IF(AND('Lap ED'!G9='Peta Risiko'!$D$8,'Lap ED'!H9='Peta Risiko'!$F$9),'Lap ED'!A9,"") | Y18: =IF(AND('Lap ED'!G9='Peta Risiko'!$D$8,'Lap ED'!H9='Peta Risiko'!$G$9),'Lap ED'!A9,"") | Z18: =IF(AND('Lap ED'!G9='Peta Risiko'!$D$8,'Lap ED'!H9='Peta Risiko'!$H$9),'Lap ED'!A9,"") | AA18: =IF(AND('Lap ED'!G9='Peta Risiko'!$D$8,'Lap ED'!H9='Peta Risiko'!$I$9),'Lap ED'!A9,"")
B19: 5 | C19: =IF(AND('Lap ED'!G10='Peta Risiko'!$D$4,'Lap ED'!H10='Peta Risiko'!$E$9),'Lap ED'!A10,"") -> 5 | D19: =IF(AND('Lap ED'!G10='Peta Risiko'!$D$4,'Lap ED'!H10='Peta Risiko'!$F$9),'Lap ED'!A10,"") | E19: =IF(AND('Lap ED'!G10='Peta Risiko'!$D$4,'Lap ED'!H10='Peta Risiko'!$G$9),'Lap ED'!A10,"") | F19: =IF(AND('Lap ED'!G10='Peta Risiko'!$D$4,'Lap ED'!H10='Peta Risiko'!$H$9),'Lap ED'!A10,"") | G19: =IF(AND('Lap ED'!G10='Peta Risiko'!$D$4,'Lap ED'!H10='Peta Risiko'!$I$9),'Lap ED'!A10,"") | H19: =IF(AND('Lap ED'!G10='Peta Risiko'!$D$5,'Lap ED'!H10='Peta Risiko'!$E$9),'Lap ED'!A10,"") | I19: =IF(AND('Lap ED'!G10='Peta Risiko'!$D$5,'Lap ED'!H10='Peta Risiko'!$F$9),'Lap ED'!A10,"") | J19: =IF(AND('Lap ED'!G10='Peta Risiko'!$D$5,'Lap ED'!H10='Peta Risiko'!$G$9),'Lap ED'!A10,"") | K19: =IF(AND('Lap ED'!G10='Peta Risiko'!$D$5,'Lap ED'!H10='Peta Risiko'!$H$9),'Lap ED'!A10,"") | L19: =IF(AND('Lap ED'!G10='Peta Risiko'!$D$5,'Lap ED'!H10='Peta Risiko'!$I$9),'Lap ED'!A10,"") | M19: =IF(AND('Lap ED'!G10='Peta Risiko'!$D$6,'Lap ED'!H10='Peta Risiko'!$E$9),'Lap ED'!A10,"") | N19: =IF(AND('Lap ED'!G10='Peta Risiko'!$D$6,'Lap ED'!H10='Peta Risiko'!$F$9),'Lap ED'!A10,"") | O19: =IF(AND('Lap ED'!G10='Peta Risiko'!$D$6,'Lap ED'!H10='Peta Risiko'!$G$9),'Lap ED'!A10,"") | P19: =IF(AND('Lap ED'!G10='Peta Risiko'!$D$6,'Lap ED'!H10='Peta Risiko'!$H$9),'Lap ED'!A10,"") | Q19: =IF(AND('Lap ED'!G10='Peta Risiko'!$D$6,'Lap ED'!H10='Peta Risiko'!$I$9),'Lap ED'!A10,"") | R19: =IF(AND('Lap ED'!G10='Peta Risiko'!$D$7,'Lap ED'!H10='Peta Risiko'!$E$9),'Lap ED'!A10,"") | S19: =IF(AND('Lap ED'!G10='Peta Risiko'!$D$7,'Lap ED'!H10='Peta Risiko'!$F$9),'Lap ED'!A10,"") | T19: =IF(AND('Lap ED'!G10='Peta Risiko'!$D$7,'Lap ED'!H10='Peta Risiko'!$G$9),'Lap ED'!A10,"") | U19: =IF(AND('Lap ED'!G10='Peta Risiko'!$D$7,'Lap ED'!H10='Peta Risiko'!$H$9),'Lap ED'!A10,"") | V19: =IF(AND('Lap ED'!G10='Peta Risiko'!$D$7,'Lap ED'!H10='Peta Risiko'!$I$9),'Lap ED'!A10,"") | W19: =IF(AND('Lap ED'!G10='Peta Risiko'!$D$8,'Lap ED'!H10='Peta Risiko'!$E$9),'Lap ED'!A10,"") | X19: =IF(AND('Lap ED'!G10='Peta Risiko'!$D$8,'Lap ED'!H10='Peta Risiko'!$F$9),'Lap ED'!A10,"") | Y19: =IF(AND('Lap ED'!G10='Peta Risiko'!$D$8,'Lap ED'!H10='Peta Risiko'!$G$9),'Lap ED'!A10,"") | Z19: =IF(AND('Lap ED'!G10='Peta Risiko'!$D$8,'Lap ED'!H10='Peta Risiko'!$H$9),'Lap ED'!A10,"") | AA19: =IF(AND('Lap ED'!G10='Peta Risiko'!$D$8,'Lap ED'!H10='Peta Risiko'!$I$9),'Lap ED'!A10,"")
B20: 6 | C20: =IF(AND('Lap ED'!G11='Peta Risiko'!$D$4,'Lap ED'!H11='Peta Risiko'!$E$9),'Lap ED'!A11,"") -> 6 | D20: =IF(AND('Lap ED'!G11='Peta Risiko'!$D$4,'Lap ED'!H11='Peta Risiko'!$F$9),'Lap ED'!A11,"") | E20: =IF(AND('Lap ED'!G11='Peta Risiko'!$D$4,'Lap ED'!H11='Peta Risiko'!$G$9),'Lap ED'!A11,"") | F20: =IF(AND('Lap ED'!G11='Peta Risiko'!$D$4,'Lap ED'!H11='Peta Risiko'!$H$9),'Lap ED'!A11,"") | G20: =IF(AND('Lap ED'!G11='Peta Risiko'!$D$4,'Lap ED'!H11='Peta Risiko'!$I$9),'Lap ED'!A11,"") | H20: =IF(AND('Lap ED'!G11='Peta Risiko'!$D$5,'Lap ED'!H11='Peta Risiko'!$E$9),'Lap ED'!A11,"") | I20: =IF(AND('Lap ED'!G11='Peta Risiko'!$D$5,'Lap ED'!H11='Peta Risiko'!$F$9),'Lap ED'!A11,"") | J20: =IF(AND('Lap ED'!G11='Peta Risiko'!$D$5,'Lap ED'!H11='Peta Risiko'!$G$9),'Lap ED'!A11,"") | K20: =IF(AND('Lap ED'!G11='Peta Risiko'!$D$5,'Lap ED'!H11='Peta Risiko'!$H$9),'Lap ED'!A11,"") | L20: =IF(AND('Lap ED'!G11='Peta Risiko'!$D$5,'Lap ED'!H11='Peta Risiko'!$I$9),'Lap ED'!A11,"") | M20: =IF(AND('Lap ED'!G11='Peta Risiko'!$D$6,'Lap ED'!H11='Peta Risiko'!$E$9),'Lap ED'!A11,"") | N20: =IF(AND('Lap ED'!G11='Peta Risiko'!$D$6,'Lap ED'!H11='Peta Risiko'!$F$9),'Lap ED'!A11,"") | O20: =IF(AND('Lap ED'!G11='Peta Risiko'!$D$6,'Lap ED'!H11='Peta Risiko'!$G$9),'Lap ED'!A11,"") | P20: =IF(AND('Lap ED'!G11='Peta Risiko'!$D$6,'Lap ED'!H11='Peta Risiko'!$H$9),'Lap ED'!A11,"") | Q20: =IF(AND('Lap ED'!G11='Peta Risiko'!$D$6,'Lap ED'!H11='Peta Risiko'!$I$9),'Lap ED'!A11,"") | R20: =IF(AND('Lap ED'!G11='Peta Risiko'!$D$7,'Lap ED'!H11='Peta Risiko'!$E$9),'Lap ED'!A11,"") | S20: =IF(AND('Lap ED'!G11='Peta Risiko'!$D$7,'Lap ED'!H11='Peta Risiko'!$F$9),'Lap ED'!A11,"") | T20: =IF(AND('Lap ED'!G11='Peta Risiko'!$D$7,'Lap ED'!H11='Peta Risiko'!$G$9),'Lap ED'!A11,"") | U20: =IF(AND('Lap ED'!G11='Peta Risiko'!$D$7,'Lap ED'!H11='Peta Risiko'!$H$9),'Lap ED'!A11,"") | V20: =IF(AND('Lap ED'!G11='Peta Risiko'!$D$7,'Lap ED'!H11='Peta Risiko'!$I$9),'Lap ED'!A11,"") | W20: =IF(AND('Lap ED'!G11='Peta Risiko'!$D$8,'Lap ED'!H11='Peta Risiko'!$E$9),'Lap ED'!A11,"") | X20: =IF(AND('Lap ED'!G11='Peta Risiko'!$D$8,'Lap ED'!H11='Peta Risiko'!$F$9),'Lap ED'!A11,"") | Y20: =IF(AND('Lap ED'!G11='Peta Risiko'!$D$8,'Lap ED'!H11='Peta Risiko'!$G$9),'Lap ED'!A11,"") | Z20: =IF(AND('Lap ED'!G11='Peta Risiko'!$D$8,'Lap ED'!H11='Peta Risiko'!$H$9),'Lap ED'!A11,"") | AA20: =IF(AND('Lap ED'!G11='Peta Risiko'!$D$8,'Lap ED'!H11='Peta Risiko'!$I$9),'Lap ED'!A11,"")
B21: 7 | C21: =IF(AND('Lap ED'!G12='Peta Risiko'!$D$4,'Lap ED'!H12='Peta Risiko'!$E$9),'Lap ED'!A12,"") -> 7 | D21: =IF(AND('Lap ED'!G12='Peta Risiko'!$D$4,'Lap ED'!H12='Peta Risiko'!$F$9),'Lap ED'!A12,"") | E21: =IF(AND('Lap ED'!G12='Peta Risiko'!$D$4,'Lap ED'!H12='Peta Risiko'!$G$9),'Lap ED'!A12,"") | F21: =IF(AND('Lap ED'!G12='Peta Risiko'!$D$4,'Lap ED'!H12='Peta Risiko'!$H$9),'Lap ED'!A12,"") | G21: =IF(AND('Lap ED'!G12='Peta Risiko'!$D$4,'Lap ED'!H12='Peta Risiko'!$I$9),'Lap ED'!A12,"") | H21: =IF(AND('Lap ED'!G12='Peta Risiko'!$D$5,'Lap ED'!H12='Peta Risiko'!$E$9),'Lap ED'!A12,"") | I21: =IF(AND('Lap ED'!G12='Peta Risiko'!$D$5,'Lap ED'!H12='Peta Risiko'!$F$9),'Lap ED'!A12,"") | J21: =IF(AND('Lap ED'!G12='Peta Risiko'!$D$5,'Lap ED'!H12='Peta Risiko'!$G$9),'Lap ED'!A12,"") | K21: =IF(AND('Lap ED'!G12='Peta Risiko'!$D$5,'Lap ED'!H12='Peta Risiko'!$H$9),'Lap ED'!A12,"") | L21: =IF(AND('Lap ED'!G12='Peta Risiko'!$D$5,'Lap ED'!H12='Peta Risiko'!$I$9),'Lap ED'!A12,"") | M21: =IF(AND('Lap ED'!G12='Peta Risiko'!$D$6,'Lap ED'!H12='Peta Risiko'!$E$9),'Lap ED'!A12,"") | N21: =IF(AND('Lap ED'!G12='Peta Risiko'!$D$6,'Lap ED'!H12='Peta Risiko'!$F$9),'Lap ED'!A12,"") | O21: =IF(AND('Lap ED'!G12='Peta Risiko'!$D$6,'Lap ED'!H12='Peta Risiko'!$G$9),'Lap ED'!A12,"") | P21: =IF(AND('Lap ED'!G12='Peta Risiko'!$D$6,'Lap ED'!H12='Peta Risiko'!$H$9),'Lap ED'!A12,"") | Q21: =IF(AND('Lap ED'!G12='Peta Risiko'!$D$6,'Lap ED'!H12='Peta Risiko'!$I$9),'Lap ED'!A12,"") | R21: =IF(AND('Lap ED'!G12='Peta Risiko'!$D$7,'Lap ED'!H12='Peta Risiko'!$E$9),'Lap ED'!A12,"") | S21: =IF(AND('Lap ED'!G12='Peta Risiko'!$D$7,'Lap ED'!H12='Peta Risiko'!$F$9),'Lap ED'!A12,"") | T21: =IF(AND('Lap ED'!G12='Peta Risiko'!$D$7,'Lap ED'!H12='Peta Risiko'!$G$9),'Lap ED'!A12,"") | U21: =IF(AND('Lap ED'!G12='Peta Risiko'!$D$7,'Lap ED'!H12='Peta Risiko'!$H$9),'Lap ED'!A12,"") | V21: =IF(AND('Lap ED'!G12='Peta Risiko'!$D$7,'Lap ED'!H12='Peta Risiko'!$I$9),'Lap ED'!A12,"") | W21: =IF(AND('Lap ED'!G12='Peta Risiko'!$D$8,'Lap ED'!H12='Peta Risiko'!$E$9),'Lap ED'!A12,"") | X21: =IF(AND('Lap ED'!G12='Peta Risiko'!$D$8,'Lap ED'!H12='Peta Risiko'!$F$9),'Lap ED'!A12,"") | Y21: =IF(AND('Lap ED'!G12='Peta Risiko'!$D$8,'Lap ED'!H12='Peta Risiko'!$G$9),'Lap ED'!A12,"") | Z21: =IF(AND('Lap ED'!G12='Peta Risiko'!$D$8,'Lap ED'!H12='Peta Risiko'!$H$9),'Lap ED'!A12,"") | AA21: =IF(AND('Lap ED'!G12='Peta Risiko'!$D$8,'Lap ED'!H12='Peta Risiko'!$I$9),'Lap ED'!A12,"")
B22: 8 | C22: =IF(AND('Lap ED'!G13='Peta Risiko'!$D$4,'Lap ED'!H13='Peta Risiko'!$E$9),'Lap ED'!A13,"") -> 8 | D22: =IF(AND('Lap ED'!G13='Peta Risiko'!$D$4,'Lap ED'!H13='Peta Risiko'!$F$9),'Lap ED'!A13,"") | E22: =IF(AND('Lap ED'!G13='Peta Risiko'!$D$4,'Lap ED'!H13='Peta Risiko'!$G$9),'Lap ED'!A13,"") | F22: =IF(AND('Lap ED'!G13='Peta Risiko'!$D$4,'Lap ED'!H13='Peta Risiko'!$H$9),'Lap ED'!A13,"") | G22: =IF(AND('Lap ED'!G13='Peta Risiko'!$D$4,'Lap ED'!H13='Peta Risiko'!$I$9),'Lap ED'!A13,"") | H22: =IF(AND('Lap ED'!G13='Peta Risiko'!$D$5,'Lap ED'!H13='Peta Risiko'!$E$9),'Lap ED'!A13,"") | I22: =IF(AND('Lap ED'!G13='Peta Risiko'!$D$5,'Lap ED'!H13='Peta Risiko'!$F$9),'Lap ED'!A13,"") | J22: =IF(AND('Lap ED'!G13='Peta Risiko'!$D$5,'Lap ED'!H13='Peta Risiko'!$G$9),'Lap ED'!A13,"") | K22: =IF(AND('Lap ED'!G13='Peta Risiko'!$D$5,'Lap ED'!H13='Peta Risiko'!$H$9),'Lap ED'!A13,"") | L22: =IF(AND('Lap ED'!G13='Peta Risiko'!$D$5,'Lap ED'!H13='Peta Risiko'!$I$9),'Lap ED'!A13,"") | M22: =IF(AND('Lap ED'!G13='Peta Risiko'!$D$6,'Lap ED'!H13='Peta Risiko'!$E$9),'Lap ED'!A13,"") | N22: =IF(AND('Lap ED'!G13='Peta Risiko'!$D$6,'Lap ED'!H13='Peta Risiko'!$F$9),'Lap ED'!A13,"") | O22: =IF(AND('Lap ED'!G13='Peta Risiko'!$D$6,'Lap ED'!H13='Peta Risiko'!$G$9),'Lap ED'!A13,"") | P22: =IF(AND('Lap ED'!G13='Peta Risiko'!$D$6,'Lap ED'!H13='Peta Risiko'!$H$9),'Lap ED'!A13,"") | Q22: =IF(AND('Lap ED'!G13='Peta Risiko'!$D$6,'Lap ED'!H13='Peta Risiko'!$I$9),'Lap ED'!A13,"") | R22: =IF(AND('Lap ED'!G13='Peta Risiko'!$D$7,'Lap ED'!H13='Peta Risiko'!$E$9),'Lap ED'!A13,"") | S22: =IF(AND('Lap ED'!G13='Peta Risiko'!$D$7,'Lap ED'!H13='Peta Risiko'!$F$9),'Lap ED'!A13,"") | T22: =IF(AND('Lap ED'!G13='Peta Risiko'!$D$7,'Lap ED'!H13='Peta Risiko'!$G$9),'Lap ED'!A13,"") | U22: =IF(AND('Lap ED'!G13='Peta Risiko'!$D$7,'Lap ED'!H13='Peta Risiko'!$H$9),'Lap ED'!A13,"") | V22: =IF(AND('Lap ED'!G13='Peta Risiko'!$D$7,'Lap ED'!H13='Peta Risiko'!$I$9),'Lap ED'!A13,"") | W22: =IF(AND('Lap ED'!G13='Peta Risiko'!$D$8,'Lap ED'!H13='Peta Risiko'!$E$9),'Lap ED'!A13,"") | X22: =IF(AND('Lap ED'!G13='Peta Risiko'!$D$8,'Lap ED'!H13='Peta Risiko'!$F$9),'Lap ED'!A13,"") | Y22: =IF(AND('Lap ED'!G13='Peta Risiko'!$D$8,'Lap ED'!H13='Peta Risiko'!$G$9),'Lap ED'!A13,"") | Z22: =IF(AND('Lap ED'!G13='Peta Risiko'!$D$8,'Lap ED'!H13='Peta Risiko'!$H$9),'Lap ED'!A13,"") | AA22: =IF(AND('Lap ED'!G13='Peta Risiko'!$D$8,'Lap ED'!H13='Peta Risiko'!$I$9),'Lap ED'!A13,"")
B23: 9 | C23: =IF(AND('Lap ED'!G14='Peta Risiko'!$D$4,'Lap ED'!H14='Peta Risiko'!$E$9),'Lap ED'!A14,"") -> 9 | D23: =IF(AND('Lap ED'!G14='Peta Risiko'!$D$4,'Lap ED'!H14='Peta Risiko'!$F$9),'Lap ED'!A14,"") | E23: =IF(AND('Lap ED'!G14='Peta Risiko'!$D$4,'Lap ED'!H14='Peta Risiko'!$G$9),'Lap ED'!A14,"") | F23: =IF(AND('Lap ED'!G14='Peta Risiko'!$D$4,'Lap ED'!H14='Peta Risiko'!$H$9),'Lap ED'!A14,"") | G23: =IF(AND('Lap ED'!G14='Peta Risiko'!$D$4,'Lap ED'!H14='Peta Risiko'!$I$9),'Lap ED'!A14,"") | H23: =IF(AND('Lap ED'!G14='Peta Risiko'!$D$5,'Lap ED'!H14='Peta Risiko'!$E$9),'Lap ED'!A14,"") | I23: =IF(AND('Lap ED'!G14='Peta Risiko'!$D$5,'Lap ED'!H14='Peta Risiko'!$F$9),'Lap ED'!A14,"") | J23: =IF(AND('Lap ED'!G14='Peta Risiko'!$D$5,'Lap ED'!H14='Peta Risiko'!$G$9),'Lap ED'!A14,"") | K23: =IF(AND('Lap ED'!G14='Peta Risiko'!$D$5,'Lap ED'!H14='Peta Risiko'!$H$9),'Lap ED'!A14,"") | L23: =IF(AND('Lap ED'!G14='Peta Risiko'!$D$5,'Lap ED'!H14='Peta Risiko'!$I$9),'Lap ED'!A14,"") | M23: =IF(AND('Lap ED'!G14='Peta Risiko'!$D$6,'Lap ED'!H14='Peta Risiko'!$E$9),'Lap ED'!A14,"") | N23: =IF(AND('Lap ED'!G14='Peta Risiko'!$D$6,'Lap ED'!H14='Peta Risiko'!$F$9),'Lap ED'!A14,"") | O23: =IF(AND('Lap ED'!G14='Peta Risiko'!$D$6,'Lap ED'!H14='Peta Risiko'!$G$9),'Lap ED'!A14,"") | P23: =IF(AND('Lap ED'!G14='Peta Risiko'!$D$6,'Lap ED'!H14='Peta Risiko'!$H$9),'Lap ED'!A14,"") | Q23: =IF(AND('Lap ED'!G14='Peta Risiko'!$D$6,'Lap ED'!H14='Peta Risiko'!$I$9),'Lap ED'!A14,"") | R23: =IF(AND('Lap ED'!G14='Peta Risiko'!$D$7,'Lap ED'!H14='Peta Risiko'!$E$9),'Lap ED'!A14,"") | S23: =IF(AND('Lap ED'!G14='Peta Risiko'!$D$7,'Lap ED'!H14='Peta Risiko'!$F$9),'Lap ED'!A14,"") | T23: =IF(AND('Lap ED'!G14='Peta Risiko'!$D$7,'Lap ED'!H14='Peta Risiko'!$G$9),'Lap ED'!A14,"") | U23: =IF(AND('Lap ED'!G14='Peta Risiko'!$D$7,'Lap ED'!H14='Peta Risiko'!$H$9),'Lap ED'!A14,"") | V23: =IF(AND('Lap ED'!G14='Peta Risiko'!$D$7,'Lap ED'!H14='Peta Risiko'!$I$9),'Lap ED'!A14,"") | W23: =IF(AND('Lap ED'!G14='Peta Risiko'!$D$8,'Lap ED'!H14='Peta Risiko'!$E$9),'Lap ED'!A14,"") | X23: =IF(AND('Lap ED'!G14='Peta Risiko'!$D$8,'Lap ED'!H14='Peta Risiko'!$F$9),'Lap ED'!A14,"") | Y23: =IF(AND('Lap ED'!G14='Peta Risiko'!$D$8,'Lap ED'!H14='Peta Risiko'!$G$9),'Lap ED'!A14,"") | Z23: =IF(AND('Lap ED'!G14='Peta Risiko'!$D$8,'Lap ED'!H14='Peta Risiko'!$H$9),'Lap ED'!A14,"") | AA23: =IF(AND('Lap ED'!G14='Peta Risiko'!$D$8,'Lap ED'!H14='Peta Risiko'!$I$9),'Lap ED'!A14,"")
B24: 10 | C24: =IF(AND('Lap ED'!G15='Peta Risiko'!$D$4,'Lap ED'!H15='Peta Risiko'!$E$9),'Lap ED'!A15,"") -> 10 | D24: =IF(AND('Lap ED'!G15='Peta Risiko'!$D$4,'Lap ED'!H15='Peta Risiko'!$F$9),'Lap ED'!A15,"") | E24: =IF(AND('Lap ED'!G15='Peta Risiko'!$D$4,'Lap ED'!H15='Peta Risiko'!$G$9),'Lap ED'!A15,"") | F24: =IF(AND('Lap ED'!G15='Peta Risiko'!$D$4,'Lap ED'!H15='Peta Risiko'!$H$9),'Lap ED'!A15,"") | G24: =IF(AND('Lap ED'!G15='Peta Risiko'!$D$4,'Lap ED'!H15='Peta Risiko'!$I$9),'Lap ED'!A15,"") | H24: =IF(AND('Lap ED'!G15='Peta Risiko'!$D$5,'Lap ED'!H15='Peta Risiko'!$E$9),'Lap ED'!A15,"") | I24: =IF(AND('Lap ED'!G15='Peta Risiko'!$D$5,'Lap ED'!H15='Peta Risiko'!$F$9),'Lap ED'!A15,"") | J24: =IF(AND('Lap ED'!G15='Peta Risiko'!$D$5,'Lap ED'!H15='Peta Risiko'!$G$9),'Lap ED'!A15,"") | K24: =IF(AND('Lap ED'!G15='Peta Risiko'!$D$5,'Lap ED'!H15='Peta Risiko'!$H$9),'Lap ED'!A15,"") | L24: =IF(AND('Lap ED'!G15='Peta Risiko'!$D$5,'Lap ED'!H15='Peta Risiko'!$I$9),'Lap ED'!A15,"") | M24: =IF(AND('Lap ED'!G15='Peta Risiko'!$D$6,'Lap ED'!H15='Peta Risiko'!$E$9),'Lap ED'!A15,"") | N24: =IF(AND('Lap ED'!G15='Peta Risiko'!$D$6,'Lap ED'!H15='Peta Risiko'!$F$9),'Lap ED'!A15,"") | O24: =IF(AND('Lap ED'!G15='Peta Risiko'!$D$6,'Lap ED'!H15='Peta Risiko'!$G$9),'Lap ED'!A15,"") | P24: =IF(AND('Lap ED'!G15='Peta Risiko'!$D$6,'Lap ED'!H15='Peta Risiko'!$H$9),'Lap ED'!A15,"") | Q24: =IF(AND('Lap ED'!G15='Peta Risiko'!$D$6,'Lap ED'!H15='Peta Risiko'!$I$9),'Lap ED'!A15,"") | R24: =IF(AND('Lap ED'!G15='Peta Risiko'!$D$7,'Lap ED'!H15='Peta Risiko'!$E$9),'Lap ED'!A15,"") | S24: =IF(AND('Lap ED'!G15='Peta Risiko'!$D$7,'Lap ED'!H15='Peta Risiko'!$F$9),'Lap ED'!A15,"") | T24: =IF(AND('Lap ED'!G15='Peta Risiko'!$D$7,'Lap ED'!H15='Peta Risiko'!$G$9),'Lap ED'!A15,"") | U24: =IF(AND('Lap ED'!G15='Peta Risiko'!$D$7,'Lap ED'!H15='Peta Risiko'!$H$9),'Lap ED'!A15,"") | V24: =IF(AND('Lap ED'!G15='Peta Risiko'!$D$7,'Lap ED'!H15='Peta Risiko'!$I$9),'Lap ED'!A15,"") | W24: =IF(AND('Lap ED'!G15='Peta Risiko'!$D$8,'Lap ED'!H15='Peta Risiko'!$E$9),'Lap ED'!A15,"") | X24: =IF(AND('Lap ED'!G15='Peta Risiko'!$D$8,'Lap ED'!H15='Peta Risiko'!$F$9),'Lap ED'!A15,"") | Y24: =IF(AND('Lap ED'!G15='Peta Risiko'!$D$8,'Lap ED'!H15='Peta Risiko'!$G$9),'Lap ED'!A15,"") | Z24: =IF(AND('Lap ED'!G15='Peta Risiko'!$D$8,'Lap ED'!H15='Peta Risiko'!$H$9),'Lap ED'!A15,"") | AA24: =IF(AND('Lap ED'!G15='Peta Risiko'!$D$8,'Lap ED'!H15='Peta Risiko'!$I$9),'Lap ED'!A15,"")
B25: 11 | C25: =IF(AND('Lap ED'!G16='Peta Risiko'!$D$4,'Lap ED'!H16='Peta Risiko'!$E$9),'Lap ED'!A16,"") -> 11 | D25: =IF(AND('Lap ED'!G16='Peta Risiko'!$D$4,'Lap ED'!H16='Peta Risiko'!$F$9),'Lap ED'!A16,"") | E25: =IF(AND('Lap ED'!G16='Peta Risiko'!$D$4,'Lap ED'!H16='Peta Risiko'!$G$9),'Lap ED'!A16,"") | F25: =IF(AND('Lap ED'!G16='Peta Risiko'!$D$4,'Lap ED'!H16='Peta Risiko'!$H$9),'Lap ED'!A16,"") | G25: =IF(AND('Lap ED'!G16='Peta Risiko'!$D$4,'Lap ED'!H16='Peta Risiko'!$I$9),'Lap ED'!A16,"") | H25: =IF(AND('Lap ED'!G16='Peta Risiko'!$D$5,'Lap ED'!H16='Peta Risiko'!$E$9),'Lap ED'!A16,"") | I25: =IF(AND('Lap ED'!G16='Peta Risiko'!$D$5,'Lap ED'!H16='Peta Risiko'!$F$9),'Lap ED'!A16,"") | J25: =IF(AND('Lap ED'!G16='Peta Risiko'!$D$5,'Lap ED'!H16='Peta Risiko'!$G$9),'Lap ED'!A16,"") | K25: =IF(AND('Lap ED'!G16='Peta Risiko'!$D$5,'Lap ED'!H16='Peta Risiko'!$H$9),'Lap ED'!A16,"") | L25: =IF(AND('Lap ED'!G16='Peta Risiko'!$D$5,'Lap ED'!H16='Peta Risiko'!$I$9),'Lap ED'!A16,"") | M25: =IF(AND('Lap ED'!G16='Peta Risiko'!$D$6,'Lap ED'!H16='Peta Risiko'!$E$9),'Lap ED'!A16,"") | N25: =IF(AND('Lap ED'!G16='Peta Risiko'!$D$6,'Lap ED'!H16='Peta Risiko'!$F$9),'Lap ED'!A16,"") | O25: =IF(AND('Lap ED'!G16='Peta Risiko'!$D$6,'Lap ED'!H16='Peta Risiko'!$G$9),'Lap ED'!A16,"") | P25: =IF(AND('Lap ED'!G16='Peta Risiko'!$D$6,'Lap ED'!H16='Peta Risiko'!$H$9),'Lap ED'!A16,"") | Q25: =IF(AND('Lap ED'!G16='Peta Risiko'!$D$6,'Lap ED'!H16='Peta Risiko'!$I$9),'Lap ED'!A16,"") | R25: =IF(AND('Lap ED'!G16='Peta Risiko'!$D$7,'Lap ED'!H16='Peta Risiko'!$E$9),'Lap ED'!A16,"") | S25: =IF(AND('Lap ED'!G16='Peta Risiko'!$D$7,'Lap ED'!H16='Peta Risiko'!$F$9),'Lap ED'!A16,"") | T25: =IF(AND('Lap ED'!G16='Peta Risiko'!$D$7,'Lap ED'!H16='Peta Risiko'!$G$9),'Lap ED'!A16,"") | U25: =IF(AND('Lap ED'!G16='Peta Risiko'!$D$7,'Lap ED'!H16='Peta Risiko'!$H$9),'Lap ED'!A16,"") | V25: =IF(AND('Lap ED'!G16='Peta Risiko'!$D$7,'Lap ED'!H16='Peta Risiko'!$I$9),'Lap ED'!A16,"") | W25: =IF(AND('Lap ED'!G16='Peta Risiko'!$D$8,'Lap ED'!H16='Peta Risiko'!$E$9),'Lap ED'!A16,"") | X25: =IF(AND('Lap ED'!G16='Peta Risiko'!$D$8,'Lap ED'!H16='Peta Risiko'!$F$9),'Lap ED'!A16,"") | Y25: =IF(AND('Lap ED'!G16='Peta Risiko'!$D$8,'Lap ED'!H16='Peta Risiko'!$G$9),'Lap ED'!A16,"") | Z25: =IF(AND('Lap ED'!G16='Peta Risiko'!$D$8,'Lap ED'!H16='Peta Risiko'!$H$9),'Lap ED'!A16,"") | AA25: =IF(AND('Lap ED'!G16='Peta Risiko'!$D$8,'Lap ED'!H16='Peta Risiko'!$I$9),'Lap ED'!A16,"")
B26: 12 | C26: =IF(AND('Lap ED'!G17='Peta Risiko'!$D$4,'Lap ED'!H17='Peta Risiko'!$E$9),'Lap ED'!A17,"") -> 12 | D26: =IF(AND('Lap ED'!G17='Peta Risiko'!$D$4,'Lap ED'!H17='Peta Risiko'!$F$9),'Lap ED'!A17,"") | E26: =IF(AND('Lap ED'!G17='Peta Risiko'!$D$4,'Lap ED'!H17='Peta Risiko'!$G$9),'Lap ED'!A17,"") | F26: =IF(AND('Lap ED'!G17='Peta Risiko'!$D$4,'Lap ED'!H17='Peta Risiko'!$H$9),'Lap ED'!A17,"") | G26: =IF(AND('Lap ED'!G17='Peta Risiko'!$D$4,'Lap ED'!H17='Peta Risiko'!$I$9),'Lap ED'!A17,"") | H26: =IF(AND('Lap ED'!G17='Peta Risiko'!$D$5,'Lap ED'!H17='Peta Risiko'!$E$9),'Lap ED'!A17,"") | I26: =IF(AND('Lap ED'!G17='Peta Risiko'!$D$5,'Lap ED'!H17='Peta Risiko'!$F$9),'Lap ED'!A17,"") | J26: =IF(AND('Lap ED'!G17='Peta Risiko'!$D$5,'Lap ED'!H17='Peta Risiko'!$G$9),'Lap ED'!A17,"") | K26: =IF(AND('Lap ED'!G17='Peta Risiko'!$D$5,'Lap ED'!H17='Peta Risiko'!$H$9),'Lap ED'!A17,"") | L26: =IF(AND('Lap ED'!G17='Peta Risiko'!$D$5,'Lap ED'!H17='Peta Risiko'!$I$9),'Lap ED'!A17,"") | M26: =IF(AND('Lap ED'!G17='Peta Risiko'!$D$6,'Lap ED'!H17='Peta Risiko'!$E$9),'Lap ED'!A17,"") | N26: =IF(AND('Lap ED'!G17='Peta Risiko'!$D$6,'Lap ED'!H17='Peta Risiko'!$F$9),'Lap ED'!A17,"") | O26: =IF(AND('Lap ED'!G17='Peta Risiko'!$D$6,'Lap ED'!H17='Peta Risiko'!$G$9),'Lap ED'!A17,"") | P26: =IF(AND('Lap ED'!G17='Peta Risiko'!$D$6,'Lap ED'!H17='Peta Risiko'!$H$9),'Lap ED'!A17,"") | Q26: =IF(AND('Lap ED'!G17='Peta Risiko'!$D$6,'Lap ED'!H17='Peta Risiko'!$I$9),'Lap ED'!A17,"") | R26: =IF(AND('Lap ED'!G17='Peta Risiko'!$D$7,'Lap ED'!H17='Peta Risiko'!$E$9),'Lap ED'!A17,"") | S26: =IF(AND('Lap ED'!G17='Peta Risiko'!$D$7,'Lap ED'!H17='Peta Risiko'!$F$9),'Lap ED'!A17,"") | T26: =IF(AND('Lap ED'!G17='Peta Risiko'!$D$7,'Lap ED'!H17='Peta Risiko'!$G$9),'Lap ED'!A17,"") | U26: =IF(AND('Lap ED'!G17='Peta Risiko'!$D$7,'Lap ED'!H17='Peta Risiko'!$H$9),'Lap ED'!A17,"") | V26: =IF(AND('Lap ED'!G17='Peta Risiko'!$D$7,'Lap ED'!H17='Peta Risiko'!$I$9),'Lap ED'!A17,"") | W26: =IF(AND('Lap ED'!G17='Peta Risiko'!$D$8,'Lap ED'!H17='Peta Risiko'!$E$9),'Lap ED'!A17,"") | X26: =IF(AND('Lap ED'!G17='Peta Risiko'!$D$8,'Lap ED'!H17='Peta Risiko'!$F$9),'Lap ED'!A17,"") | Y26: =IF(AND('Lap ED'!G17='Peta Risiko'!$D$8,'Lap ED'!H17='Peta Risiko'!$G$9),'Lap ED'!A17,"") | Z26: =IF(AND('Lap ED'!G17='Peta Risiko'!$D$8,'Lap ED'!H17='Peta Risiko'!$H$9),'Lap ED'!A17,"") | AA26: =IF(AND('Lap ED'!G17='Peta Risiko'!$D$8,'Lap ED'!H17='Peta Risiko'!$I$9),'Lap ED'!A17,"")
... B32: 18 | C32: =IF(AND('Lap ED'!G23='Peta Risiko'!$D$4,'Lap ED'!H23='Peta Risiko'!$E$9),'Lap ED'!A23,"") | D32: =IF(AND('Lap ED'!G23='Peta Risiko'!$D$4,'Lap ED'!H23='Peta Risiko'!$F$9),'Lap ED'!A23,"") | E32: =IF(AND('Lap ED'!G23='Peta Risiko'!$D$4,'Lap ED'!H23='Peta Risiko'!$G$9),'Lap ED'!A23,"") | F32: =IF(AND('Lap ED'!G23='Peta Risiko'!$D$4,'Lap ED'!H23='Peta Risiko'!$H$9),'Lap ED'!A23,"") | G32: =IF(AND('Lap ED'!G23='Peta Risiko'!$D$4,'Lap ED'!H23='Peta Risiko'!$I$9),'Lap ED'!A23,"") | H32: =IF(AND('Lap ED'!G23='Peta Risiko'!$D$5,'Lap ED'!H23='Peta Risiko'!$E$9),'Lap ED'!A23,"") | I32: =IF(AND('Lap ED'!G23='Peta Risiko'!$D$5,'Lap ED'!H23='Peta Risiko'!$F$9),'Lap ED'!A23,"") | J32: =IF(AND('Lap ED'!G23='Peta Risiko'!$D$5,'Lap ED'!H23='Peta Risiko'!$G$9),'Lap ED'!A23,"") | K32: =IF(AND('Lap ED'!G23='Peta Risiko'!$D$5,'Lap ED'!H23='Peta Risiko'!$H$9),'Lap ED'!A23,"") | L32: =IF(AND('Lap ED'!G23='Peta Risiko'!$D$5,'Lap ED'!H23='Peta Risiko'!$I$9),'Lap ED'!A23,"") | M32: =IF(AND('Lap ED'!G23='Peta Risiko'!$D$6,'Lap ED'!H23='Peta Risiko'!$E$9),'Lap ED'!A23,"") | N32: =IF(AND('Lap ED'!G23='Peta Risiko'!$D$6,'Lap ED'!H23='Peta Risiko'!$F$9),'Lap ED'!A23,"") | O32: =IF(AND('Lap ED'!G23='Peta Risiko'!$D$6,'Lap ED'!H23='Peta Risiko'!$G$9),'Lap ED'!A23,"") | P32: =IF(AND('Lap ED'!G23='Peta Risiko'!$D$6,'Lap ED'!H23='Peta Risiko'!$H$9),'Lap ED'!A23,"") | Q32: =IF(AND('Lap ED'!G23='Peta Risiko'!$D$6,'Lap ED'!H23='Peta Risiko'!$I$9),'Lap ED'!A23,"") | R32: =IF(AND('Lap ED'!G23='Peta Risiko'!$D$7,'Lap ED'!H23='Peta Risiko'!$E$9),'Lap ED'!A23,"") | S32: =IF(AND('Lap ED'!G23='Peta Risiko'!$D$7,'Lap ED'!H23='Peta Risiko'!$F$9),'Lap ED'!A23,"") | T32: =IF(AND('Lap ED'!G23='Peta Risiko'!$D$7,'Lap ED'!H23='Peta Risiko'!$G$9),'Lap ED'!A23,"") | U32: =IF(AND('Lap ED'!G23='Peta Risiko'!$D$7,'Lap ED'!H23='Peta Risiko'!$H$9),'Lap ED'!A23,"") | V32: =IF(AND('Lap ED'!G23='Peta Risiko'!$D$7,'Lap ED'!H23='Peta Risiko'!$I$9),'Lap ED'!A23,"") | W32: =IF(AND('Lap ED'!G23='Peta Risiko'!$D$8,'Lap ED'!H23='Peta Risiko'!$E$9),'Lap ED'!A23,"") -> 18 | X32: =IF(AND('Lap ED'!G23='Peta Risiko'!$D$8,'Lap ED'!H23='Peta Risiko'!$F$9),'Lap ED'!A23,"") | Y32: =IF(AND('Lap ED'!G23='Peta Risiko'!$D$8,'Lap ED'!H23='Peta Risiko'!$G$9),'Lap ED'!A23,"") | Z32: =IF(AND('Lap ED'!G23='Peta Risiko'!$D$8,'Lap ED'!H23='Peta Risiko'!$H$9),'Lap ED'!A23,"") | AA32: =IF(AND('Lap ED'!G23='Peta Risiko'!$D$8,'Lap ED'!H23='Peta Risiko'!$I$9),'Lap ED'!A23,"")
B33: 19 | C33: =IF(AND('Lap ED'!G25='Peta Risiko'!$D$4,'Lap ED'!H25='Peta Risiko'!$E$9),'Lap ED'!A25,"") | D33: =IF(AND('Lap ED'!G25='Peta Risiko'!$D$4,'Lap ED'!H25='Peta Risiko'!$F$9),'Lap ED'!A25,"") | E33: =IF(AND('Lap ED'!G25='Peta Risiko'!$D$4,'Lap ED'!H25='Peta Risiko'!$G$9),'Lap ED'!A25,"") | F33: =IF(AND('Lap ED'!G25='Peta Risiko'!$D$4,'Lap ED'!H25='Peta Risiko'!$H$9),'Lap ED'!A25,"") | G33: =IF(AND('Lap ED'!G25='Peta Risiko'!$D$4,'Lap ED'!H25='Peta Risiko'!$I$9),'Lap ED'!A25,"") | H33: =IF(AND('Lap ED'!G25='Peta Risiko'!$D$5,'Lap ED'!H25='Peta Risiko'!$E$9),'Lap ED'!A25,"") | I33: =IF(AND('Lap ED'!G25='Peta Risiko'!$D$5,'Lap ED'!H25='Peta Risiko'!$F$9),'Lap ED'!A25,"") | J33: =IF(AND('Lap ED'!G25='Peta Risiko'!$D$5,'Lap ED'!H25='Peta Risiko'!$G$9),'Lap ED'!A25,"") | K33: =IF(AND('Lap ED'!G25='Peta Risiko'!$D$5,'Lap ED'!H25='Peta Risiko'!$H$9),'Lap ED'!A25,"") | L33: =IF(AND('Lap ED'!G25='Peta Risiko'!$D$5,'Lap ED'!H25='Peta Risiko'!$I$9),'Lap ED'!A25,"") | M33: =IF(AND('Lap ED'!G25='Peta Risiko'!$D$6,'Lap ED'!H25='Peta Risiko'!$E$9),'Lap ED'!A25,"") | N33: =IF(AND('Lap ED'!G25='Peta Risiko'!$D$6,'Lap ED'!H25='Peta Risiko'!$F$9),'Lap ED'!A25,"") | O33: =IF(AND('Lap ED'!G25='Peta Risiko'!$D$6,'Lap ED'!H25='Peta Risiko'!$G$9),'Lap ED'!A25,"") | P33: =IF(AND('Lap ED'!G25='Peta Risiko'!$D$6,'Lap ED'!H25='Peta Risiko'!$H$9),'Lap ED'!A25,"") | Q33: =IF(AND('Lap ED'!G25='Peta Risiko'!$D$6,'Lap ED'!H25='Peta Risiko'!$I$9),'Lap ED'!A25,"") | R33: =IF(AND('Lap ED'!G25='Peta Risiko'!$D$7,'Lap ED'!H25='Peta Risiko'!$E$9),'Lap ED'!A25,"") | S33: =IF(AND('Lap ED'!G25='Peta Risiko'!$D$7,'Lap ED'!H25='Peta Risiko'!$F$9),'Lap ED'!A25,"") | T33: =IF(AND('Lap ED'!G25='Peta Risiko'!$D$7,'Lap ED'!H25='Peta Risiko'!$G$9),'Lap ED'!A25,"") | U33: =IF(AND('Lap ED'!G25='Peta Risiko'!$D$7,'Lap ED'!H25='Peta Risiko'!$H$9),'Lap ED'!A25,"") | V33: =IF(AND('Lap ED'!G25='Peta Risiko'!$D$7,'Lap ED'!H25='Peta Risiko'!$I$9),'Lap ED'!A25,"") | W33: =IF(AND('Lap ED'!G25='Peta Risiko'!$D$8,'Lap ED'!H25='Peta Risiko'!$E$9),'Lap ED'!A25,"") -> 19 | X33: =IF(AND('Lap ED'!G25='Peta Risiko'!$D$8,'Lap ED'!H25='Peta Risiko'!$F$9),'Lap ED'!A25,"") | Y33: =IF(AND('Lap ED'!G25='Peta Risiko'!$D$8,'Lap ED'!H25='Peta Risiko'!$G$9),'Lap ED'!A25,"") | Z33: =IF(AND('Lap ED'!G25='Peta Risiko'!$D$8,'Lap ED'!H25='Peta Risiko'!$H$9),'Lap ED'!A25,"") | AA33: =IF(AND('Lap ED'!G25='Peta Risiko'!$D$8,'Lap ED'!H25='Peta Risiko'!$I$9),'Lap ED'!A25,"")
B34: 20 | C34: =IF(AND('Lap ED'!G26='Peta Risiko'!$D$4,'Lap ED'!H26='Peta Risiko'!$E$9),'Lap ED'!A26,"") | D34: =IF(AND('Lap ED'!G26='Peta Risiko'!$D$4,'Lap ED'!H26='Peta Risiko'!$F$9),'Lap ED'!A26,"") | E34: =IF(AND('Lap ED'!G26='Peta Risiko'!$D$4,'Lap ED'!H26='Peta Risiko'!$G$9),'Lap ED'!A26,"") | F34: =IF(AND('Lap ED'!G26='Peta Risiko'!$D$4,'Lap ED'!H26='Peta Risiko'!$H$9),'Lap ED'!A26,"") | G34: =IF(AND('Lap ED'!G26='Peta Risiko'!$D$4,'Lap ED'!H26='Peta Risiko'!$I$9),'Lap ED'!A26,"") | H34: =IF(AND('Lap ED'!G26='Peta Risiko'!$D$5,'Lap ED'!H26='Peta Risiko'!$E$9),'Lap ED'!A26,"") | I34: =IF(AND('Lap ED'!G26='Peta Risiko'!$D$5,'Lap ED'!H26='Peta Risiko'!$F$9),'Lap ED'!A26,"") | J34: =IF(AND('Lap ED'!G26='Peta Risiko'!$D$5,'Lap ED'!H26='Peta Risiko'!$G$9),'Lap ED'!A26,"") | K34: =IF(AND('Lap ED'!G26='Peta Risiko'!$D$5,'Lap ED'!H26='Peta Risiko'!$H$9),'Lap ED'!A26,"") | L34: =IF(AND('Lap ED'!G26='Peta Risiko'!$D$5,'Lap ED'!H26='Peta Risiko'!$I$9),'Lap ED'!A26,"") | M34: =IF(AND('Lap ED'!G26='Peta Risiko'!$D$6,'Lap ED'!H26='Peta Risiko'!$E$9),'Lap ED'!A26,"") | N34: =IF(AND('Lap ED'!G26='Peta Risiko'!$D$6,'Lap ED'!H26='Peta Risiko'!$F$9),'Lap ED'!A26,"") | O34: =IF(AND('Lap ED'!G26='Peta Risiko'!$D$6,'Lap ED'!H26='Peta Risiko'!$G$9),'Lap ED'!A26,"") | P34: =IF(AND('Lap ED'!G26='Peta Risiko'!$D$6,'Lap ED'!H26='Peta Risiko'!$H$9),'Lap ED'!A26,"") | Q34: =IF(AND('Lap ED'!G26='Peta Risiko'!$D$6,'Lap ED'!H26='Peta Risiko'!$I$9),'Lap ED'!A26,"") | R34: =IF(AND('Lap ED'!G26='Peta Risiko'!$D$7,'Lap ED'!H26='Peta Risiko'!$E$9),'Lap ED'!A26,"") | S34: =IF(AND('Lap ED'!G26='Peta Risiko'!$D$7,'Lap ED'!H26='Peta Risiko'!$F$9),'Lap ED'!A26,"") | T34: =IF(AND('Lap ED'!G26='Peta Risiko'!$D$7,'Lap ED'!H26='Peta Risiko'!$G$9),'Lap ED'!A26,"") | U34: =IF(AND('Lap ED'!G26='Peta Risiko'!$D$7,'Lap ED'!H26='Peta Risiko'!$H$9),'Lap ED'!A26,"") | V34: =IF(AND('Lap ED'!G26='Peta Risiko'!$D$7,'Lap ED'!H26='Peta Risiko'!$I$9),'Lap ED'!A26,"") | W34: =IF(AND('Lap ED'!G26='Peta Risiko'!$D$8,'Lap ED'!H26='Peta Risiko'!$E$9),'Lap ED'!A26,"") -> 20 | X34: =IF(AND('Lap ED'!G26='Peta Risiko'!$D$8,'Lap ED'!H26='Peta Risiko'!$F$9),'Lap ED'!A26,"") | Y34: =IF(AND('Lap ED'!G26='Peta Risiko'!$D$8,'Lap ED'!H26='Peta Risiko'!$G$9),'Lap ED'!A26,"") | Z34: =IF(AND('Lap ED'!G26='Peta Risiko'!$D$8,'Lap ED'!H26='Peta Risiko'!$H$9),'Lap ED'!A26,"") | AA34: =IF(AND('Lap ED'!G26='Peta Risiko'!$D$8,'Lap ED'!H26='Peta Risiko'!$I$9),'Lap ED'!A26,"")
B35: 21 | C35: =IF(AND('Lap ED'!G27='Peta Risiko'!$D$4,'Lap ED'!H27='Peta Risiko'!$E$9),'Lap ED'!A27,"") | D35: =IF(AND('Lap ED'!G27='Peta Risiko'!$D$4,'Lap ED'!H27='Peta Risiko'!$F$9),'Lap ED'!A27,"") | E35: =IF(AND('Lap ED'!G27='Peta Risiko'!$D$4,'Lap ED'!H27='Peta Risiko'!$G$9),'Lap ED'!A27,"") | F35: =IF(AND('Lap ED'!G27='Peta Risiko'!$D$4,'Lap ED'!H27='Peta Risiko'!$H$9),'Lap ED'!A27,"") | G35: =IF(AND('Lap ED'!G27='Peta Risiko'!$D$4,'Lap ED'!H27='Peta Risiko'!$I$9),'Lap ED'!A27,"") | H35: =IF(AND('Lap ED'!G27='Peta Risiko'!$D$5,'Lap ED'!H27='Peta Risiko'!$E$9),'Lap ED'!A27,"") | I35: =IF(AND('Lap ED'!G27='Peta Risiko'!$D$5,'Lap ED'!H27='Peta Risiko'!$F$9),'Lap ED'!A27,"") | J35: =IF(AND('Lap ED'!G27='Peta Risiko'!$D$5,'Lap ED'!H27='Peta Risiko'!$G$9),'Lap ED'!A27,"") | K35: =IF(AND('Lap ED'!G27='Peta Risiko'!$D$5,'Lap ED'!H27='Peta Risiko'!$H$9),'Lap ED'!A27,"") | L35: =IF(AND('Lap ED'!G27='Peta Risiko'!$D$5,'Lap ED'!H27='Peta Risiko'!$I$9),'Lap ED'!A27,"") | M35: =IF(AND('Lap ED'!G27='Peta Risiko'!$D$6,'Lap ED'!H27='Peta Risiko'!$E$9),'Lap ED'!A27,"") | N35: =IF(AND('Lap ED'!G27='Peta Risiko'!$D$6,'Lap ED'!H27='Peta Risiko'!$F$9),'Lap ED'!A27,"") | O35: =IF(AND('Lap ED'!G27='Peta Risiko'!$D$6,'Lap ED'!H27='Peta Risiko'!$G$9),'Lap ED'!A27,"") | P35: =IF(AND('Lap ED'!G27='Peta Risiko'!$D$6,'Lap ED'!H27='Peta Risiko'!$H$9),'Lap ED'!A27,"") | Q35: =IF(AND('Lap ED'!G27='Peta Risiko'!$D$6,'Lap ED'!H27='Peta Risiko'!$I$9),'Lap ED'!A27,"") | R35: =IF(AND('Lap ED'!G27='Peta Risiko'!$D$7,'Lap ED'!H27='Peta Risiko'!$E$9),'Lap ED'!A27,"") | S35: =IF(AND('Lap ED'!G27='Peta Risiko'!$D$7,'Lap ED'!H27='Peta Risiko'!$F$9),'Lap ED'!A27,"") | T35: =IF(AND('Lap ED'!G27='Peta Risiko'!$D$7,'Lap ED'!H27='Peta Risiko'!$G$9),'Lap ED'!A27,"") | U35: =IF(AND('Lap ED'!G27='Peta Risiko'!$D$7,'Lap ED'!H27='Peta Risiko'!$H$9),'Lap ED'!A27,"") | V35: =IF(AND('Lap ED'!G27='Peta Risiko'!$D$7,'Lap ED'!H27='Peta Risiko'!$I$9),'Lap ED'!A27,"") | W35: =IF(AND('Lap ED'!G27='Peta Risiko'!$D$8,'Lap ED'!H27='Peta Risiko'!$E$9),'Lap ED'!A27,"") -> 21 | X35: =IF(AND('Lap ED'!G27='Peta Risiko'!$D$8,'Lap ED'!H27='Peta Risiko'!$F$9),'Lap ED'!A27,"") | Y35: =IF(AND('Lap ED'!G27='Peta Risiko'!$D$8,'Lap ED'!H27='Peta Risiko'!$G$9),'Lap ED'!A27,"") | Z35: =IF(AND('Lap ED'!G27='Peta Risiko'!$D$8,'Lap ED'!H27='Peta Risiko'!$H$9),'Lap ED'!A27,"") | AA35: =IF(AND('Lap ED'!G27='Peta Risiko'!$D$8,'Lap ED'!H27='Peta Risiko'!$I$9),'Lap ED'!A27,"")
B36: 22 | C36: =IF(AND('Lap ED'!G28='Peta Risiko'!$D$4,'Lap ED'!H28='Peta Risiko'!$E$9),'Lap ED'!A28,"") | D36: =IF(AND('Lap ED'!G28='Peta Risiko'!$D$4,'Lap ED'!H28='Peta Risiko'!$F$9),'Lap ED'!A28,"") | E36: =IF(AND('Lap ED'!G28='Peta Risiko'!$D$4,'Lap ED'!H28='Peta Risiko'!$G$9),'Lap ED'!A28,"") | F36: =IF(AND('Lap ED'!G28='Peta Risiko'!$D$4,'Lap ED'!H28='Peta Risiko'!$H$9),'Lap ED'!A28,"") | G36: =IF(AND('Lap ED'!G28='Peta Risiko'!$D$4,'Lap ED'!H28='Peta Risiko'!$I$9),'Lap ED'!A28,"") | H36: =IF(AND('Lap ED'!G28='Peta Risiko'!$D$5,'Lap ED'!H28='Peta Risiko'!$E$9),'Lap ED'!A28,"") | I36: =IF(AND('Lap ED'!G28='Peta Risiko'!$D$5,'Lap ED'!H28='Peta Risiko'!$F$9),'Lap ED'!A28,"") | J36: =IF(AND('Lap ED'!G28='Peta Risiko'!$D$5,'Lap ED'!H28='Peta Risiko'!$G$9),'Lap ED'!A28,"") | K36: =IF(AND('Lap ED'!G28='Peta Risiko'!$D$5,'Lap ED'!H28='Peta Risiko'!$H$9),'Lap ED'!A28,"") | L36: =IF(AND('Lap ED'!G28='Peta Risiko'!$D$5,'Lap ED'!H28='Peta Risiko'!$I$9),'Lap ED'!A28,"") | M36: =IF(AND('Lap ED'!G28='Peta Risiko'!$D$6,'Lap ED'!H28='Peta Risiko'!$E$9),'Lap ED'!A28,"") | N36: =IF(AND('Lap ED'!G28='Peta Risiko'!$D$6,'Lap ED'!H28='Peta Risiko'!$F$9),'Lap ED'!A28,"") | O36: =IF(AND('Lap ED'!G28='Peta Risiko'!$D$6,'Lap ED'!H28='Peta Risiko'!$G$9),'Lap ED'!A28,"") | P36: =IF(AND('Lap ED'!G28='Peta Risiko'!$D$6,'Lap ED'!H28='Peta Risiko'!$H$9),'Lap ED'!A28,"") | Q36: =IF(AND('Lap ED'!G28='Peta Risiko'!$D$6,'Lap ED'!H28='Peta Risiko'!$I$9),'Lap ED'!A28,"") | R36: =IF(AND('Lap ED'!G28='Peta Risiko'!$D$7,'Lap ED'!H28='Peta Risiko'!$E$9),'Lap ED'!A28,"") | S36: =IF(AND('Lap ED'!G28='Peta Risiko'!$D$7,'Lap ED'!H28='Peta Risiko'!$F$9),'Lap ED'!A28,"") | T36: =IF(AND('Lap ED'!G28='Peta Risiko'!$D$7,'Lap ED'!H28='Peta Risiko'!$G$9),'Lap ED'!A28,"") | U36: =IF(AND('Lap ED'!G28='Peta Risiko'!$D$7,'Lap ED'!H28='Peta Risiko'!$H$9),'Lap ED'!A28,"") | V36: =IF(AND('Lap ED'!G28='Peta Risiko'!$D$7,'Lap ED'!H28='Peta Risiko'!$I$9),'Lap ED'!A28,"") | W36: =IF(AND('Lap ED'!G28='Peta Risiko'!$D$8,'Lap ED'!H28='Peta Risiko'!$E$9),'Lap ED'!A28,"") -> 22 | X36: =IF(AND('Lap ED'!G28='Peta Risiko'!$D$8,'Lap ED'!H28='Peta Risiko'!$F$9),'Lap ED'!A28,"") | Y36: =IF(AND('Lap ED'!G28='Peta Risiko'!$D$8,'Lap ED'!H28='Peta Risiko'!$G$9),'Lap ED'!A28,"") | Z36: =IF(AND('Lap ED'!G28='Peta Risiko'!$D$8,'Lap ED'!H28='Peta Risiko'!$H$9),'Lap ED'!A28,"") | AA36: =IF(AND('Lap ED'!G28='Peta Risiko'!$D$8,'Lap ED'!H28='Peta Risiko'!$I$9),'Lap ED'!A28,"")
B37: 23 | C37: =IF(AND('Lap ED'!G29='Peta Risiko'!$D$4,'Lap ED'!H29='Peta Risiko'!$E$9),'Lap ED'!A29,"") | D37: =IF(AND('Lap ED'!G29='Peta Risiko'!$D$4,'Lap ED'!H29='Peta Risiko'!$F$9),'Lap ED'!A29,"") | E37: =IF(AND('Lap ED'!G29='Peta Risiko'!$D$4,'Lap ED'!H29='Peta Risiko'!$G$9),'Lap ED'!A29,"") | F37: =IF(AND('Lap ED'!G29='Peta Risiko'!$D$4,'Lap ED'!H29='Peta Risiko'!$H$9),'Lap ED'!A29,"") | G37: =IF(AND('Lap ED'!G29='Peta Risiko'!$D$4,'Lap ED'!H29='Peta Risiko'!$I$9),'Lap ED'!A29,"") | H37: =IF(AND('Lap ED'!G29='Peta Risiko'!$D$5,'Lap ED'!H29='Peta Risiko'!$E$9),'Lap ED'!A29,"") | I37: =IF(AND('Lap ED'!G29='Peta Risiko'!$D$5,'Lap ED'!H29='Peta Risiko'!$F$9),'Lap ED'!A29,"") | J37: =IF(AND('Lap ED'!G29='Peta Risiko'!$D$5,'Lap ED'!H29='Peta Risiko'!$G$9),'Lap ED'!A29,"") | K37: =IF(AND('Lap ED'!G29='Peta Risiko'!$D$5,'Lap ED'!H29='Peta Risiko'!$H$9),'Lap ED'!A29,"") | L37: =IF(AND('Lap ED'!G29='Peta Risiko'!$D$5,'Lap ED'!H29='Peta Risiko'!$I$9),'Lap ED'!A29,"") | M37: =IF(AND('Lap ED'!G29='Peta Risiko'!$D$6,'Lap ED'!H29='Peta Risiko'!$E$9),'Lap ED'!A29,"") -> 23 | N37: =IF(AND('Lap ED'!G29='Peta Risiko'!$D$6,'Lap ED'!H29='Peta Risiko'!$F$9),'Lap ED'!A29,"") | O37: =IF(AND('Lap ED'!G29='Peta Risiko'!$D$6,'Lap ED'!H29='Peta Risiko'!$G$9),'Lap ED'!A29,"") | P37: =IF(AND('Lap ED'!G29='Peta Risiko'!$D$6,'Lap ED'!H29='Peta Risiko'!$H$9),'Lap ED'!A29,"") | Q37: =IF(AND('Lap ED'!G29='Peta Risiko'!$D$6,'Lap ED'!H29='Peta Risiko'!$I$9),'Lap ED'!A29,"") | R37: =IF(AND('Lap ED'!G29='Peta Risiko'!$D$7,'Lap ED'!H29='Peta Risiko'!$E$9),'Lap ED'!A29,"") | S37: =IF(AND('Lap ED'!G29='Peta Risiko'!$D$7,'Lap ED'!H29='Peta Risiko'!$F$9),'Lap ED'!A29,"") | T37: =IF(AND('Lap ED'!G29='Peta Risiko'!$D$7,'Lap ED'!H29='Peta Risiko'!$G$9),'Lap ED'!A29,"") | U37: =IF(AND('Lap ED'!G29='Peta Risiko'!$D$7,'Lap ED'!H29='Peta Risiko'!$H$9),'Lap ED'!A29,"") | V37: =IF(AND('Lap ED'!G29='Peta Risiko'!$D$7,'Lap ED'!H29='Peta Risiko'!$I$9),'Lap ED'!A29,"") | W37: =IF(AND('Lap ED'!G29='Peta Risiko'!$D$8,'Lap ED'!H29='Peta Risiko'!$E$9),'Lap ED'!A29,"") | X37: =IF(AND('Lap ED'!G29='Peta Risiko'!$D$8,'Lap ED'!H29='Peta Risiko'!$F$9),'Lap ED'!A29,"") | Y37: =IF(AND('Lap ED'!G29='Peta Risiko'!$D$8,'Lap ED'!H29='Peta Risiko'!$G$9),'Lap ED'!A29,"") | Z37: =IF(AND('Lap ED'!G29='Peta Risiko'!$D$8,'Lap ED'!H29='Peta Risiko'!$H$9),'Lap ED'!A29,"") | AA37: =IF(AND('Lap ED'!G29='Peta Risiko'!$D$8,'Lap ED'!H29='Peta Risiko'!$I$9),'Lap ED'!A29,"")
B38: 24 | C38: =IF(AND('Lap ED'!G31='Peta Risiko'!$D$4,'Lap ED'!H31='Peta Risiko'!$E$9),'Lap ED'!A31,"") | D38: =IF(AND('Lap ED'!G31='Peta Risiko'!$D$4,'Lap ED'!H31='Peta Risiko'!$F$9),'Lap ED'!A31,"") | E38: =IF(AND('Lap ED'!G31='Peta Risiko'!$D$4,'Lap ED'!H31='Peta Risiko'!$G$9),'Lap ED'!A31,"") | F38: =IF(AND('Lap ED'!G31='Peta Risiko'!$D$4,'Lap ED'!H31='Peta Risiko'!$H$9),'Lap ED'!A31,"") | G38: =IF(AND('Lap ED'!G31='Peta Risiko'!$D$4,'Lap ED'!H31='Peta Risiko'!$I$9),'Lap ED'!A31,"") | H38: =IF(AND('Lap ED'!G31='Peta Risiko'!$D$5,'Lap ED'!H31='Peta Risiko'!$E$9),'Lap ED'!A31,"") | I38: =IF(AND('Lap ED'!G31='Peta Risiko'!$D$5,'Lap ED'!H31='Peta Risiko'!$F$9),'Lap ED'!A31,"") | J38: =IF(AND('Lap ED'!G31='Peta Risiko'!$D$5,'Lap ED'!H31='Peta Risiko'!$G$9),'Lap ED'!A31,"") | K38: =IF(AND('Lap ED'!G31='Peta Risiko'!$D$5,'Lap ED'!H31='Peta Risiko'!$H$9),'Lap ED'!A31,"") | L38: =IF(AND('Lap ED'!G31='Peta Risiko'!$D$5,'Lap ED'!H31='Peta Risiko'!$I$9),'Lap ED'!A31,"") | M38: =IF(AND('Lap ED'!G31='Peta Risiko'!$D$6,'Lap ED'!H31='Peta Risiko'!$E$9),'Lap ED'!A31,"") -> 24 | N38: =IF(AND('Lap ED'!G31='Peta Risiko'!$D$6,'Lap ED'!H31='Peta Risiko'!$F$9),'Lap ED'!A31,"") | O38: =IF(AND('Lap ED'!G31='Peta Risiko'!$D$6,'Lap ED'!H31='Peta Risiko'!$G$9),'Lap ED'!A31,"") | P38: =IF(AND('Lap ED'!G31='Peta Risiko'!$D$6,'Lap ED'!H31='Peta Risiko'!$H$9),'Lap ED'!A31,"") | Q38: =IF(AND('Lap ED'!G31='Peta Risiko'!$D$6,'Lap ED'!H31='Peta Risiko'!$I$9),'Lap ED'!A31,"") | R38: =IF(AND('Lap ED'!G31='Peta Risiko'!$D$7,'Lap ED'!H31='Peta Risiko'!$E$9),'Lap ED'!A31,"") | S38: =IF(AND('Lap ED'!G31='Peta Risiko'!$D$7,'Lap ED'!H31='Peta Risiko'!$F$9),'Lap ED'!A31,"") | T38: =IF(AND('Lap ED'!G31='Peta Risiko'!$D$7,'Lap ED'!H31='Peta Risiko'!$G$9),'Lap ED'!A31,"") | U38: =IF(AND('Lap ED'!G31='Peta Risiko'!$D$7,'Lap ED'!H31='Peta Risiko'!$H$9),'Lap ED'!A31,"") | V38: =IF(AND('Lap ED'!G31='Peta Risiko'!$D$7,'Lap ED'!H31='Peta Risiko'!$I$9),'Lap ED'!A31,"") | W38: =IF(AND('Lap ED'!G31='Peta Risiko'!$D$8,'Lap ED'!H31='Peta Risiko'!$E$9),'Lap ED'!A31,"") | X38: =IF(AND('Lap ED'!G31='Peta Risiko'!$D$8,'Lap ED'!H31='Peta Risiko'!$F$9),'Lap ED'!A31,"") | Y38: =IF(AND('Lap ED'!G31='Peta Risiko'!$D$8,'Lap ED'!H31='Peta Risiko'!$G$9),'Lap ED'!A31,"") | Z38: =IF(AND('Lap ED'!G31='Peta Risiko'!$D$8,'Lap ED'!H31='Peta Risiko'!$H$9),'Lap ED'!A31,"") | AA38: =IF(AND('Lap ED'!G31='Peta Risiko'!$D$8,'Lap ED'!H31='Peta Risiko'!$I$9),'Lap ED'!A31,"")
B39: 25 | C39: =IF(AND('Lap ED'!G32='Peta Risiko'!$D$4,'Lap ED'!H32='Peta Risiko'!$E$9),'Lap ED'!A32,"") | D39: =IF(AND('Lap ED'!G32='Peta Risiko'!$D$4,'Lap ED'!H32='Peta Risiko'!$F$9),'Lap ED'!A32,"") | E39: =IF(AND('Lap ED'!G32='Peta Risiko'!$D$4,'Lap ED'!H32='Peta Risiko'!$G$9),'Lap ED'!A32,"") | F39: =IF(AND('Lap ED'!G32='Peta Risiko'!$D$4,'Lap ED'!H32='Peta Risiko'!$H$9),'Lap ED'!A32,"") | G39: =IF(AND('Lap ED'!G32='Peta Risiko'!$D$4,'Lap ED'!H32='Peta Risiko'!$I$9),'Lap ED'!A32,"") | H39: =IF(AND('Lap ED'!G32='Peta Risiko'!$D$5,'Lap ED'!H32='Peta Risiko'!$E$9),'Lap ED'!A32,"") | I39: =IF(AND('Lap ED'!G32='Peta Risiko'!$D$5,'Lap ED'!H32='Peta Risiko'!$F$9),'Lap ED'!A32,"") | J39: =IF(AND('Lap ED'!G32='Peta Risiko'!$D$5,'Lap ED'!H32='Peta Risiko'!$G$9),'Lap ED'!A32,"") | K39: =IF(AND('Lap ED'!G32='Peta Risiko'!$D$5,'Lap ED'!H32='Peta Risiko'!$H$9),'Lap ED'!A32,"") | L39: =IF(AND('Lap ED'!G32='Peta Risiko'!$D$5,'Lap ED'!H32='Peta Risiko'!$I$9),'Lap ED'!A32,"") | M39: =IF(AND('Lap ED'!G32='Peta Risiko'!$D$6,'Lap ED'!H32='Peta Risiko'!$E$9),'Lap ED'!A32,"") -> 25 | N39: =IF(AND('Lap ED'!G32='Peta Risiko'!$D$6,'Lap ED'!H32='Peta Risiko'!$F$9),'Lap ED'!A32,"") | O39: =IF(AND('Lap ED'!G32='Peta Risiko'!$D$6,'Lap ED'!H32='Peta Risiko'!$G$9),'Lap ED'!A32,"") | P39: =IF(AND('Lap ED'!G32='Peta Risiko'!$D$6,'Lap ED'!H32='Peta Risiko'!$H$9),'Lap ED'!A32,"") | Q39: =IF(AND('Lap ED'!G32='Peta Risiko'!$D$6,'Lap ED'!H32='Peta Risiko'!$I$9),'Lap ED'!A32,"") | R39: =IF(AND('Lap ED'!G32='Peta Risiko'!$D$7,'Lap ED'!H32='Peta Risiko'!$E$9),'Lap ED'!A32,"") | S39: =IF(AND('Lap ED'!G32='Peta Risiko'!$D$7,'Lap ED'!H32='Peta Risiko'!$F$9),'Lap ED'!A32,"") | T39: =IF(AND('Lap ED'!G32='Peta Risiko'!$D$7,'Lap ED'!H32='Peta Risiko'!$G$9),'Lap ED'!A32,"") | U39: =IF(AND('Lap ED'!G32='Peta Risiko'!$D$7,'Lap ED'!H32='Peta Risiko'!$H$9),'Lap ED'!A32,"") | V39: =IF(AND('Lap ED'!G32='Peta Risiko'!$D$7,'Lap ED'!H32='Peta Risiko'!$I$9),'Lap ED'!A32,"") | W39: =IF(AND('Lap ED'!G32='Peta Risiko'!$D$8,'Lap ED'!H32='Peta Risiko'!$E$9),'Lap ED'!A32,"") | X39: =IF(AND('Lap ED'!G32='Peta Risiko'!$D$8,'Lap ED'!H32='Peta Risiko'!$F$9),'Lap ED'!A32,"") | Y39: =IF(AND('Lap ED'!G32='Peta Risiko'!$D$8,'Lap ED'!H32='Peta Risiko'!$G$9),'Lap ED'!A32,"") | Z39: =IF(AND('Lap ED'!G32='Peta Risiko'!$D$8,'Lap ED'!H32='Peta Risiko'!$H$9),'Lap ED'!A32,"") | AA39: =IF(AND('Lap ED'!G32='Peta Risiko'!$D$8,'Lap ED'!H32='Peta Risiko'!$I$9),'Lap ED'!A32,"")
B40: 26 | C40: =IF(AND('Lap ED'!G33='Peta Risiko'!$D$4,'Lap ED'!H33='Peta Risiko'!$E$9),'Lap ED'!A33,"") | D40: =IF(AND('Lap ED'!G33='Peta Risiko'!$D$4,'Lap ED'!H33='Peta Risiko'!$F$9),'Lap ED'!A33,"") | E40: =IF(AND('Lap ED'!G33='Peta Risiko'!$D$4,'Lap ED'!H33='Peta Risiko'!$G$9),'Lap ED'!A33,"") | F40: =IF(AND('Lap ED'!G33='Peta Risiko'!$D$4,'Lap ED'!H33='Peta Risiko'!$H$9),'Lap ED'!A33,"") | G40: =IF(AND('Lap ED'!G33='Peta Risiko'!$D$4,'Lap ED'!H33='Peta Risiko'!$I$9),'Lap ED'!A33,"") | H40: =IF(AND('Lap ED'!G33='Peta Risiko'!$D$5,'Lap ED'!H33='Peta Risiko'!$E$9),'Lap ED'!A33,"") | I40: =IF(AND('Lap ED'!G33='Peta Risiko'!$D$5,'Lap ED'!H33='Peta Risiko'!$F$9),'Lap ED'!A33,"") | J40: =IF(AND('Lap ED'!G33='Peta Risiko'!$D$5,'Lap ED'!H33='Peta Risiko'!$G$9),'Lap ED'!A33,"") | K40: =IF(AND('Lap ED'!G33='Peta Risiko'!$D$5,'Lap ED'!H33='Peta Risiko'!$H$9),'Lap ED'!A33,"") | L40: =IF(AND('Lap ED'!G33='Peta Risiko'!$D$5,'Lap ED'!H33='Peta Risiko'!$I$9),'Lap ED'!A33,"") | M40: =IF(AND('Lap ED'!G33='Peta Risiko'!$D$6,'Lap ED'!H33='Peta Risiko'!$E$9),'Lap ED'!A33,"") -> 26 | N40: =IF(AND('Lap ED'!G33='Peta Risiko'!$D$6,'Lap ED'!H33='Peta Risiko'!$F$9),'Lap ED'!A33,"") | O40: =IF(AND('Lap ED'!G33='Peta Risiko'!$D$6,'Lap ED'!H33='Peta Risiko'!$G$9),'Lap ED'!A33,"") | P40: =IF(AND('Lap ED'!G33='Peta Risiko'!$D$6,'Lap ED'!H33='Peta Risiko'!$H$9),'Lap ED'!A33,"") | Q40: =IF(AND('Lap ED'!G33='Peta Risiko'!$D$6,'Lap ED'!H33='Peta Risiko'!$I$9),'Lap ED'!A33,"") | R40: =IF(AND('Lap ED'!G33='Peta Risiko'!$D$7,'Lap ED'!H33='Peta Risiko'!$E$9),'Lap ED'!A33,"") | S40: =IF(AND('Lap ED'!G33='Peta Risiko'!$D$7,'Lap ED'!H33='Peta Risiko'!$F$9),'Lap ED'!A33,"") | T40: =IF(AND('Lap ED'!G33='Peta Risiko'!$D$7,'Lap ED'!H33='Peta Risiko'!$G$9),'Lap ED'!A33,"") | U40: =IF(AND('Lap ED'!G33='Peta Risiko'!$D$7,'Lap ED'!H33='Peta Risiko'!$H$9),'Lap ED'!A33,"") | V40: =IF(AND('Lap ED'!G33='Peta Risiko'!$D$7,'Lap ED'!H33='Peta Risiko'!$I$9),'Lap ED'!A33,"") | W40: =IF(AND('Lap ED'!G33='Peta Risiko'!$D$8,'Lap ED'!H33='Peta Risiko'!$E$9),'Lap ED'!A33,"") | X40: =IF(AND('Lap ED'!G33='Peta Risiko'!$D$8,'Lap ED'!H33='Peta Risiko'!$F$9),'Lap ED'!A33,"") | Y40: =IF(AND('Lap ED'!G33='Peta Risiko'!$D$8,'Lap ED'!H33='Peta Risiko'!$G$9),'Lap ED'!A33,"") | Z40: =IF(AND('Lap ED'!G33='Peta Risiko'!$D$8,'Lap ED'!H33='Peta Risiko'!$H$9),'Lap ED'!A33,"") | AA40: =IF(AND('Lap ED'!G33='Peta Risiko'!$D$8,'Lap ED'!H33='Peta Risiko'!$I$9),'Lap ED'!A33,"")
B41: 27 | C41: =IF(AND('Lap ED'!G34='Peta Risiko'!$D$4,'Lap ED'!H34='Peta Risiko'!$E$9),'Lap ED'!A34,"") | D41: =IF(AND('Lap ED'!G34='Peta Risiko'!$D$4,'Lap ED'!H34='Peta Risiko'!$F$9),'Lap ED'!A34,"") | E41: =IF(AND('Lap ED'!G34='Peta Risiko'!$D$4,'Lap ED'!H34='Peta Risiko'!$G$9),'Lap ED'!A34,"") | F41: =IF(AND('Lap ED'!G34='Peta Risiko'!$D$4,'Lap ED'!H34='Peta Risiko'!$H$9),'Lap ED'!A34,"") | G41: =IF(AND('Lap ED'!G34='Peta Risiko'!$D$4,'Lap ED'!H34='Peta Risiko'!$I$9),'Lap ED'!A34,"") | H41: =IF(AND('Lap ED'!G34='Peta Risiko'!$D$5,'Lap ED'!H34='Peta Risiko'!$E$9),'Lap ED'!A34,"") | I41: =IF(AND('Lap ED'!G34='Peta Risiko'!$D$5,'Lap ED'!H34='Peta Risiko'!$F$9),'Lap ED'!A34,"") | J41: =IF(AND('Lap ED'!G34='Peta Risiko'!$D$5,'Lap ED'!H34='Peta Risiko'!$G$9),'Lap ED'!A34,"") | K41: =IF(AND('Lap ED'!G34='Peta Risiko'!$D$5,'Lap ED'!H34='Peta Risiko'!$H$9),'Lap ED'!A34,"") | L41: =IF(AND('Lap ED'!G34='Peta Risiko'!$D$5,'Lap ED'!H34='Peta Risiko'!$I$9),'Lap ED'!A34,"") | M41: =IF(AND('Lap ED'!G34='Peta Risiko'!$D$6,'Lap ED'!H34='Peta Risiko'!$E$9),'Lap ED'!A34,"") -> 27 | N41: =IF(AND('Lap ED'!G34='Peta Risiko'!$D$6,'Lap ED'!H34='Peta Risiko'!$F$9),'Lap ED'!A34,"") | O41: =IF(AND('Lap ED'!G34='Peta Risiko'!$D$6,'Lap ED'!H34='Peta Risiko'!$G$9),'Lap ED'!A34,"") | P41: =IF(AND('Lap ED'!G34='Peta Risiko'!$D$6,'Lap ED'!H34='Peta Risiko'!$H$9),'Lap ED'!A34,"") | Q41: =IF(AND('Lap ED'!G34='Peta Risiko'!$D$6,'Lap ED'!H34='Peta Risiko'!$I$9),'Lap ED'!A34,"") | R41: =IF(AND('Lap ED'!G34='Peta Risiko'!$D$7,'Lap ED'!H34='Peta Risiko'!$E$9),'Lap ED'!A34,"") | S41: =IF(AND('Lap ED'!G34='Peta Risiko'!$D$7,'Lap ED'!H34='Peta Risiko'!$F$9),'Lap ED'!A34,"") | T41: =IF(AND('Lap ED'!G34='Peta Risiko'!$D$7,'Lap ED'!H34='Peta Risiko'!$G$9),'Lap ED'!A34,"") | U41: =IF(AND('Lap ED'!G34='Peta Risiko'!$D$7,'Lap ED'!H34='Peta Risiko'!$H$9),'Lap ED'!A34,"") | V41: =IF(AND('Lap ED'!G34='Peta Risiko'!$D$7,'Lap ED'!H34='Peta Risiko'!$I$9),'Lap ED'!A34,"") | W41: =IF(AND('Lap ED'!G34='Peta Risiko'!$D$8,'Lap ED'!H34='Peta Risiko'!$E$9),'Lap ED'!A34,"") | X41: =IF(AND('Lap ED'!G34='Peta Risiko'!$D$8,'Lap ED'!H34='Peta Risiko'!$F$9),'Lap ED'!A34,"") | Y41: =IF(AND('Lap ED'!G34='Peta Risiko'!$D$8,'Lap ED'!H34='Peta Risiko'!$G$9),'Lap ED'!A34,"") | Z41: =IF(AND('Lap ED'!G34='Peta Risiko'!$D$8,'Lap ED'!H34='Peta Risiko'!$H$9),'Lap ED'!A34,"") | AA41: =IF(AND('Lap ED'!G34='Peta Risiko'!$D$8,'Lap ED'!H34='Peta Risiko'!$I$9),'Lap ED'!A34,"")
B42: 28 | C42: =IF(AND('Lap ED'!G35='Peta Risiko'!$D$4,'Lap ED'!H35='Peta Risiko'!$E$9),'Lap ED'!A35,"") | D42: =IF(AND('Lap ED'!G35='Peta Risiko'!$D$4,'Lap ED'!H35='Peta Risiko'!$F$9),'Lap ED'!A35,"") | E42: =IF(AND('Lap ED'!G35='Peta Risiko'!$D$4,'Lap ED'!H35='Peta Risiko'!$G$9),'Lap ED'!A35,"") | F42: =IF(AND('Lap ED'!G35='Peta Risiko'!$D$4,'Lap ED'!H35='Peta Risiko'!$H$9),'Lap ED'!A35,"") | G42: =IF(AND('Lap ED'!G35='Peta Risiko'!$D$4,'Lap ED'!H35='Peta Risiko'!$I$9),'Lap ED'!A35,"") | H42: =IF(AND('Lap ED'!G35='Peta Risiko'!$D$5,'Lap ED'!H35='Peta Risiko'!$E$9),'Lap ED'!A35,"") | I42: =IF(AND('Lap ED'!G35='Peta Risiko'!$D$5,'Lap ED'!H35='Peta Risiko'!$F$9),'Lap ED'!A35,"") | J42: =IF(AND('Lap ED'!G35='Peta Risiko'!$D$5,'Lap ED'!H35='Peta Risiko'!$G$9),'Lap ED'!A35,"") | K42: =IF(AND('Lap ED'!G35='Peta Risiko'!$D$5,'Lap ED'!H35='Peta Risiko'!$H$9),'Lap ED'!A35,"") | L42: =IF(AND('Lap ED'!G35='Peta Risiko'!$D$5,'Lap ED'!H35='Peta Risiko'!$I$9),'Lap ED'!A35,"") | M42: =IF(AND('Lap ED'!G35='Peta Risiko'!$D$6,'Lap ED'!H35='Peta Risiko'!$E$9),'Lap ED'!A35,"") -> 28 | N42: =IF(AND('Lap ED'!G35='Peta Risiko'!$D$6,'Lap ED'!H35='Peta Risiko'!$F$9),'Lap ED'!A35,"") | O42: =IF(AND('Lap ED'!G35='Peta Risiko'!$D$6,'Lap ED'!H35='Peta Risiko'!$G$9),'Lap ED'!A35,"") | P42: =IF(AND('Lap ED'!G35='Peta Risiko'!$D$6,'Lap ED'!H35='Peta Risiko'!$H$9),'Lap ED'!A35,"") | Q42: =IF(AND('Lap ED'!G35='Peta Risiko'!$D$6,'Lap ED'!H35='Peta Risiko'!$I$9),'Lap ED'!A35,"") | R42: =IF(AND('Lap ED'!G35='Peta Risiko'!$D$7,'Lap ED'!H35='Peta Risiko'!$E$9),'Lap ED'!A35,"") | S42: =IF(AND('Lap ED'!G35='Peta Risiko'!$D$7,'Lap ED'!H35='Peta Risiko'!$F$9),'Lap ED'!A35,"") | T42: =IF(AND('Lap ED'!G35='Peta Risiko'!$D$7,'Lap ED'!H35='Peta Risiko'!$G$9),'Lap ED'!A35,"") | U42: =IF(AND('Lap ED'!G35='Peta Risiko'!$D$7,'Lap ED'!H35='Peta Risiko'!$H$9),'Lap ED'!A35,"") | V42: =IF(AND('Lap ED'!G35='Peta Risiko'!$D$7,'Lap ED'!H35='Peta Risiko'!$I$9),'Lap ED'!A35,"") | W42: =IF(AND('Lap ED'!G35='Peta Risiko'!$D$8,'Lap ED'!H35='Peta Risiko'!$E$9),'Lap ED'!A35,"") | X42: =IF(AND('Lap ED'!G35='Peta Risiko'!$D$8,'Lap ED'!H35='Peta Risiko'!$F$9),'Lap ED'!A35,"") | Y42: =IF(AND('Lap ED'!G35='Peta Risiko'!$D$8,'Lap ED'!H35='Peta Risiko'!$G$9),'Lap ED'!A35,"") | Z42: =IF(AND('Lap ED'!G35='Peta Risiko'!$D$8,'Lap ED'!H35='Peta Risiko'!$H$9),'Lap ED'!A35,"") | AA42: =IF(AND('Lap ED'!G35='Peta Risiko'!$D$8,'Lap ED'!H35='Peta Risiko'!$I$9),'Lap ED'!A35,"")
B43: 29 | C43: =IF(AND('Lap ED'!G37='Peta Risiko'!$D$4,'Lap ED'!H37='Peta Risiko'!$E$9),'Lap ED'!A37,"") | D43: =IF(AND('Lap ED'!G37='Peta Risiko'!$D$4,'Lap ED'!H37='Peta Risiko'!$F$9),'Lap ED'!A37,"") | E43: =IF(AND('Lap ED'!G37='Peta Risiko'!$D$4,'Lap ED'!H37='Peta Risiko'!$G$9),'Lap ED'!A37,"") | F43: =IF(AND('Lap ED'!G37='Peta Risiko'!$D$4,'Lap ED'!H37='Peta Risiko'!$H$9),'Lap ED'!A37,"") | G43: =IF(AND('Lap ED'!G37='Peta Risiko'!$D$4,'Lap ED'!H37='Peta Risiko'!$I$9),'Lap ED'!A37,"") | H43: =IF(AND('Lap ED'!G37='Peta Risiko'!$D$5,'Lap ED'!H37='Peta Risiko'!$E$9),'Lap ED'!A37,"") | I43: =IF(AND('Lap ED'!G37='Peta Risiko'!$D$5,'Lap ED'!H37='Peta Risiko'!$F$9),'Lap ED'!A37,"") | J43: =IF(AND('Lap ED'!G37='Peta Risiko'!$D$5,'Lap ED'!H37='Peta Risiko'!$G$9),'Lap ED'!A37,"") | K43: =IF(AND('Lap ED'!G37='Peta Risiko'!$D$5,'Lap ED'!H37='Peta Risiko'!$H$9),'Lap ED'!A37,"") | L43: =IF(AND('Lap ED'!G37='Peta Risiko'!$D$5,'Lap ED'!H37='Peta Risiko'!$I$9),'Lap ED'!A37,"") | M43: =IF(AND('Lap ED'!G37='Peta Risiko'!$D$6,'Lap ED'!H37='Peta Risiko'!$E$9),'Lap ED'!A37,"") -> 29 | N43: =IF(AND('Lap ED'!G37='Peta Risiko'!$D$6,'Lap ED'!H37='Peta Risiko'!$F$9),'Lap ED'!A37,"") | O43: =IF(AND('Lap ED'!G37='Peta Risiko'!$D$6,'Lap ED'!H37='Peta Risiko'!$G$9),'Lap ED'!A37,"") | P43: =IF(AND('Lap ED'!G37='Peta Risiko'!$D$6,'Lap ED'!H37='Peta Risiko'!$H$9),'Lap ED'!A37,"") | Q43: =IF(AND('Lap ED'!G37='Peta Risiko'!$D$6,'Lap ED'!H37='Peta Risiko'!$I$9),'Lap ED'!A37,"") | R43: =IF(AND('Lap ED'!G37='Peta Risiko'!$D$7,'Lap ED'!H37='Peta Risiko'!$E$9),'Lap ED'!A37,"") | S43: =IF(AND('Lap ED'!G37='Peta Risiko'!$D$7,'Lap ED'!H37='Peta Risiko'!$F$9),'Lap ED'!A37,"") | T43: =IF(AND('Lap ED'!G37='Peta Risiko'!$D$7,'Lap ED'!H37='Peta Risiko'!$G$9),'Lap ED'!A37,"") | U43: =IF(AND('Lap ED'!G37='Peta Risiko'!$D$7,'Lap ED'!H37='Peta Risiko'!$H$9),'Lap ED'!A37,"") | V43: =IF(AND('Lap ED'!G37='Peta Risiko'!$D$7,'Lap ED'!H37='Peta Risiko'!$I$9),'Lap ED'!A37,"") | W43: =IF(AND('Lap ED'!G37='Peta Risiko'!$D$8,'Lap ED'!H37='Peta Risiko'!$E$9),'Lap ED'!A37,"") | X43: =IF(AND('Lap ED'!G37='Peta Risiko'!$D$8,'Lap ED'!H37='Peta Risiko'!$F$9),'Lap ED'!A37,"") | Y43: =IF(AND('Lap ED'!G37='Peta Risiko'!$D$8,'Lap ED'!H37='Peta Risiko'!$G$9),'Lap ED'!A37,"") | Z43: =IF(AND('Lap ED'!G37='Peta Risiko'!$D$8,'Lap ED'!H37='Peta Risiko'!$H$9),'Lap ED'!A37,"") | AA43: =IF(AND('Lap ED'!G37='Peta Risiko'!$D$8,'Lap ED'!H37='Peta Risiko'!$I$9),'Lap ED'!A37,"")
B44: 30 | C44: =IF(AND('Lap ED'!G38='Peta Risiko'!$D$4,'Lap ED'!H38='Peta Risiko'!$E$9),'Lap ED'!A38,"") | D44: =IF(AND('Lap ED'!G38='Peta Risiko'!$D$4,'Lap ED'!H38='Peta Risiko'!$F$9),'Lap ED'!A38,"") | E44: =IF(AND('Lap ED'!G38='Peta Risiko'!$D$4,'Lap ED'!H38='Peta Risiko'!$G$9),'Lap ED'!A38,"") | F44: =IF(AND('Lap ED'!G38='Peta Risiko'!$D$4,'Lap ED'!H38='Peta Risiko'!$H$9),'Lap ED'!A38,"") | G44: =IF(AND('Lap ED'!G38='Peta Risiko'!$D$4,'Lap ED'!H38='Peta Risiko'!$I$9),'Lap ED'!A38,"") | H44: =IF(AND('Lap ED'!G38='Peta Risiko'!$D$5,'Lap ED'!H38='Peta Risiko'!$E$9),'Lap ED'!A38,"") | I44: =IF(AND('Lap ED'!G38='Peta Risiko'!$D$5,'Lap ED'!H38='Peta Risiko'!$F$9),'Lap ED'!A38,"") | J44: =IF(AND('Lap ED'!G38='Peta Risiko'!$D$5,'Lap ED'!H38='Peta Risiko'!$G$9),'Lap ED'!A38,"") | K44: =IF(AND('Lap ED'!G38='Peta Risiko'!$D$5,'Lap ED'!H38='Peta Risiko'!$H$9),'Lap ED'!A38,"") | L44: =IF(AND('Lap ED'!G38='Peta Risiko'!$D$5,'Lap ED'!H38='Peta Risiko'!$I$9),'Lap ED'!A38,"") | M44: =IF(AND('Lap ED'!G38='Peta Risiko'!$D$6,'Lap ED'!H38='Peta Risiko'!$E$9),'Lap ED'!A38,"") -> 30 | N44: =IF(AND('Lap ED'!G38='Peta Risiko'!$D$6,'Lap ED'!H38='Peta Risiko'!$F$9),'Lap ED'!A38,"") | O44: =IF(AND('Lap ED'!G38='Peta Risiko'!$D$6,'Lap ED'!H38='Peta Risiko'!$G$9),'Lap ED'!A38,"") | P44: =IF(AND('Lap ED'!G38='Peta Risiko'!$D$6,'Lap ED'!H38='Peta Risiko'!$H$9),'Lap ED'!A38,"") | Q44: =IF(AND('Lap ED'!G38='Peta Risiko'!$D$6,'Lap ED'!H38='Peta Risiko'!$I$9),'Lap ED'!A38,"") | R44: =IF(AND('Lap ED'!G38='Peta Risiko'!$D$7,'Lap ED'!H38='Peta Risiko'!$E$9),'Lap ED'!A38,"") | S44: =IF(AND('Lap ED'!G38='Peta Risiko'!$D$7,'Lap ED'!H38='Peta Risiko'!$F$9),'Lap ED'!A38,"") | T44: =IF(AND('Lap ED'!G38='Peta Risiko'!$D$7,'Lap ED'!H38='Peta Risiko'!$G$9),'Lap ED'!A38,"") | U44: =IF(AND('Lap ED'!G38='Peta Risiko'!$D$7,'Lap ED'!H38='Peta Risiko'!$H$9),'Lap ED'!A38,"") | V44: =IF(AND('Lap ED'!G38='Peta Risiko'!$D$7,'Lap ED'!H38='Peta Risiko'!$I$9),'Lap ED'!A38,"") | W44: =IF(AND('Lap ED'!G38='Peta Risiko'!$D$8,'Lap ED'!H38='Peta Risiko'!$E$9),'Lap ED'!A38,"") | X44: =IF(AND('Lap ED'!G38='Peta Risiko'!$D$8,'Lap ED'!H38='Peta Risiko'!$F$9),'Lap ED'!A38,"") | Y44: =IF(AND('Lap ED'!G38='Peta Risiko'!$D$8,'Lap ED'!H38='Peta Risiko'!$G$9),'Lap ED'!A38,"") | Z44: =IF(AND('Lap ED'!G38='Peta Risiko'!$D$8,'Lap ED'!H38='Peta Risiko'!$H$9),'Lap ED'!A38,"") | AA44: =IF(AND('Lap ED'!G38='Peta Risiko'!$D$8,'Lap ED'!H38='Peta Risiko'!$I$9),'Lap ED'!A38,"")
B45: 31 | C45: =IF(AND('Lap ED'!G39='Peta Risiko'!$D$4,'Lap ED'!H39='Peta Risiko'!$E$9),'Lap ED'!A39,"") | D45: =IF(AND('Lap ED'!G39='Peta Risiko'!$D$4,'Lap ED'!H39='Peta Risiko'!$F$9),'Lap ED'!A39,"") | E45: =IF(AND('Lap ED'!G39='Peta Risiko'!$D$4,'Lap ED'!H39='Peta Risiko'!$G$9),'Lap ED'!A39,"") | F45: =IF(AND('Lap ED'!G39='Peta Risiko'!$D$4,'Lap ED'!H39='Peta Risiko'!$H$9),'Lap ED'!A39,"") | G45: =IF(AND('Lap ED'!G39='Peta Risiko'!$D$4,'Lap ED'!H39='Peta Risiko'!$I$9),'Lap ED'!A39,"") | H45: =IF(AND('Lap ED'!G39='Peta Risiko'!$D$5,'Lap ED'!H39='Peta Risiko'!$E$9),'Lap ED'!A39,"") | I45: =IF(AND('Lap ED'!G39='Peta Risiko'!$D$5,'Lap ED'!H39='Peta Risiko'!$F$9),'Lap ED'!A39,"") | J45: =IF(AND('Lap ED'!G39='Peta Risiko'!$D$5,'Lap ED'!H39='Peta Risiko'!$G$9),'Lap ED'!A39,"") | K45: =IF(AND('Lap ED'!G39='Peta Risiko'!$D$5,'Lap ED'!H39='Peta Risiko'!$H$9),'Lap ED'!A39,"") | L45: =IF(AND('Lap ED'!G39='Peta Risiko'!$D$5,'Lap ED'!H39='Peta Risiko'!$I$9),'Lap ED'!A39,"") | M45: =IF(AND('Lap ED'!G39='Peta Risiko'!$D$6,'Lap ED'!H39='Peta Risiko'!$E$9),'Lap ED'!A39,"") -> 31 | N45: =IF(AND('Lap ED'!G39='Peta Risiko'!$D$6,'Lap ED'!H39='Peta Risiko'!$F$9),'Lap ED'!A39,"") | O45: =IF(AND('Lap ED'!G39='Peta Risiko'!$D$6,'Lap ED'!H39='Peta Risiko'!$G$9),'Lap ED'!A39,"") | P45: =IF(AND('Lap ED'!G39='Peta Risiko'!$D$6,'Lap ED'!H39='Peta Risiko'!$H$9),'Lap ED'!A39,"") | Q45: =IF(AND('Lap ED'!G39='Peta Risiko'!$D$6,'Lap ED'!H39='Peta Risiko'!$I$9),'Lap ED'!A39,"") | R45: =IF(AND('Lap ED'!G39='Peta Risiko'!$D$7,'Lap ED'!H39='Peta Risiko'!$E$9),'Lap ED'!A39,"") | S45: =IF(AND('Lap ED'!G39='Peta Risiko'!$D$7,'Lap ED'!H39='Peta Risiko'!$F$9),'Lap ED'!A39,"") | T45: =IF(AND('Lap ED'!G39='Peta Risiko'!$D$7,'Lap ED'!H39='Peta Risiko'!$G$9),'Lap ED'!A39,"") | U45: =IF(AND('Lap ED'!G39='Peta Risiko'!$D$7,'Lap ED'!H39='Peta Risiko'!$H$9),'Lap ED'!A39,"") | V45: =IF(AND('Lap ED'!G39='Peta Risiko'!$D$7,'Lap ED'!H39='Peta Risiko'!$I$9),'Lap ED'!A39,"") | W45: =IF(AND('Lap ED'!G39='Peta Risiko'!$D$8,'Lap ED'!H39='Peta Risiko'!$E$9),'Lap ED'!A39,"") | X45: =IF(AND('Lap ED'!G39='Peta Risiko'!$D$8,'Lap ED'!H39='Peta Risiko'!$F$9),'Lap ED'!A39,"") | Y45: =IF(AND('Lap ED'!G39='Peta Risiko'!$D$8,'Lap ED'!H39='Peta Risiko'!$G$9),'Lap ED'!A39,"") | Z45: =IF(AND('Lap ED'!G39='Peta Risiko'!$D$8,'Lap ED'!H39='Peta Risiko'!$H$9),'Lap ED'!A39,"") | AA45: =IF(AND('Lap ED'!G39='Peta Risiko'!$D$8,'Lap ED'!H39='Peta Risiko'!$I$9),'Lap ED'!A39,"")
B46: 32 | C46: =IF(AND('Lap ED'!G40='Peta Risiko'!$D$4,'Lap ED'!H40='Peta Risiko'!$E$9),'Lap ED'!A40,"") | D46: =IF(AND('Lap ED'!G40='Peta Risiko'!$D$4,'Lap ED'!H40='Peta Risiko'!$F$9),'Lap ED'!A40,"") | E46: =IF(AND('Lap ED'!G40='Peta Risiko'!$D$4,'Lap ED'!H40='Peta Risiko'!$G$9),'Lap ED'!A40,"") | F46: =IF(AND('Lap ED'!G40='Peta Risiko'!$D$4,'Lap ED'!H40='Peta Risiko'!$H$9),'Lap ED'!A40,"") | G46: =IF(AND('Lap ED'!G40='Peta Risiko'!$D$4,'Lap ED'!H40='Peta Risiko'!$I$9),'Lap ED'!A40,"") | H46: =IF(AND('Lap ED'!G40='Peta Risiko'!$D$5,'Lap ED'!H40='Peta Risiko'!$E$9),'Lap ED'!A40,"") | I46: =IF(AND('Lap ED'!G40='Peta Risiko'!$D$5,'Lap ED'!H40='Peta Risiko'!$F$9),'Lap ED'!A40,"") | J46: =IF(AND('Lap ED'!G40='Peta Risiko'!$D$5,'Lap ED'!H40='Peta Risiko'!$G$9),'Lap ED'!A40,"") | K46: =IF(AND('Lap ED'!G40='Peta Risiko'!$D$5,'Lap ED'!H40='Peta Risiko'!$H$9),'Lap ED'!A40,"") | L46: =IF(AND('Lap ED'!G40='Peta Risiko'!$D$5,'Lap ED'!H40='Peta Risiko'!$I$9),'Lap ED'!A40,"") | M46: =IF(AND('Lap ED'!G40='Peta Risiko'!$D$6,'Lap ED'!H40='Peta Risiko'!$E$9),'Lap ED'!A40,"") -> 32 | N46: =IF(AND('Lap ED'!G40='Peta Risiko'!$D$6,'Lap ED'!H40='Peta Risiko'!$F$9),'Lap ED'!A40,"") | O46: =IF(AND('Lap ED'!G40='Peta Risiko'!$D$6,'Lap ED'!H40='Peta Risiko'!$G$9),'Lap ED'!A40,"") | P46: =IF(AND('Lap ED'!G40='Peta Risiko'!$D$6,'Lap ED'!H40='Peta Risiko'!$H$9),'Lap ED'!A40,"") | Q46: =IF(AND('Lap ED'!G40='Peta Risiko'!$D$6,'Lap ED'!H40='Peta Risiko'!$I$9),'Lap ED'!A40,"") | R46: =IF(AND('Lap ED'!G40='Peta Risiko'!$D$7,'Lap ED'!H40='Peta Risiko'!$E$9),'Lap ED'!A40,"") | S46: =IF(AND('Lap ED'!G40='Peta Risiko'!$D$7,'Lap ED'!H40='Peta Risiko'!$F$9),'Lap ED'!A40,"") | T46: =IF(AND('Lap ED'!G40='Peta Risiko'!$D$7,'Lap ED'!H40='Peta Risiko'!$G$9),'Lap ED'!A40,"") | U46: =IF(AND('Lap ED'!G40='Peta Risiko'!$D$7,'Lap ED'!H40='Peta Risiko'!$H$9),'Lap ED'!A40,"") | V46: =IF(AND('Lap ED'!G40='Peta Risiko'!$D$7,'Lap ED'!H40='Peta Risiko'!$I$9),'Lap ED'!A40,"") | W46: =IF(AND('Lap ED'!G40='Peta Risiko'!$D$8,'Lap ED'!H40='Peta Risiko'!$E$9),'Lap ED'!A40,"") | X46: =IF(AND('Lap ED'!G40='Peta Risiko'!$D$8,'Lap ED'!H40='Peta Risiko'!$F$9),'Lap ED'!A40,"") | Y46: =IF(AND('Lap ED'!G40='Peta Risiko'!$D$8,'Lap ED'!H40='Peta Risiko'!$G$9),'Lap ED'!A40,"") | Z46: =IF(AND('Lap ED'!G40='Peta Risiko'!$D$8,'Lap ED'!H40='Peta Risiko'!$H$9),'Lap ED'!A40,"") | AA46: =IF(AND('Lap ED'!G40='Peta Risiko'!$D$8,'Lap ED'!H40='Peta Risiko'!$I$9),'Lap ED'!A40,"")
B47: 33 | C47: =IF(AND('Lap ED'!G41='Peta Risiko'!$D$4,'Lap ED'!H41='Peta Risiko'!$E$9),'Lap ED'!A41,"") | D47: =IF(AND('Lap ED'!G41='Peta Risiko'!$D$4,'Lap ED'!H41='Peta Risiko'!$F$9),'Lap ED'!A41,"") | E47: =IF(AND('Lap ED'!G41='Peta Risiko'!$D$4,'Lap ED'!H41='Peta Risiko'!$G$9),'Lap ED'!A41,"") | F47: =IF(AND('Lap ED'!G41='Peta Risiko'!$D$4,'Lap ED'!H41='Peta Risiko'!$H$9),'Lap ED'!A41,"") | G47: =IF(AND('Lap ED'!G41='Peta Risiko'!$D$4,'Lap ED'!H41='Peta Risiko'!$I$9),'Lap ED'!A41,"") | H47: =IF(AND('Lap ED'!G41='Peta Risiko'!$D$5,'Lap ED'!H41='Peta Risiko'!$E$9),'Lap ED'!A41,"") | I47: =IF(AND('Lap ED'!G41='Peta Risiko'!$D$5,'Lap ED'!H41='Peta Risiko'!$F$9),'Lap ED'!A41,"") | J47: =IF(AND('Lap ED'!G41='Peta Risiko'!$D$5,'Lap ED'!H41='Peta Risiko'!$G$9),'Lap ED'!A41,"") | K47: =IF(AND('Lap ED'!G41='Peta Risiko'!$D$5,'Lap ED'!H41='Peta Risiko'!$H$9),'Lap ED'!A41,"") | L47: =IF(AND('Lap ED'!G41='Peta Risiko'!$D$5,'Lap ED'!H41='Peta Risiko'!$I$9),'Lap ED'!A41,"") | M47: =IF(AND('Lap ED'!G41='Peta Risiko'!$D$6,'Lap ED'!H41='Peta Risiko'!$E$9),'Lap ED'!A41,"") -> 33 | N47: =IF(AND('Lap ED'!G41='Peta Risiko'!$D$6,'Lap ED'!H41='Peta Risiko'!$F$9),'Lap ED'!A41,"") | O47: =IF(AND('Lap ED'!G41='Peta Risiko'!$D$6,'Lap ED'!H41='Peta Risiko'!$G$9),'Lap ED'!A41,"") | P47: =IF(AND('Lap ED'!G41='Peta Risiko'!$D$6,'Lap ED'!H41='Peta Risiko'!$H$9),'Lap ED'!A41,"") | Q47: =IF(AND('Lap ED'!G41='Peta Risiko'!$D$6,'Lap ED'!H41='Peta Risiko'!$I$9),'Lap ED'!A41,"") | R47: =IF(AND('Lap ED'!G41='Peta Risiko'!$D$7,'Lap ED'!H41='Peta Risiko'!$E$9),'Lap ED'!A41,"") | S47: =IF(AND('Lap ED'!G41='Peta Risiko'!$D$7,'Lap ED'!H41='Peta Risiko'!$F$9),'Lap ED'!A41,"") | T47: =IF(AND('Lap ED'!G41='Peta Risiko'!$D$7,'Lap ED'!H41='Peta Risiko'!$G$9),'Lap ED'!A41,"") | U47: =IF(AND('Lap ED'!G41='Peta Risiko'!$D$7,'Lap ED'!H41='Peta Risiko'!$H$9),'Lap ED'!A41,"") | V47: =IF(AND('Lap ED'!G41='Peta Risiko'!$D$7,'Lap ED'!H41='Peta Risiko'!$I$9),'Lap ED'!A41,"") | W47: =IF(AND('Lap ED'!G41='Peta Risiko'!$D$8,'Lap ED'!H41='Peta Risiko'!$E$9),'Lap ED'!A41,"") | X47: =IF(AND('Lap ED'!G41='Peta Risiko'!$D$8,'Lap ED'!H41='Peta Risiko'!$F$9),'Lap ED'!A41,"") | Y47: =IF(AND('Lap ED'!G41='Peta Risiko'!$D$8,'Lap ED'!H41='Peta Risiko'!$G$9),'Lap ED'!A41,"") | Z47: =IF(AND('Lap ED'!G41='Peta Risiko'!$D$8,'Lap ED'!H41='Peta Risiko'!$H$9),'Lap ED'!A41,"") | AA47: =IF(AND('Lap ED'!G41='Peta Risiko'!$D$8,'Lap ED'!H41='Peta Risiko'!$I$9),'Lap ED'!A41,"")
B48: 34 | C48: =IF(AND('Lap ED'!G42='Peta Risiko'!$D$4,'Lap ED'!H42='Peta Risiko'!$E$9),'Lap ED'!A42,"") | D48: =IF(AND('Lap ED'!G42='Peta Risiko'!$D$4,'Lap ED'!H42='Peta Risiko'!$F$9),'Lap ED'!A42,"") | E48: =IF(AND('Lap ED'!G42='Peta Risiko'!$D$4,'Lap ED'!H42='Peta Risiko'!$G$9),'Lap ED'!A42,"") | F48: =IF(AND('Lap ED'!G42='Peta Risiko'!$D$4,'Lap ED'!H42='Peta Risiko'!$H$9),'Lap ED'!A42,"") | G48: =IF(AND('Lap ED'!G42='Peta Risiko'!$D$4,'Lap ED'!H42='Peta Risiko'!$I$9),'Lap ED'!A42,"") | H48: =IF(AND('Lap ED'!G42='Peta Risiko'!$D$5,'Lap ED'!H42='Peta Risiko'!$E$9),'Lap ED'!A42,"") | I48: =IF(AND('Lap ED'!G42='Peta Risiko'!$D$5,'Lap ED'!H42='Peta Risiko'!$F$9),'Lap ED'!A42,"") | J48: =IF(AND('Lap ED'!G42='Peta Risiko'!$D$5,'Lap ED'!H42='Peta Risiko'!$G$9),'Lap ED'!A42,"") | K48: =IF(AND('Lap ED'!G42='Peta Risiko'!$D$5,'Lap ED'!H42='Peta Risiko'!$H$9),'Lap ED'!A42,"") | L48: =IF(AND('Lap ED'!G42='Peta Risiko'!$D$5,'Lap ED'!H42='Peta Risiko'!$I$9),'Lap ED'!A42,"") | M48: =IF(AND('Lap ED'!G42='Peta Risiko'!$D$6,'Lap ED'!H42='Peta Risiko'!$E$9),'Lap ED'!A42,"") -> 34 | N48: =IF(AND('Lap ED'!G42='Peta Risiko'!$D$6,'Lap ED'!H42='Peta Risiko'!$F$9),'Lap ED'!A42,"") | O48: =IF(AND('Lap ED'!G42='Peta Risiko'!$D$6,'Lap ED'!H42='Peta Risiko'!$G$9),'Lap ED'!A42,"") | P48: =IF(AND('Lap ED'!G42='Peta Risiko'!$D$6,'Lap ED'!H42='Peta Risiko'!$H$9),'Lap ED'!A42,"") | Q48: =IF(AND('Lap ED'!G42='Peta Risiko'!$D$6,'Lap ED'!H42='Peta Risiko'!$I$9),'Lap ED'!A42,"") | R48: =IF(AND('Lap ED'!G42='Peta Risiko'!$D$7,'Lap ED'!H42='Peta Risiko'!$E$9),'Lap ED'!A42,"") | S48: =IF(AND('Lap ED'!G42='Peta Risiko'!$D$7,'Lap ED'!H42='Peta Risiko'!$F$9),'Lap ED'!A42,"") | T48: =IF(AND('Lap ED'!G42='Peta Risiko'!$D$7,'Lap ED'!H42='Peta Risiko'!$G$9),'Lap ED'!A42,"") | U48: =IF(AND('Lap ED'!G42='Peta Risiko'!$D$7,'Lap ED'!H42='Peta Risiko'!$H$9),'Lap ED'!A42,"") | V48: =IF(AND('Lap ED'!G42='Peta Risiko'!$D$7,'Lap ED'!H42='Peta Risiko'!$I$9),'Lap ED'!A42,"") | W48: =IF(AND('Lap ED'!G42='Peta Risiko'!$D$8,'Lap ED'!H42='Peta Risiko'!$E$9),'Lap ED'!A42,"") | X48: =IF(AND('Lap ED'!G42='Peta Risiko'!$D$8,'Lap ED'!H42='Peta Risiko'!$F$9),'Lap ED'!A42,"") | Y48: =IF(AND('Lap ED'!G42='Peta Risiko'!$D$8,'Lap ED'!H42='Peta Risiko'!$G$9),'Lap ED'!A42,"") | Z48: =IF(AND('Lap ED'!G42='Peta Risiko'!$D$8,'Lap ED'!H42='Peta Risiko'!$H$9),'Lap ED'!A42,"") | AA48: =IF(AND('Lap ED'!G42='Peta Risiko'!$D$8,'Lap ED'!H42='Peta Risiko'!$I$9),'Lap ED'!A42,"")
B49: 35 | C49: =IF(AND('Lap ED'!G43='Peta Risiko'!$D$4,'Lap ED'!H43='Peta Risiko'!$E$9),'Lap ED'!A43,"") | D49: =IF(AND('Lap ED'!G43='Peta Risiko'!$D$4,'Lap ED'!H43='Peta Risiko'!$F$9),'Lap ED'!A43,"") | E49: =IF(AND('Lap ED'!G43='Peta Risiko'!$D$4,'Lap ED'!H43='Peta Risiko'!$G$9),'Lap ED'!A43,"") | F49: =IF(AND('Lap ED'!G43='Peta Risiko'!$D$4,'Lap ED'!H43='Peta Risiko'!$H$9),'Lap ED'!A43,"") | G49: =IF(AND('Lap ED'!G43='Peta Risiko'!$D$4,'Lap ED'!H43='Peta Risiko'!$I$9),'Lap ED'!A43,"") | H49: =IF(AND('Lap ED'!G43='Peta Risiko'!$D$5,'Lap ED'!H43='Peta Risiko'!$E$9),'Lap ED'!A43,"") | I49: =IF(AND('Lap ED'!G43='Peta Risiko'!$D$5,'Lap ED'!H43='Peta Risiko'!$F$9),'Lap ED'!A43,"") | J49: =IF(AND('Lap ED'!G43='Peta Risiko'!$D$5,'Lap ED'!H43='Peta Risiko'!$G$9),'Lap ED'!A43,"") | K49: =IF(AND('Lap ED'!G43='Peta Risiko'!$D$5,'Lap ED'!H43='Peta Risiko'!$H$9),'Lap ED'!A43,"") | L49: =IF(AND('Lap ED'!G43='Peta Risiko'!$D$5,'Lap ED'!H43='Peta Risiko'!$I$9),'Lap ED'!A43,"") | M49: =IF(AND('Lap ED'!G43='Peta Risiko'!$D$6,'Lap ED'!H43='Peta Risiko'!$E$9),'Lap ED'!A43,"") -> 35 | N49: =IF(AND('Lap ED'!G43='Peta Risiko'!$D$6,'Lap ED'!H43='Peta Risiko'!$F$9),'Lap ED'!A43,"") | O49: =IF(AND('Lap ED'!G43='Peta Risiko'!$D$6,'Lap ED'!H43='Peta Risiko'!$G$9),'Lap ED'!A43,"") | P49: =IF(AND('Lap ED'!G43='Peta Risiko'!$D$6,'Lap ED'!H43='Peta Risiko'!$H$9),'Lap ED'!A43,"") | Q49: =IF(AND('Lap ED'!G43='Peta Risiko'!$D$6,'Lap ED'!H43='Peta Risiko'!$I$9),'Lap ED'!A43,"") | R49: =IF(AND('Lap ED'!G43='Peta Risiko'!$D$7,'Lap ED'!H43='Peta Risiko'!$E$9),'Lap ED'!A43,"") | S49: =IF(AND('Lap ED'!G43='Peta Risiko'!$D$7,'Lap ED'!H43='Peta Risiko'!$F$9),'Lap ED'!A43,"") | T49: =IF(AND('Lap ED'!G43='Peta Risiko'!$D$7,'Lap ED'!H43='Peta Risiko'!$G$9),'Lap ED'!A43,"") | U49: =IF(AND('Lap ED'!G43='Peta Risiko'!$D$7,'Lap ED'!H43='Peta Risiko'!$H$9),'Lap ED'!A43,"") | V49: =IF(AND('Lap ED'!G43='Peta Risiko'!$D$7,'Lap ED'!H43='Peta Risiko'!$I$9),'Lap ED'!A43,"") | W49: =IF(AND('Lap ED'!G43='Peta Risiko'!$D$8,'Lap ED'!H43='Peta Risiko'!$E$9),'Lap ED'!A43,"") | X49: =IF(AND('Lap ED'!G43='Peta Risiko'!$D$8,'Lap ED'!H43='Peta Risiko'!$F$9),'Lap ED'!A43,"") | Y49: =IF(AND('Lap ED'!G43='Peta Risiko'!$D$8,'Lap ED'!H43='Peta Risiko'!$G$9),'Lap ED'!A43,"") | Z49: =IF(AND('Lap ED'!G43='Peta Risiko'!$D$8,'Lap ED'!H43='Peta Risiko'!$H$9),'Lap ED'!A43,"") | AA49: =IF(AND('Lap ED'!G43='Peta Risiko'!$D$8,'Lap ED'!H43='Peta Risiko'!$I$9),'Lap ED'!A43,"")
